"File Name","Object Type","Title","Item Sequence","Parent ARK","Item ARK","Bucketeer State","IIIF Access URL","IIIF Manifest URL"
"Masters/othermasters/DEPhoy/images/segundas/ihc_hoy_19650810_segunda_001.tif","Page","Page 1","1","ark:/21198/z1p02bs9","ark:/21198/z1p02bs9/noMiKirwy","succeeded","https://iiif.library.ucla.edu/iiif/2/ark%3A%2F21198%2Fz1p02bs9%2FnoMiKirwy",""
"Masters/othermasters/DEPhoy/images/segundas/ihc_hoy_19650810_segunda_002.tif","Page","Page 2","2","ark:/21198/z1p02bs9","ark:/21198/z1p02bs9/oCEJI4z4o","succeeded","https://iiif.library.ucla.edu/iiif/2/ark%3A%2F21198%2Fz1p02bs9%2FoCEJI4z4o",""
"Masters/othermasters/DEPhoy/images/segundas/ihc_hoy_19650810_segunda_003.tif","Page","Page 3","3","ark:/21198/z1p02bs9","ark:/21198/z1p02bs9/hrxX5FV93","succeeded","https://iiif.library.ucla.edu/iiif/2/ark%3A%2F21198%2Fz1p02bs9%2FhrxX5FV93",""
"Masters/othermasters/DEPhoy/images/segundas/ihc_hoy_19650810_segunda_004.tif","Page","Page 4","4","ark:/21198/z1p02bs9","ark:/21198/z1p02bs9/9rYRF8hjc","succeeded","https://iiif.library.ucla.edu/iiif/2/ark%3A%2F21198%2Fz1p02bs9%2F9rYRF8hjc",""
"Masters/othermasters/DEPhoy/images/segundas/ihc_hoy_19650810_segunda_005.tif","Page","Page 5","5","ark:/21198/z1p02bs9","ark:/21198/z1p02bs9/pht92pWCT","succeeded","https://iiif.library.ucla.edu/iiif/2/ark%3A%2F21198%2Fz1p02bs9%2Fpht92pWCT",""
"Masters/othermasters/DEPhoy/images/segundas/ihc_hoy_19650810_segunda_006.tif","Page","Page 6","6","ark:/21198/z1p02bs9","ark:/21198/z1p02bs9/kOXqQod22","succeeded","https://iiif.library.ucla.edu/iiif/2/ark%3A%2F21198%2Fz1p02bs9%2FkOXqQod22",""
"Masters/othermasters/DEPhoy/images/segundas/ihc_hoy_19650810_segunda_007.tif","Page","Page 7","7","ark:/21198/z1p02bs9","ark:/21198/z1p02bs9/tDadPrsQd","succeeded","https://iiif.library.ucla.edu/iiif/2/ark%3A%2F21198%2Fz1p02bs9%2FtDadPrsQd",""
"Masters/othermasters/DEPhoy/images/segundas/ihc_hoy_19650810_segunda_008.tif","Page","Page 8","8","ark:/21198/z1p02bs9","ark:/21198/z1p02bs9/XExWfx3wO","succeeded","https://iiif.library.ucla.edu/iiif/2/ark%3A%2F21198%2Fz1p02bs9%2FXExWfx3wO",""
"Masters/othermasters/DEPhoy/images/segundas/ihc_hoy_19650811_segunda_001.tif","Page","Page 1","1","ark:/21198/z1dg0vb8","ark:/21198/z1dg0vb8/r6gSppDNw","succeeded","https://iiif.library.ucla.edu/iiif/2/ark%3A%2F21198%2Fz1dg0vb8%2Fr6gSppDNw",""
"Masters/othermasters/DEPhoy/images/segundas/ihc_hoy_19650811_segunda_002.tif","Page","Page 2","2","ark:/21198/z1dg0vb8","ark:/21198/z1dg0vb8/K5NFb2Gli","succeeded","https://iiif.library.ucla.edu/iiif/2/ark%3A%2F21198%2Fz1dg0vb8%2FK5NFb2Gli",""
"Masters/othermasters/DEPhoy/images/segundas/ihc_hoy_19650811_segunda_003.tif","Page","Page 3","3","ark:/21198/z1dg0vb8","ark:/21198/z1dg0vb8/HELuPgLyR","succeeded","https://iiif.library.ucla.edu/iiif/2/ark%3A%2F21198%2Fz1dg0vb8%2FHELuPgLyR",""
"Masters/othermasters/DEPhoy/images/segundas/ihc_hoy_19650811_segunda_004.tif","Page","Page 4","4","ark:/21198/z1dg0vb8","ark:/21198/z1dg0vb8/fQbBnP1G3","succeeded","https://iiif.library.ucla.edu/iiif/2/ark%3A%2F21198%2Fz1dg0vb8%2FfQbBnP1G3",""
"Masters/othermasters/DEPhoy/images/segundas/ihc_hoy_19650811_segunda_005.tif","Page","Page 5","5","ark:/21198/z1dg0vb8","ark:/21198/z1dg0vb8/SyskGbvab","succeeded","https://iiif.library.ucla.edu/iiif/2/ark%3A%2F21198%2Fz1dg0vb8%2FSyskGbvab",""
"Masters/othermasters/DEPhoy/images/segundas/ihc_hoy_19650811_segunda_006.tif","Page","Page 6","6","ark:/21198/z1dg0vb8","ark:/21198/z1dg0vb8/RzdJRAl1N","succeeded","https://iiif.library.ucla.edu/iiif/2/ark%3A%2F21198%2Fz1dg0vb8%2FRzdJRAl1N",""
"Masters/othermasters/DEPhoy/images/segundas/ihc_hoy_19650811_segunda_007.tif","Page","Page 7","7","ark:/21198/z1dg0vb8","ark:/21198/z1dg0vb8/dHEWRYrup","succeeded","https://iiif.library.ucla.edu/iiif/2/ark%3A%2F21198%2Fz1dg0vb8%2FdHEWRYrup",""
"Masters/othermasters/DEPhoy/images/segundas/ihc_hoy_19650811_segunda_008.tif","Page","Page 8","8","ark:/21198/z1dg0vb8","ark:/21198/z1dg0vb8/nUfe61Wv3","succeeded","https://iiif.library.ucla.edu/iiif/2/ark%3A%2F21198%2Fz1dg0vb8%2FnUfe61Wv3",""
"Masters/othermasters/DEPhoy/images/segundas/ihc_hoy_19650812_segunda_001.tif","Page","Page 1","1","ark:/21198/z15182ck","ark:/21198/z15182ck/nwyQqghwZ","succeeded","https://iiif.library.ucla.edu/iiif/2/ark%3A%2F21198%2Fz15182ck%2FnwyQqghwZ",""
"Masters/othermasters/DEPhoy/images/segundas/ihc_hoy_19650812_segunda_002.tif","Page","Page 2","2","ark:/21198/z15182ck","ark:/21198/z15182ck/25bqQ174o","succeeded","https://iiif.library.ucla.edu/iiif/2/ark%3A%2F21198%2Fz15182ck%2F25bqQ174o",""
"Masters/othermasters/DEPhoy/images/segundas/ihc_hoy_19650812_segunda_003.tif","Page","Page 3","3","ark:/21198/z15182ck","ark:/21198/z15182ck/xF9yUoLbE","succeeded","https://iiif.library.ucla.edu/iiif/2/ark%3A%2F21198%2Fz15182ck%2FxF9yUoLbE",""
"Masters/othermasters/DEPhoy/images/segundas/ihc_hoy_19650812_segunda_004.tif","Page","Page 4","4","ark:/21198/z15182ck","ark:/21198/z15182ck/lkHoMOZpx","succeeded","https://iiif.library.ucla.edu/iiif/2/ark%3A%2F21198%2Fz15182ck%2FlkHoMOZpx",""
"Masters/othermasters/DEPhoy/images/segundas/ihc_hoy_19650812_segunda_005.tif","Page","Page 5","5","ark:/21198/z15182ck","ark:/21198/z15182ck/mPcXEZyde","succeeded","https://iiif.library.ucla.edu/iiif/2/ark%3A%2F21198%2Fz15182ck%2FmPcXEZyde",""
"Masters/othermasters/DEPhoy/images/segundas/ihc_hoy_19650812_segunda_006.tif","Page","Page 6","6","ark:/21198/z15182ck","ark:/21198/z15182ck/RBngBzfWW","succeeded","https://iiif.library.ucla.edu/iiif/2/ark%3A%2F21198%2Fz15182ck%2FRBngBzfWW",""
"Masters/othermasters/DEPhoy/images/segundas/ihc_hoy_19650812_segunda_007.tif","Page","Page 7","7","ark:/21198/z15182ck","ark:/21198/z15182ck/jU6U136zD","succeeded","https://iiif.library.ucla.edu/iiif/2/ark%3A%2F21198%2Fz15182ck%2FjU6U136zD",""
"Masters/othermasters/DEPhoy/images/segundas/ihc_hoy_19650812_segunda_008.tif","Page","Page 8","8","ark:/21198/z15182ck","ark:/21198/z15182ck/Vc2jKyJf8","succeeded","https://iiif.library.ucla.edu/iiif/2/ark%3A%2F21198%2Fz15182ck%2FVc2jKyJf8",""
"Masters/othermasters/DEPhoy/images/segundas/ihc_hoy_19650813_segunda_001.tif","Page","Page 1","1","ark:/21198/z1wh6t5k","ark:/21198/z1wh6t5k/fT2xwKKFm","succeeded","https://iiif.library.ucla.edu/iiif/2/ark%3A%2F21198%2Fz1wh6t5k%2FfT2xwKKFm",""
"Masters/othermasters/DEPhoy/images/segundas/ihc_hoy_19650813_segunda_002.tif","Page","Page 2","2","ark:/21198/z1wh6t5k","ark:/21198/z1wh6t5k/SEyO1U1GR","succeeded","https://iiif.library.ucla.edu/iiif/2/ark%3A%2F21198%2Fz1wh6t5k%2FSEyO1U1GR",""
"Masters/othermasters/DEPhoy/images/segundas/ihc_hoy_19650813_segunda_003.tif","Page","Page 3","3","ark:/21198/z1wh6t5k","ark:/21198/z1wh6t5k/hnJ4khTwX","succeeded","https://iiif.library.ucla.edu/iiif/2/ark%3A%2F21198%2Fz1wh6t5k%2FhnJ4khTwX",""
"Masters/othermasters/DEPhoy/images/segundas/ihc_hoy_19650813_segunda_004.tif","Page","Page 4","4","ark:/21198/z1wh6t5k","ark:/21198/z1wh6t5k/m3QzAk9Qo","succeeded","https://iiif.library.ucla.edu/iiif/2/ark%3A%2F21198%2Fz1wh6t5k%2Fm3QzAk9Qo",""
"Masters/othermasters/DEPhoy/images/segundas/ihc_hoy_19650813_segunda_005.tif","Page","Page 5","5","ark:/21198/z1wh6t5k","ark:/21198/z1wh6t5k/OgzAtrkNx","succeeded","https://iiif.library.ucla.edu/iiif/2/ark%3A%2F21198%2Fz1wh6t5k%2FOgzAtrkNx",""
"Masters/othermasters/DEPhoy/images/segundas/ihc_hoy_19650813_segunda_006.tif","Page","Page 6","6","ark:/21198/z1wh6t5k","ark:/21198/z1wh6t5k/UAZouGJvS","succeeded","https://iiif.library.ucla.edu/iiif/2/ark%3A%2F21198%2Fz1wh6t5k%2FUAZouGJvS",""
"Masters/othermasters/DEPhoy/images/segundas/ihc_hoy_19650813_segunda_007.tif","Page","Page 7","7","ark:/21198/z1wh6t5k","ark:/21198/z1wh6t5k/TUHnVo5mj","succeeded","https://iiif.library.ucla.edu/iiif/2/ark%3A%2F21198%2Fz1wh6t5k%2FTUHnVo5mj",""
"Masters/othermasters/DEPhoy/images/segundas/ihc_hoy_19650813_segunda_008.tif","Page","Page 8","8","ark:/21198/z1wh6t5k","ark:/21198/z1wh6t5k/teLhoJlmv","succeeded","https://iiif.library.ucla.edu/iiif/2/ark%3A%2F21198%2Fz1wh6t5k%2FteLhoJlmv",""
"Masters/othermasters/DEPhoy/images/segundas/ihc_hoy_19650814_segunda_001.tif","Page","Page 1","1","ark:/21198/z1n059pc","ark:/21198/z1n059pc/9xzjx1KKu","succeeded","https://iiif.library.ucla.edu/iiif/2/ark%3A%2F21198%2Fz1n059pc%2F9xzjx1KKu",""
"Masters/othermasters/DEPhoy/images/segundas/ihc_hoy_19650814_segunda_002.tif","Page","Page 2","2","ark:/21198/z1n059pc","ark:/21198/z1n059pc/CsKegKAPP","succeeded","https://iiif.library.ucla.edu/iiif/2/ark%3A%2F21198%2Fz1n059pc%2FCsKegKAPP",""
"Masters/othermasters/DEPhoy/images/segundas/ihc_hoy_19650814_segunda_003.tif","Page","Page 3","3","ark:/21198/z1n059pc","ark:/21198/z1n059pc/SFGGXgA7C","succeeded","https://iiif.library.ucla.edu/iiif/2/ark%3A%2F21198%2Fz1n059pc%2FSFGGXgA7C",""
"Masters/othermasters/DEPhoy/images/segundas/ihc_hoy_19650814_segunda_004.tif","Page","Page 4","4","ark:/21198/z1n059pc","ark:/21198/z1n059pc/aZhwmKh9Z","succeeded","https://iiif.library.ucla.edu/iiif/2/ark%3A%2F21198%2Fz1n059pc%2FaZhwmKh9Z",""
"Masters/othermasters/DEPhoy/images/segundas/ihc_hoy_19650814_segunda_005.tif","Page","Page 5","5","ark:/21198/z1n059pc","ark:/21198/z1n059pc/DfW8qs3Nm","succeeded","https://iiif.library.ucla.edu/iiif/2/ark%3A%2F21198%2Fz1n059pc%2FDfW8qs3Nm",""
"Masters/othermasters/DEPhoy/images/segundas/ihc_hoy_19650814_segunda_006.tif","Page","Page 6","6","ark:/21198/z1n059pc","ark:/21198/z1n059pc/l1p8Z0zNC","succeeded","https://iiif.library.ucla.edu/iiif/2/ark%3A%2F21198%2Fz1n059pc%2Fl1p8Z0zNC",""
"Masters/othermasters/DEPhoy/images/segundas/ihc_hoy_19650814_segunda_007.tif","Page","Page 7","7","ark:/21198/z1n059pc","ark:/21198/z1n059pc/0RE89agjH","succeeded","https://iiif.library.ucla.edu/iiif/2/ark%3A%2F21198%2Fz1n059pc%2F0RE89agjH",""
"Masters/othermasters/DEPhoy/images/segundas/ihc_hoy_19650814_segunda_008.tif","Page","Page 8","8","ark:/21198/z1n059pc","ark:/21198/z1n059pc/ehGfYBAWT","succeeded","https://iiif.library.ucla.edu/iiif/2/ark%3A%2F21198%2Fz1n059pc%2FehGfYBAWT",""
"Masters/othermasters/DEPhoy/images/segundas/ihc_hoy_19650817_segunda_001.tif","Page","Page 1","1","ark:/21198/z17t1rxx","ark:/21198/z17t1rxx/nWZ3gNFmD","succeeded","https://iiif.library.ucla.edu/iiif/2/ark%3A%2F21198%2Fz17t1rxx%2FnWZ3gNFmD",""
"Masters/othermasters/DEPhoy/images/segundas/ihc_hoy_19650817_segunda_002.tif","Page","Page 2","2","ark:/21198/z17t1rxx","ark:/21198/z17t1rxx/GKCHFFxkf","succeeded","https://iiif.library.ucla.edu/iiif/2/ark%3A%2F21198%2Fz17t1rxx%2FGKCHFFxkf",""
"Masters/othermasters/DEPhoy/images/segundas/ihc_hoy_19650817_segunda_003.tif","Page","Page 3","3","ark:/21198/z17t1rxx","ark:/21198/z17t1rxx/c3FxibAfF","succeeded","https://iiif.library.ucla.edu/iiif/2/ark%3A%2F21198%2Fz17t1rxx%2Fc3FxibAfF",""
"Masters/othermasters/DEPhoy/images/segundas/ihc_hoy_19650817_segunda_004.tif","Page","Page 4","4","ark:/21198/z17t1rxx","ark:/21198/z17t1rxx/vcvDXvScP","succeeded","https://iiif.library.ucla.edu/iiif/2/ark%3A%2F21198%2Fz17t1rxx%2FvcvDXvScP",""
"Masters/othermasters/DEPhoy/images/segundas/ihc_hoy_19650817_segunda_005.tif","Page","Page 5","5","ark:/21198/z17t1rxx","ark:/21198/z17t1rxx/4csnp5zXA","succeeded","https://iiif.library.ucla.edu/iiif/2/ark%3A%2F21198%2Fz17t1rxx%2F4csnp5zXA",""
"Masters/othermasters/DEPhoy/images/segundas/ihc_hoy_19650817_segunda_006.tif","Page","Page 6","6","ark:/21198/z17t1rxx","ark:/21198/z17t1rxx/pzB3ECgyC","succeeded","https://iiif.library.ucla.edu/iiif/2/ark%3A%2F21198%2Fz17t1rxx%2FpzB3ECgyC",""
"Masters/othermasters/DEPhoy/images/segundas/ihc_hoy_19650817_segunda_007.tif","Page","Page 7","7","ark:/21198/z17t1rxx","ark:/21198/z17t1rxx/uKDSX2uTD","succeeded","https://iiif.library.ucla.edu/iiif/2/ark%3A%2F21198%2Fz17t1rxx%2FuKDSX2uTD",""
"Masters/othermasters/DEPhoy/images/segundas/ihc_hoy_19650817_segunda_008.tif","Page","Page 8","8","ark:/21198/z17t1rxx","ark:/21198/z17t1rxx/CjmfSmcs7","succeeded","https://iiif.library.ucla.edu/iiif/2/ark%3A%2F21198%2Fz17t1rxx%2FCjmfSmcs7",""
"Masters/othermasters/DEPhoy/images/segundas/ihc_hoy_19650820_segunda_001.tif","Page","Page 1","1","ark:/21198/z1qr918d","ark:/21198/z1qr918d/gZqNe8EiN","succeeded","https://iiif.library.ucla.edu/iiif/2/ark%3A%2F21198%2Fz1qr918d%2FgZqNe8EiN",""
"Masters/othermasters/DEPhoy/images/segundas/ihc_hoy_19650820_segunda_002.tif","Page","Page 2","2","ark:/21198/z1qr918d","ark:/21198/z1qr918d/crH9AhBlD","succeeded","https://iiif.library.ucla.edu/iiif/2/ark%3A%2F21198%2Fz1qr918d%2FcrH9AhBlD",""
"Masters/othermasters/DEPhoy/images/segundas/ihc_hoy_19650820_segunda_003.tif","Page","Page 3","3","ark:/21198/z1qr918d","ark:/21198/z1qr918d/7GLp9cPEn","succeeded","https://iiif.library.ucla.edu/iiif/2/ark%3A%2F21198%2Fz1qr918d%2F7GLp9cPEn",""
"Masters/othermasters/DEPhoy/images/segundas/ihc_hoy_19650820_segunda_004.tif","Page","Page 4","4","ark:/21198/z1qr918d","ark:/21198/z1qr918d/jq3Q5B84x","succeeded","https://iiif.library.ucla.edu/iiif/2/ark%3A%2F21198%2Fz1qr918d%2Fjq3Q5B84x",""
"Masters/othermasters/DEPhoy/images/segundas/ihc_hoy_19650820_segunda_005.tif","Page","Page 5","5","ark:/21198/z1qr918d","ark:/21198/z1qr918d/SOtyFX9qC","succeeded","https://iiif.library.ucla.edu/iiif/2/ark%3A%2F21198%2Fz1qr918d%2FSOtyFX9qC",""
"Masters/othermasters/DEPhoy/images/segundas/ihc_hoy_19650820_segunda_006.tif","Page","Page 6","6","ark:/21198/z1qr918d","ark:/21198/z1qr918d/C4TTOokkx","succeeded","https://iiif.library.ucla.edu/iiif/2/ark%3A%2F21198%2Fz1qr918d%2FC4TTOokkx",""
"Masters/othermasters/DEPhoy/images/segundas/ihc_hoy_19650820_segunda_007.tif","Page","Page 7","7","ark:/21198/z1qr918d","ark:/21198/z1qr918d/SGtoPFbKm","succeeded","https://iiif.library.ucla.edu/iiif/2/ark%3A%2F21198%2Fz1qr918d%2FSGtoPFbKm",""
"Masters/othermasters/DEPhoy/images/segundas/ihc_hoy_19650820_segunda_008.tif","Page","Page 8","8","ark:/21198/z1qr918d","ark:/21198/z1qr918d/eOY2gDWhZ","succeeded","https://iiif.library.ucla.edu/iiif/2/ark%3A%2F21198%2Fz1qr918d%2FeOY2gDWhZ",""
"Masters/othermasters/DEPhoy/images/segundas/ihc_hoy_19650820_segunda_009.tif","Page","Page 9","9","ark:/21198/z1qr918d","ark:/21198/z1qr918d/tmGpjn5XZ","succeeded","https://iiif.library.ucla.edu/iiif/2/ark%3A%2F21198%2Fz1qr918d%2FtmGpjn5XZ",""
"Masters/othermasters/DEPhoy/images/segundas/ihc_hoy_19650821_segunda_001.tif","Page","Page 1","1","ark:/21198/z1g77hw5","ark:/21198/z1g77hw5/58FbX2yPW","succeeded","https://iiif.library.ucla.edu/iiif/2/ark%3A%2F21198%2Fz1g77hw5%2F58FbX2yPW",""
"Masters/othermasters/DEPhoy/images/segundas/ihc_hoy_19650821_segunda_002.tif","Page","Page 2","2","ark:/21198/z1g77hw5","ark:/21198/z1g77hw5/abzgtmQ6N","succeeded","https://iiif.library.ucla.edu/iiif/2/ark%3A%2F21198%2Fz1g77hw5%2FabzgtmQ6N",""
"Masters/othermasters/DEPhoy/images/segundas/ihc_hoy_19650821_segunda_003.tif","Page","Page 3","3","ark:/21198/z1g77hw5","ark:/21198/z1g77hw5/zdqTjxwS2","succeeded","https://iiif.library.ucla.edu/iiif/2/ark%3A%2F21198%2Fz1g77hw5%2FzdqTjxwS2",""
"Masters/othermasters/DEPhoy/images/segundas/ihc_hoy_19650821_segunda_004.tif","Page","Page 4","4","ark:/21198/z1g77hw5","ark:/21198/z1g77hw5/R1HJAclIX","succeeded","https://iiif.library.ucla.edu/iiif/2/ark%3A%2F21198%2Fz1g77hw5%2FR1HJAclIX",""
"Masters/othermasters/DEPhoy/images/segundas/ihc_hoy_19650821_segunda_005.tif","Page","Page 5","5","ark:/21198/z1g77hw5","ark:/21198/z1g77hw5/pn7BYtdR7","succeeded","https://iiif.library.ucla.edu/iiif/2/ark%3A%2F21198%2Fz1g77hw5%2Fpn7BYtdR7",""
"Masters/othermasters/DEPhoy/images/segundas/ihc_hoy_19650821_segunda_006.tif","Page","Page 6","6","ark:/21198/z1g77hw5","ark:/21198/z1g77hw5/NuNqNJvgP","succeeded","https://iiif.library.ucla.edu/iiif/2/ark%3A%2F21198%2Fz1g77hw5%2FNuNqNJvgP",""
"Masters/othermasters/DEPhoy/images/segundas/ihc_hoy_19650821_segunda_007.tif","Page","Page 7","7","ark:/21198/z1g77hw5","ark:/21198/z1g77hw5/1FyPuDvbk","succeeded","https://iiif.library.ucla.edu/iiif/2/ark%3A%2F21198%2Fz1g77hw5%2F1FyPuDvbk",""
"Masters/othermasters/DEPhoy/images/segundas/ihc_hoy_19650821_segunda_008.tif","Page","Page 8","8","ark:/21198/z1g77hw5","ark:/21198/z1g77hw5/m04GtvnXC","succeeded","https://iiif.library.ucla.edu/iiif/2/ark%3A%2F21198%2Fz1g77hw5%2Fm04GtvnXC",""
"Masters/othermasters/DEPhoy/images/segundas/ihc_hoy_19650824_segunda_001.tif","Page","Page 1","1","ark:/21198/z132401g","ark:/21198/z132401g/Z0F7b5DxI","succeeded","https://iiif.library.ucla.edu/iiif/2/ark%3A%2F21198%2Fz132401g%2FZ0F7b5DxI",""
"Masters/othermasters/DEPhoy/images/segundas/ihc_hoy_19650824_segunda_002.tif","Page","Page 2","2","ark:/21198/z132401g","ark:/21198/z132401g/brkSBgj8d","succeeded","https://iiif.library.ucla.edu/iiif/2/ark%3A%2F21198%2Fz132401g%2FbrkSBgj8d",""
"Masters/othermasters/DEPhoy/images/segundas/ihc_hoy_19650824_segunda_003.tif","Page","Page 3","3","ark:/21198/z132401g","ark:/21198/z132401g/FpwSqLWaT","succeeded","https://iiif.library.ucla.edu/iiif/2/ark%3A%2F21198%2Fz132401g%2FFpwSqLWaT",""
"Masters/othermasters/DEPhoy/images/segundas/ihc_hoy_19650824_segunda_004.tif","Page","Page 4","4","ark:/21198/z132401g","ark:/21198/z132401g/x8yiGvdgA","succeeded","https://iiif.library.ucla.edu/iiif/2/ark%3A%2F21198%2Fz132401g%2Fx8yiGvdgA",""
"Masters/othermasters/DEPhoy/images/segundas/ihc_hoy_19650824_segunda_005.tif","Page","Page 5","5","ark:/21198/z132401g","ark:/21198/z132401g/zHRSQbRw7","succeeded","https://iiif.library.ucla.edu/iiif/2/ark%3A%2F21198%2Fz132401g%2FzHRSQbRw7",""
"Masters/othermasters/DEPhoy/images/segundas/ihc_hoy_19650824_segunda_006.tif","Page","Page 6","6","ark:/21198/z132401g","ark:/21198/z132401g/QP02NfUUS","succeeded","https://iiif.library.ucla.edu/iiif/2/ark%3A%2F21198%2Fz132401g%2FQP02NfUUS",""
"Masters/othermasters/DEPhoy/images/segundas/ihc_hoy_19650824_segunda_007.tif","Page","Page 7","7","ark:/21198/z132401g","ark:/21198/z132401g/dtFfAdSeu","succeeded","https://iiif.library.ucla.edu/iiif/2/ark%3A%2F21198%2Fz132401g%2FdtFfAdSeu",""
"Masters/othermasters/DEPhoy/images/segundas/ihc_hoy_19650824_segunda_008.tif","Page","Page 8","8","ark:/21198/z132401g","ark:/21198/z132401g/vfF6DXcSV","succeeded","https://iiif.library.ucla.edu/iiif/2/ark%3A%2F21198%2Fz132401g%2FvfF6DXcSV",""
"Masters/othermasters/DEPhoy/images/segundas/ihc_hoy_19650825_segunda_001.tif","Page","Page 1","1","ark:/21198/z1tj2qsm","ark:/21198/z1tj2qsm/Z6AXcPUmN","succeeded","https://iiif.library.ucla.edu/iiif/2/ark%3A%2F21198%2Fz1tj2qsm%2FZ6AXcPUmN",""
"Masters/othermasters/DEPhoy/images/segundas/ihc_hoy_19650825_segunda_002.tif","Page","Page 2","2","ark:/21198/z1tj2qsm","ark:/21198/z1tj2qsm/faNcjkRS5","succeeded","https://iiif.library.ucla.edu/iiif/2/ark%3A%2F21198%2Fz1tj2qsm%2FfaNcjkRS5",""
"Masters/othermasters/DEPhoy/images/segundas/ihc_hoy_19650825_segunda_003.tif","Page","Page 3","3","ark:/21198/z1tj2qsm","ark:/21198/z1tj2qsm/D1Ip8Hn5L","succeeded","https://iiif.library.ucla.edu/iiif/2/ark%3A%2F21198%2Fz1tj2qsm%2FD1Ip8Hn5L",""
"Masters/othermasters/DEPhoy/images/segundas/ihc_hoy_19650825_segunda_004.tif","Page","Page 4","4","ark:/21198/z1tj2qsm","ark:/21198/z1tj2qsm/u1BNqV4Cs","succeeded","https://iiif.library.ucla.edu/iiif/2/ark%3A%2F21198%2Fz1tj2qsm%2Fu1BNqV4Cs",""
"Masters/othermasters/DEPhoy/images/segundas/ihc_hoy_19650825_segunda_005.tif","Page","Page 5","5","ark:/21198/z1tj2qsm","ark:/21198/z1tj2qsm/T9lUDODPV","succeeded","https://iiif.library.ucla.edu/iiif/2/ark%3A%2F21198%2Fz1tj2qsm%2FT9lUDODPV",""
"Masters/othermasters/DEPhoy/images/segundas/ihc_hoy_19650825_segunda_006.tif","Page","Page 6","6","ark:/21198/z1tj2qsm","ark:/21198/z1tj2qsm/Q0fovSPAx","succeeded","https://iiif.library.ucla.edu/iiif/2/ark%3A%2F21198%2Fz1tj2qsm%2FQ0fovSPAx",""
"Masters/othermasters/DEPhoy/images/segundas/ihc_hoy_19650825_segunda_007.tif","Page","Page 7","7","ark:/21198/z1tj2qsm","ark:/21198/z1tj2qsm/KbPho6FBM","succeeded","https://iiif.library.ucla.edu/iiif/2/ark%3A%2F21198%2Fz1tj2qsm%2FKbPho6FBM",""
"Masters/othermasters/DEPhoy/images/segundas/ihc_hoy_19650825_segunda_008.tif","Page","Page 8","8","ark:/21198/z1tj2qsm","ark:/21198/z1tj2qsm/Yo39hWyeP","succeeded","https://iiif.library.ucla.edu/iiif/2/ark%3A%2F21198%2Fz1tj2qsm%2FYo39hWyeP",""
"Masters/othermasters/DEPhoy/images/segundas/ihc_hoy_19650826_segunda_001.tif","Page","Page 1","1","ark:/21198/z1k117d5","ark:/21198/z1k117d5/hkW1zfvlk","succeeded","https://iiif.library.ucla.edu/iiif/2/ark%3A%2F21198%2Fz1k117d5%2FhkW1zfvlk",""
"Masters/othermasters/DEPhoy/images/segundas/ihc_hoy_19650826_segunda_002.tif","Page","Page 2","2","ark:/21198/z1k117d5","ark:/21198/z1k117d5/gBPQHGTZv","succeeded","https://iiif.library.ucla.edu/iiif/2/ark%3A%2F21198%2Fz1k117d5%2FgBPQHGTZv",""
"Masters/othermasters/DEPhoy/images/segundas/ihc_hoy_19650826_segunda_003.tif","Page","Page 3","3","ark:/21198/z1k117d5","ark:/21198/z1k117d5/buXqgQQZ5","succeeded","https://iiif.library.ucla.edu/iiif/2/ark%3A%2F21198%2Fz1k117d5%2FbuXqgQQZ5",""
"Masters/othermasters/DEPhoy/images/segundas/ihc_hoy_19650826_segunda_004.tif","Page","Page 4","4","ark:/21198/z1k117d5","ark:/21198/z1k117d5/jNcbsgl7s","succeeded","https://iiif.library.ucla.edu/iiif/2/ark%3A%2F21198%2Fz1k117d5%2FjNcbsgl7s",""
"Masters/othermasters/DEPhoy/images/segundas/ihc_hoy_19650826_segunda_005.tif","Page","Page 5","5","ark:/21198/z1k117d5","ark:/21198/z1k117d5/257l1i0qa","succeeded","https://iiif.library.ucla.edu/iiif/2/ark%3A%2F21198%2Fz1k117d5%2F257l1i0qa",""
"Masters/othermasters/DEPhoy/images/segundas/ihc_hoy_19650826_segunda_006.tif","Page","Page 6","6","ark:/21198/z1k117d5","ark:/21198/z1k117d5/IwAJ4o9zR","succeeded","https://iiif.library.ucla.edu/iiif/2/ark%3A%2F21198%2Fz1k117d5%2FIwAJ4o9zR",""
"Masters/othermasters/DEPhoy/images/segundas/ihc_hoy_19650826_segunda_007.tif","Page","Page 7","7","ark:/21198/z1k117d5","ark:/21198/z1k117d5/rLhdJqRrW","succeeded","https://iiif.library.ucla.edu/iiif/2/ark%3A%2F21198%2Fz1k117d5%2FrLhdJqRrW",""
"Masters/othermasters/DEPhoy/images/segundas/ihc_hoy_19650826_segunda_008.tif","Page","Page 8","8","ark:/21198/z1k117d5","ark:/21198/z1k117d5/6BfK5JzxH","succeeded","https://iiif.library.ucla.edu/iiif/2/ark%3A%2F21198%2Fz1k117d5%2F6BfK5JzxH",""
"Masters/othermasters/DEPhoy/images/segundas/ihc_hoy_19650827_segunda_001.tif","Page","Page 1","1","ark:/21198/z19k8fdb","ark:/21198/z19k8fdb/Vt1255km2","succeeded","https://iiif.library.ucla.edu/iiif/2/ark%3A%2F21198%2Fz19k8fdb%2FVt1255km2",""
"Masters/othermasters/DEPhoy/images/segundas/ihc_hoy_19650827_segunda_002.tif","Page","Page 2","2","ark:/21198/z19k8fdb","ark:/21198/z19k8fdb/YZNmZMR7J","succeeded","https://iiif.library.ucla.edu/iiif/2/ark%3A%2F21198%2Fz19k8fdb%2FYZNmZMR7J",""
"Masters/othermasters/DEPhoy/images/segundas/ihc_hoy_19650827_segunda_003.tif","Page","Page 3","3","ark:/21198/z19k8fdb","ark:/21198/z19k8fdb/Xi1IMZ08c","succeeded","https://iiif.library.ucla.edu/iiif/2/ark%3A%2F21198%2Fz19k8fdb%2FXi1IMZ08c",""
"Masters/othermasters/DEPhoy/images/segundas/ihc_hoy_19650827_segunda_004.tif","Page","Page 4","4","ark:/21198/z19k8fdb","ark:/21198/z19k8fdb/PtvN7n3xL","succeeded","https://iiif.library.ucla.edu/iiif/2/ark%3A%2F21198%2Fz19k8fdb%2FPtvN7n3xL",""
"Masters/othermasters/DEPhoy/images/segundas/ihc_hoy_19650827_segunda_005.tif","Page","Page 5","5","ark:/21198/z19k8fdb","ark:/21198/z19k8fdb/ReTp0TDAL","succeeded","https://iiif.library.ucla.edu/iiif/2/ark%3A%2F21198%2Fz19k8fdb%2FReTp0TDAL",""
"Masters/othermasters/DEPhoy/images/segundas/ihc_hoy_19650827_segunda_006.tif","Page","Page 6","6","ark:/21198/z19k8fdb","ark:/21198/z19k8fdb/GlUn3zcwF","succeeded","https://iiif.library.ucla.edu/iiif/2/ark%3A%2F21198%2Fz19k8fdb%2FGlUn3zcwF",""
"Masters/othermasters/DEPhoy/images/segundas/ihc_hoy_19650827_segunda_007.tif","Page","Page 7","7","ark:/21198/z19k8fdb","ark:/21198/z19k8fdb/2IfR3JhV1","succeeded","https://iiif.library.ucla.edu/iiif/2/ark%3A%2F21198%2Fz19k8fdb%2F2IfR3JhV1",""
"Masters/othermasters/DEPhoy/images/segundas/ihc_hoy_19650827_segunda_008.tif","Page","Page 8","8","ark:/21198/z19k8fdb","ark:/21198/z19k8fdb/qcJ2rkaqT","succeeded","https://iiif.library.ucla.edu/iiif/2/ark%3A%2F21198%2Fz19k8fdb%2FqcJ2rkaqT",""
"Masters/othermasters/DEPhoy/images/segundas/ihc_hoy_19650828_segunda_001.tif","Page","Page 1","1","ark:/21198/z1226xw9","ark:/21198/z1226xw9/rHpFRGhmg","succeeded","https://iiif.library.ucla.edu/iiif/2/ark%3A%2F21198%2Fz1226xw9%2FrHpFRGhmg",""
"Masters/othermasters/DEPhoy/images/segundas/ihc_hoy_19650828_segunda_002.tif","Page","Page 2","2","ark:/21198/z1226xw9","ark:/21198/z1226xw9/yWS7eSqme","succeeded","https://iiif.library.ucla.edu/iiif/2/ark%3A%2F21198%2Fz1226xw9%2FyWS7eSqme",""
"Masters/othermasters/DEPhoy/images/segundas/ihc_hoy_19650828_segunda_003.tif","Page","Page 3","3","ark:/21198/z1226xw9","ark:/21198/z1226xw9/SCeVq1odW","succeeded","https://iiif.library.ucla.edu/iiif/2/ark%3A%2F21198%2Fz1226xw9%2FSCeVq1odW",""
"Masters/othermasters/DEPhoy/images/segundas/ihc_hoy_19650828_segunda_004.tif","Page","Page 4","4","ark:/21198/z1226xw9","ark:/21198/z1226xw9/sYYW2vfGV","succeeded","https://iiif.library.ucla.edu/iiif/2/ark%3A%2F21198%2Fz1226xw9%2FsYYW2vfGV",""
"Masters/othermasters/DEPhoy/images/segundas/ihc_hoy_19650828_segunda_005.tif","Page","Page 5","5","ark:/21198/z1226xw9","ark:/21198/z1226xw9/b7T3AqalV","succeeded","https://iiif.library.ucla.edu/iiif/2/ark%3A%2F21198%2Fz1226xw9%2Fb7T3AqalV",""
"Masters/othermasters/DEPhoy/images/segundas/ihc_hoy_19650828_segunda_006.tif","Page","Page 6","6","ark:/21198/z1226xw9","ark:/21198/z1226xw9/ZrA6Zigsf","succeeded","https://iiif.library.ucla.edu/iiif/2/ark%3A%2F21198%2Fz1226xw9%2FZrA6Zigsf",""
"Masters/othermasters/DEPhoy/images/segundas/ihc_hoy_19650828_segunda_007.tif","Page","Page 7","7","ark:/21198/z1226xw9","ark:/21198/z1226xw9/aVKCWtBkR","succeeded","https://iiif.library.ucla.edu/iiif/2/ark%3A%2F21198%2Fz1226xw9%2FaVKCWtBkR",""
"Masters/othermasters/DEPhoy/images/segundas/ihc_hoy_19650828_segunda_008.tif","Page","Page 8","8","ark:/21198/z1226xw9","ark:/21198/z1226xw9/4O5Gfi5DY","succeeded","https://iiif.library.ucla.edu/iiif/2/ark%3A%2F21198%2Fz1226xw9%2F4O5Gfi5DY",""
"Masters/othermasters/DEPhoy/images/segundas/ihc_hoy_19650829_segunda_001.tif","Page","Page 1","1","ark:/21198/z1sj5pq4","ark:/21198/z1sj5pq4/zUoQrkw7F","succeeded","https://iiif.library.ucla.edu/iiif/2/ark%3A%2F21198%2Fz1sj5pq4%2FzUoQrkw7F",""
"Masters/othermasters/DEPhoy/images/segundas/ihc_hoy_19650829_segunda_002.tif","Page","Page 2","2","ark:/21198/z1sj5pq4","ark:/21198/z1sj5pq4/kaI5SDFty","succeeded","https://iiif.library.ucla.edu/iiif/2/ark%3A%2F21198%2Fz1sj5pq4%2FkaI5SDFty",""
"Masters/othermasters/DEPhoy/images/segundas/ihc_hoy_19650829_segunda_003.tif","Page","Page 3","3","ark:/21198/z1sj5pq4","ark:/21198/z1sj5pq4/P0dOSeFcA","succeeded","https://iiif.library.ucla.edu/iiif/2/ark%3A%2F21198%2Fz1sj5pq4%2FP0dOSeFcA",""
"Masters/othermasters/DEPhoy/images/segundas/ihc_hoy_19650829_segunda_004.tif","Page","Page 4","4","ark:/21198/z1sj5pq4","ark:/21198/z1sj5pq4/RCpLfaGRo","succeeded","https://iiif.library.ucla.edu/iiif/2/ark%3A%2F21198%2Fz1sj5pq4%2FRCpLfaGRo",""
"Masters/othermasters/DEPhoy/images/segundas/ihc_hoy_19650829_segunda_005.tif","Page","Page 5","5","ark:/21198/z1sj5pq4","ark:/21198/z1sj5pq4/ucBrI5sxM","succeeded","https://iiif.library.ucla.edu/iiif/2/ark%3A%2F21198%2Fz1sj5pq4%2FucBrI5sxM",""
"Masters/othermasters/DEPhoy/images/segundas/ihc_hoy_19650829_segunda_006.tif","Page","Page 6","6","ark:/21198/z1sj5pq4","ark:/21198/z1sj5pq4/Ws3tWAvRi","succeeded","https://iiif.library.ucla.edu/iiif/2/ark%3A%2F21198%2Fz1sj5pq4%2FWs3tWAvRi",""
"Masters/othermasters/DEPhoy/images/segundas/ihc_hoy_19650829_segunda_007.tif","Page","Page 7","7","ark:/21198/z1sj5pq4","ark:/21198/z1sj5pq4/xd4eG1lFE","succeeded","https://iiif.library.ucla.edu/iiif/2/ark%3A%2F21198%2Fz1sj5pq4%2Fxd4eG1lFE",""
"Masters/othermasters/DEPhoy/images/segundas/ihc_hoy_19650829_segunda_008.tif","Page","Page 8","8","ark:/21198/z1sj5pq4","ark:/21198/z1sj5pq4/he3vZh8RM","succeeded","https://iiif.library.ucla.edu/iiif/2/ark%3A%2F21198%2Fz1sj5pq4%2Fhe3vZh8RM",""
"Masters/othermasters/DEPhoy/images/segundas/ihc_hoy_19650829_segunda_009.tif","Page","Page 9","9","ark:/21198/z1sj5pq4","ark:/21198/z1sj5pq4/v5pCa1mz4","succeeded","https://iiif.library.ucla.edu/iiif/2/ark%3A%2F21198%2Fz1sj5pq4%2Fv5pCa1mz4",""
"Masters/othermasters/DEPhoy/images/segundas/ihc_hoy_19650829_segunda_010.tif","Page","Page 10","10","ark:/21198/z1sj5pq4","ark:/21198/z1sj5pq4/lhH9NgNgb","succeeded","https://iiif.library.ucla.edu/iiif/2/ark%3A%2F21198%2Fz1sj5pq4%2FlhH9NgNgb",""
"Masters/othermasters/DEPhoy/images/segundas/ihc_hoy_19650831_segunda_001.tif","Page","Page 1","1","ark:/21198/z1j42wq5","ark:/21198/z1j42wq5/8GjZhMKY9","succeeded","https://iiif.library.ucla.edu/iiif/2/ark%3A%2F21198%2Fz1j42wq5%2F8GjZhMKY9",""
"Masters/othermasters/DEPhoy/images/segundas/ihc_hoy_19650831_segunda_002.tif","Page","Page 2","2","ark:/21198/z1j42wq5","ark:/21198/z1j42wq5/qG4SMik6u","succeeded","https://iiif.library.ucla.edu/iiif/2/ark%3A%2F21198%2Fz1j42wq5%2FqG4SMik6u",""
"Masters/othermasters/DEPhoy/images/segundas/ihc_hoy_19650831_segunda_003.tif","Page","Page 3","3","ark:/21198/z1j42wq5","ark:/21198/z1j42wq5/H1AlPru4m","succeeded","https://iiif.library.ucla.edu/iiif/2/ark%3A%2F21198%2Fz1j42wq5%2FH1AlPru4m",""
"Masters/othermasters/DEPhoy/images/segundas/ihc_hoy_19650831_segunda_004.tif","Page","Page 4","4","ark:/21198/z1j42wq5","ark:/21198/z1j42wq5/CfEdEJx9t","succeeded","https://iiif.library.ucla.edu/iiif/2/ark%3A%2F21198%2Fz1j42wq5%2FCfEdEJx9t",""
"Masters/othermasters/DEPhoy/images/segundas/ihc_hoy_19650831_segunda_005.tif","Page","Page 5","5","ark:/21198/z1j42wq5","ark:/21198/z1j42wq5/mTTeMxib1","succeeded","https://iiif.library.ucla.edu/iiif/2/ark%3A%2F21198%2Fz1j42wq5%2FmTTeMxib1",""
"Masters/othermasters/DEPhoy/images/segundas/ihc_hoy_19650831_segunda_006.tif","Page","Page 6","6","ark:/21198/z1j42wq5","ark:/21198/z1j42wq5/BTQu3Ccns","succeeded","https://iiif.library.ucla.edu/iiif/2/ark%3A%2F21198%2Fz1j42wq5%2FBTQu3Ccns",""
"Masters/othermasters/DEPhoy/images/segundas/ihc_hoy_19650831_segunda_007.tif","Page","Page 7","7","ark:/21198/z1j42wq5","ark:/21198/z1j42wq5/wS8dowYGZ","succeeded","https://iiif.library.ucla.edu/iiif/2/ark%3A%2F21198%2Fz1j42wq5%2FwS8dowYGZ",""
"Masters/othermasters/DEPhoy/images/segundas/ihc_hoy_19650831_segunda_008.tif","Page","Page 8","8","ark:/21198/z1j42wq5","ark:/21198/z1j42wq5/309aWd6Tk","succeeded","https://iiif.library.ucla.edu/iiif/2/ark%3A%2F21198%2Fz1j42wq5%2F309aWd6Tk",""
"Masters/othermasters/DEPhoy/images/segundas/ihc_hoy_19650831_segunda_009.tif","Page","Page 9","9","ark:/21198/z1j42wq5","ark:/21198/z1j42wq5/t3rvto7p3","succeeded","https://iiif.library.ucla.edu/iiif/2/ark%3A%2F21198%2Fz1j42wq5%2Ft3rvto7p3",""
"Masters/othermasters/DEPhoy/images/segundas/ihc_hoy_19650831_segunda_010.tif","Page","Page 10","10","ark:/21198/z1j42wq5","ark:/21198/z1j42wq5/n2DFZUJUB","succeeded","https://iiif.library.ucla.edu/iiif/2/ark%3A%2F21198%2Fz1j42wq5%2Fn2DFZUJUB",""
"Masters/othermasters/DEPhoy/images/segundas/ihc_hoy_19650902_segunda_001.tif","Page","Page 1","1","ark:/21198/z18m1d6m","ark:/21198/z18m1d6m/5d8uXcWr3","succeeded","https://iiif.library.ucla.edu/iiif/2/ark%3A%2F21198%2Fz18m1d6m%2F5d8uXcWr3",""
"Masters/othermasters/DEPhoy/images/segundas/ihc_hoy_19650902_segunda_002.tif","Page","Page 2","2","ark:/21198/z18m1d6m","ark:/21198/z18m1d6m/bk44vFx92","succeeded","https://iiif.library.ucla.edu/iiif/2/ark%3A%2F21198%2Fz18m1d6m%2Fbk44vFx92",""
"Masters/othermasters/DEPhoy/images/segundas/ihc_hoy_19650902_segunda_003.tif","Page","Page 3","3","ark:/21198/z18m1d6m","ark:/21198/z18m1d6m/St1Ptfp8J","succeeded","https://iiif.library.ucla.edu/iiif/2/ark%3A%2F21198%2Fz18m1d6m%2FSt1Ptfp8J",""
"Masters/othermasters/DEPhoy/images/segundas/ihc_hoy_19650902_segunda_004.tif","Page","Page 4","4","ark:/21198/z18m1d6m","ark:/21198/z18m1d6m/cVmNttTm7","succeeded","https://iiif.library.ucla.edu/iiif/2/ark%3A%2F21198%2Fz18m1d6m%2FcVmNttTm7",""
"Masters/othermasters/DEPhoy/images/segundas/ihc_hoy_19650902_segunda_005.tif","Page","Page 5","5","ark:/21198/z18m1d6m","ark:/21198/z18m1d6m/5wJwPV6v7","succeeded","https://iiif.library.ucla.edu/iiif/2/ark%3A%2F21198%2Fz18m1d6m%2F5wJwPV6v7",""
"Masters/othermasters/DEPhoy/images/segundas/ihc_hoy_19650902_segunda_006.tif","Page","Page 6","6","ark:/21198/z18m1d6m","ark:/21198/z18m1d6m/QGQeuxV7a","succeeded","https://iiif.library.ucla.edu/iiif/2/ark%3A%2F21198%2Fz18m1d6m%2FQGQeuxV7a",""
"Masters/othermasters/DEPhoy/images/segundas/ihc_hoy_19650902_segunda_007.tif","Page","Page 7","7","ark:/21198/z18m1d6m","ark:/21198/z18m1d6m/9owG7vIir","succeeded","https://iiif.library.ucla.edu/iiif/2/ark%3A%2F21198%2Fz18m1d6m%2F9owG7vIir",""
"Masters/othermasters/DEPhoy/images/segundas/ihc_hoy_19650902_segunda_008.tif","Page","Page 8","8","ark:/21198/z18m1d6m","ark:/21198/z18m1d6m/FqHxtSmdV","succeeded","https://iiif.library.ucla.edu/iiif/2/ark%3A%2F21198%2Fz18m1d6m%2FFqHxtSmdV",""
"Masters/othermasters/DEPhoy/images/segundas/ihc_hoy_19650903_segunda_001.tif","Page","Page 1","1","ark:/21198/z1129wsc","ark:/21198/z1129wsc/NI3rQ6H7s","succeeded","https://iiif.library.ucla.edu/iiif/2/ark%3A%2F21198%2Fz1129wsc%2FNI3rQ6H7s",""
"Masters/othermasters/DEPhoy/images/segundas/ihc_hoy_19650903_segunda_002.tif","Page","Page 2","2","ark:/21198/z1129wsc","ark:/21198/z1129wsc/TN61MVqQF","succeeded","https://iiif.library.ucla.edu/iiif/2/ark%3A%2F21198%2Fz1129wsc%2FTN61MVqQF",""
"Masters/othermasters/DEPhoy/images/segundas/ihc_hoy_19650903_segunda_003.tif","Page","Page 3","3","ark:/21198/z1129wsc","ark:/21198/z1129wsc/NsDrL3tUO","succeeded","https://iiif.library.ucla.edu/iiif/2/ark%3A%2F21198%2Fz1129wsc%2FNsDrL3tUO",""
"Masters/othermasters/DEPhoy/images/segundas/ihc_hoy_19650903_segunda_004.tif","Page","Page 4","4","ark:/21198/z1129wsc","ark:/21198/z1129wsc/xkow05n1W","succeeded","https://iiif.library.ucla.edu/iiif/2/ark%3A%2F21198%2Fz1129wsc%2Fxkow05n1W",""
"Masters/othermasters/DEPhoy/images/segundas/ihc_hoy_19650903_segunda_005.tif","Page","Page 5","5","ark:/21198/z1129wsc","ark:/21198/z1129wsc/Ixemj0WB7","succeeded","https://iiif.library.ucla.edu/iiif/2/ark%3A%2F21198%2Fz1129wsc%2FIxemj0WB7",""
"Masters/othermasters/DEPhoy/images/segundas/ihc_hoy_19650903_segunda_006.tif","Page","Page 6","6","ark:/21198/z1129wsc","ark:/21198/z1129wsc/BpUMgrCGH","succeeded","https://iiif.library.ucla.edu/iiif/2/ark%3A%2F21198%2Fz1129wsc%2FBpUMgrCGH",""
"Masters/othermasters/DEPhoy/images/segundas/ihc_hoy_19650903_segunda_007.tif","Page","Page 7","7","ark:/21198/z1129wsc","ark:/21198/z1129wsc/7qygL4lql","succeeded","https://iiif.library.ucla.edu/iiif/2/ark%3A%2F21198%2Fz1129wsc%2F7qygL4lql",""
"Masters/othermasters/DEPhoy/images/segundas/ihc_hoy_19650903_segunda_008.tif","Page","Page 8","8","ark:/21198/z1129wsc","ark:/21198/z1129wsc/AV2Z1T1Vk","succeeded","https://iiif.library.ucla.edu/iiif/2/ark%3A%2F21198%2Fz1129wsc%2FAV2Z1T1Vk",""
"Masters/othermasters/DEPhoy/images/segundas/ihc_hoy_19650904_segunda_001.tif","Page","Page 1","1","ark:/21198/z1rj8nnn","ark:/21198/z1rj8nnn/3SbYqQowu","succeeded","https://iiif.library.ucla.edu/iiif/2/ark%3A%2F21198%2Fz1rj8nnn%2F3SbYqQowu",""
"Masters/othermasters/DEPhoy/images/segundas/ihc_hoy_19650904_segunda_002.tif","Page","Page 2","2","ark:/21198/z1rj8nnn","ark:/21198/z1rj8nnn/3QI7l5gzU","succeeded","https://iiif.library.ucla.edu/iiif/2/ark%3A%2F21198%2Fz1rj8nnn%2F3QI7l5gzU",""
"Masters/othermasters/DEPhoy/images/segundas/ihc_hoy_19650904_segunda_003.tif","Page","Page 3","3","ark:/21198/z1rj8nnn","ark:/21198/z1rj8nnn/N8gs9E6H0","succeeded","https://iiif.library.ucla.edu/iiif/2/ark%3A%2F21198%2Fz1rj8nnn%2FN8gs9E6H0",""
"Masters/othermasters/DEPhoy/images/segundas/ihc_hoy_19650904_segunda_004.tif","Page","Page 4","4","ark:/21198/z1rj8nnn","ark:/21198/z1rj8nnn/ntOr0yoWI","succeeded","https://iiif.library.ucla.edu/iiif/2/ark%3A%2F21198%2Fz1rj8nnn%2FntOr0yoWI",""
"Masters/othermasters/DEPhoy/images/segundas/ihc_hoy_19650904_segunda_005.tif","Page","Page 5","5","ark:/21198/z1rj8nnn","ark:/21198/z1rj8nnn/rs93L4PYY","succeeded","https://iiif.library.ucla.edu/iiif/2/ark%3A%2F21198%2Fz1rj8nnn%2Frs93L4PYY",""
"Masters/othermasters/DEPhoy/images/segundas/ihc_hoy_19650904_segunda_006.tif","Page","Page 6","6","ark:/21198/z1rj8nnn","ark:/21198/z1rj8nnn/4e20bveAb","succeeded","https://iiif.library.ucla.edu/iiif/2/ark%3A%2F21198%2Fz1rj8nnn%2F4e20bveAb",""
"Masters/othermasters/DEPhoy/images/segundas/ihc_hoy_19650904_segunda_007.tif","Page","Page 7","7","ark:/21198/z1rj8nnn","ark:/21198/z1rj8nnn/HkpwKlnYP","succeeded","https://iiif.library.ucla.edu/iiif/2/ark%3A%2F21198%2Fz1rj8nnn%2FHkpwKlnYP",""
"Masters/othermasters/DEPhoy/images/segundas/ihc_hoy_19650904_segunda_008.tif","Page","Page 8","8","ark:/21198/z1rj8nnn","ark:/21198/z1rj8nnn/3otFfGrGj","succeeded","https://iiif.library.ucla.edu/iiif/2/ark%3A%2F21198%2Fz1rj8nnn%2F3otFfGrGj",""
"Masters/othermasters/DEPhoy/images/segundas/ihc_hoy_19650905_segunda_001.tif","Page","Page 1","1","ark:/21198/z1h45vm7","ark:/21198/z1h45vm7/1l5gCHswZ","succeeded","https://iiif.library.ucla.edu/iiif/2/ark%3A%2F21198%2Fz1h45vm7%2F1l5gCHswZ",""
"Masters/othermasters/DEPhoy/images/segundas/ihc_hoy_19650905_segunda_002.tif","Page","Page 2","2","ark:/21198/z1h45vm7","ark:/21198/z1h45vm7/cJSSo9nl4","succeeded","https://iiif.library.ucla.edu/iiif/2/ark%3A%2F21198%2Fz1h45vm7%2FcJSSo9nl4",""
"Masters/othermasters/DEPhoy/images/segundas/ihc_hoy_19650905_segunda_003.tif","Page","Page 3","3","ark:/21198/z1h45vm7","ark:/21198/z1h45vm7/dypMHnaho","succeeded","https://iiif.library.ucla.edu/iiif/2/ark%3A%2F21198%2Fz1h45vm7%2FdypMHnaho",""
"Masters/othermasters/DEPhoy/images/segundas/ihc_hoy_19650905_segunda_004.tif","Page","Page 4","4","ark:/21198/z1h45vm7","ark:/21198/z1h45vm7/raocA4rHc","succeeded","https://iiif.library.ucla.edu/iiif/2/ark%3A%2F21198%2Fz1h45vm7%2FraocA4rHc",""
"Masters/othermasters/DEPhoy/images/segundas/ihc_hoy_19650905_segunda_005.tif","Page","Page 5","5","ark:/21198/z1h45vm7","ark:/21198/z1h45vm7/nOIxUkQW4","succeeded","https://iiif.library.ucla.edu/iiif/2/ark%3A%2F21198%2Fz1h45vm7%2FnOIxUkQW4",""
"Masters/othermasters/DEPhoy/images/segundas/ihc_hoy_19650905_segunda_006.tif","Page","Page 6","6","ark:/21198/z1h45vm7","ark:/21198/z1h45vm7/pD7leSJkf","succeeded","https://iiif.library.ucla.edu/iiif/2/ark%3A%2F21198%2Fz1h45vm7%2FpD7leSJkf",""
"Masters/othermasters/DEPhoy/images/segundas/ihc_hoy_19650905_segunda_007.tif","Page","Page 7","7","ark:/21198/z1h45vm7","ark:/21198/z1h45vm7/gh8DU1E90","succeeded","https://iiif.library.ucla.edu/iiif/2/ark%3A%2F21198%2Fz1h45vm7%2Fgh8DU1E90",""
"Masters/othermasters/DEPhoy/images/segundas/ihc_hoy_19650905_segunda_008.tif","Page","Page 8","8","ark:/21198/z1h45vm7","ark:/21198/z1h45vm7/WnlLlBdFi","succeeded","https://iiif.library.ucla.edu/iiif/2/ark%3A%2F21198%2Fz1h45vm7%2FWnlLlBdFi",""
"Masters/othermasters/DEPhoy/images/segundas/ihc_hoy_19650905_segunda_009.tif","Page","Page 9","9","ark:/21198/z1h45vm7","ark:/21198/z1h45vm7/zLnDGAF7f","succeeded","https://iiif.library.ucla.edu/iiif/2/ark%3A%2F21198%2Fz1h45vm7%2FzLnDGAF7f",""
"Masters/othermasters/DEPhoy/images/segundas/ihc_hoy_19650905_segunda_010.tif","Page","Page 10","10","ark:/21198/z1h45vm7","ark:/21198/z1h45vm7/nIjLiRBFE","succeeded","https://iiif.library.ucla.edu/iiif/2/ark%3A%2F21198%2Fz1h45vm7%2FnIjLiRBFE",""
"Masters/othermasters/DEPhoy/images/segundas/ihc_hoy_19650907_segunda_001.tif","Page","Page 1","1","ark:/21198/z17m4c27","ark:/21198/z17m4c27/9jNtsGgEp","succeeded","https://iiif.library.ucla.edu/iiif/2/ark%3A%2F21198%2Fz17m4c27%2F9jNtsGgEp",""
"Masters/othermasters/DEPhoy/images/segundas/ihc_hoy_19650907_segunda_002.tif","Page","Page 2","2","ark:/21198/z17m4c27","ark:/21198/z17m4c27/EsLEo9Inu","succeeded","https://iiif.library.ucla.edu/iiif/2/ark%3A%2F21198%2Fz17m4c27%2FEsLEo9Inu",""
"Masters/othermasters/DEPhoy/images/segundas/ihc_hoy_19650907_segunda_003.tif","Page","Page 3","3","ark:/21198/z17m4c27","ark:/21198/z17m4c27/J0MmmddR2","succeeded","https://iiif.library.ucla.edu/iiif/2/ark%3A%2F21198%2Fz17m4c27%2FJ0MmmddR2",""
"Masters/othermasters/DEPhoy/images/segundas/ihc_hoy_19650907_segunda_004.tif","Page","Page 4","4","ark:/21198/z17m4c27","ark:/21198/z17m4c27/vZkn1AuCR","succeeded","https://iiif.library.ucla.edu/iiif/2/ark%3A%2F21198%2Fz17m4c27%2FvZkn1AuCR",""
"Masters/othermasters/DEPhoy/images/segundas/ihc_hoy_19650907_segunda_005.tif","Page","Page 5","5","ark:/21198/z17m4c27","ark:/21198/z17m4c27/ZbIVxySOS","succeeded","https://iiif.library.ucla.edu/iiif/2/ark%3A%2F21198%2Fz17m4c27%2FZbIVxySOS",""
"Masters/othermasters/DEPhoy/images/segundas/ihc_hoy_19650907_segunda_006.tif","Page","Page 6","6","ark:/21198/z17m4c27","ark:/21198/z17m4c27/AnDl8Ak6U","succeeded","https://iiif.library.ucla.edu/iiif/2/ark%3A%2F21198%2Fz17m4c27%2FAnDl8Ak6U",""
"Masters/othermasters/DEPhoy/images/segundas/ihc_hoy_19650907_segunda_007.tif","Page","Page 7","7","ark:/21198/z17m4c27","ark:/21198/z17m4c27/CtafT5gEG","succeeded","https://iiif.library.ucla.edu/iiif/2/ark%3A%2F21198%2Fz17m4c27%2FCtafT5gEG",""
"Masters/othermasters/DEPhoy/images/segundas/ihc_hoy_19650907_segunda_008.tif","Page","Page 8","8","ark:/21198/z17m4c27","ark:/21198/z17m4c27/ydAFwZZZU","succeeded","https://iiif.library.ucla.edu/iiif/2/ark%3A%2F21198%2Fz17m4c27%2FydAFwZZZU",""
"Masters/othermasters/DEPhoy/images/segundas/ihc_hoy_19650908_segunda_001.tif","Page","Page 1","1","ark:/21198/z1032vp0","ark:/21198/z1032vp0/J2mGjVXLj","succeeded","https://iiif.library.ucla.edu/iiif/2/ark%3A%2F21198%2Fz1032vp0%2FJ2mGjVXLj",""
"Masters/othermasters/DEPhoy/images/segundas/ihc_hoy_19650908_segunda_002.tif","Page","Page 2","2","ark:/21198/z1032vp0","ark:/21198/z1032vp0/nDYeHbnf0","succeeded","https://iiif.library.ucla.edu/iiif/2/ark%3A%2F21198%2Fz1032vp0%2FnDYeHbnf0",""
"Masters/othermasters/DEPhoy/images/segundas/ihc_hoy_19650908_segunda_003.tif","Page","Page 3","3","ark:/21198/z1032vp0","ark:/21198/z1032vp0/11NI07aOp","succeeded","https://iiif.library.ucla.edu/iiif/2/ark%3A%2F21198%2Fz1032vp0%2F11NI07aOp",""
"Masters/othermasters/DEPhoy/images/segundas/ihc_hoy_19650908_segunda_004.tif","Page","Page 4","4","ark:/21198/z1032vp0","ark:/21198/z1032vp0/RikOZvoK2","succeeded","https://iiif.library.ucla.edu/iiif/2/ark%3A%2F21198%2Fz1032vp0%2FRikOZvoK2",""
"Masters/othermasters/DEPhoy/images/segundas/ihc_hoy_19650908_segunda_005.tif","Page","Page 5","5","ark:/21198/z1032vp0","ark:/21198/z1032vp0/CKSpUzo1E","succeeded","https://iiif.library.ucla.edu/iiif/2/ark%3A%2F21198%2Fz1032vp0%2FCKSpUzo1E",""
"Masters/othermasters/DEPhoy/images/segundas/ihc_hoy_19650908_segunda_006.tif","Page","Page 6","6","ark:/21198/z1032vp0","ark:/21198/z1032vp0/PReahgAkP","succeeded","https://iiif.library.ucla.edu/iiif/2/ark%3A%2F21198%2Fz1032vp0%2FPReahgAkP",""
"Masters/othermasters/DEPhoy/images/segundas/ihc_hoy_19650908_segunda_007.tif","Page","Page 7","7","ark:/21198/z1032vp0","ark:/21198/z1032vp0/Uwtla12gc","succeeded","https://iiif.library.ucla.edu/iiif/2/ark%3A%2F21198%2Fz1032vp0%2FUwtla12gc",""
"Masters/othermasters/DEPhoy/images/segundas/ihc_hoy_19650908_segunda_008.tif","Page","Page 8","8","ark:/21198/z1032vp0","ark:/21198/z1032vp0/Xr9BdpAY7","succeeded","https://iiif.library.ucla.edu/iiif/2/ark%3A%2F21198%2Fz1032vp0%2FXr9BdpAY7",""
"Masters/othermasters/DEPhoy/images/segundas/ihc_hoy_19650909_segunda_001.tif","Page","Page 1","1","ark:/21198/z1qp09x4","ark:/21198/z1qp09x4/PeNXz7Iuu","succeeded","https://iiif.library.ucla.edu/iiif/2/ark%3A%2F21198%2Fz1qp09x4%2FPeNXz7Iuu",""
"Masters/othermasters/DEPhoy/images/segundas/ihc_hoy_19650909_segunda_002.tif","Page","Page 2","2","ark:/21198/z1qp09x4","ark:/21198/z1qp09x4/WBarQrqgF","succeeded","https://iiif.library.ucla.edu/iiif/2/ark%3A%2F21198%2Fz1qp09x4%2FWBarQrqgF",""
"Masters/othermasters/DEPhoy/images/segundas/ihc_hoy_19650909_segunda_003.tif","Page","Page 3","3","ark:/21198/z1qp09x4","ark:/21198/z1qp09x4/BO1J7N4ao","succeeded","https://iiif.library.ucla.edu/iiif/2/ark%3A%2F21198%2Fz1qp09x4%2FBO1J7N4ao",""
"Masters/othermasters/DEPhoy/images/segundas/ihc_hoy_19650909_segunda_004.tif","Page","Page 4","4","ark:/21198/z1qp09x4","ark:/21198/z1qp09x4/7eSxd3hzN","succeeded","https://iiif.library.ucla.edu/iiif/2/ark%3A%2F21198%2Fz1qp09x4%2F7eSxd3hzN",""
"Masters/othermasters/DEPhoy/images/segundas/ihc_hoy_19650909_segunda_005.tif","Page","Page 5","5","ark:/21198/z1qp09x4","ark:/21198/z1qp09x4/GAcqV9vNx","succeeded","https://iiif.library.ucla.edu/iiif/2/ark%3A%2F21198%2Fz1qp09x4%2FGAcqV9vNx",""
"Masters/othermasters/DEPhoy/images/segundas/ihc_hoy_19650909_segunda_006.tif","Page","Page 6","6","ark:/21198/z1qp09x4","ark:/21198/z1qp09x4/fSRkwdWHa","succeeded","https://iiif.library.ucla.edu/iiif/2/ark%3A%2F21198%2Fz1qp09x4%2FfSRkwdWHa",""
"Masters/othermasters/DEPhoy/images/segundas/ihc_hoy_19650909_segunda_007.tif","Page","Page 7","7","ark:/21198/z1qp09x4","ark:/21198/z1qp09x4/blHGuVZvm","succeeded","https://iiif.library.ucla.edu/iiif/2/ark%3A%2F21198%2Fz1qp09x4%2FblHGuVZvm",""
"Masters/othermasters/DEPhoy/images/segundas/ihc_hoy_19650909_segunda_008.tif","Page","Page 8","8","ark:/21198/z1qp09x4","ark:/21198/z1qp09x4/7K90SqMHW","succeeded","https://iiif.library.ucla.edu/iiif/2/ark%3A%2F21198%2Fz1qp09x4%2F7K90SqMHW",""
"Masters/othermasters/DEPhoy/images/segundas/ihc_hoy_19650910_segunda_001.tif","Page","Page 1","1","ark:/21198/z1g48tfd","ark:/21198/z1g48tfd/OLGs7onvb","succeeded","https://iiif.library.ucla.edu/iiif/2/ark%3A%2F21198%2Fz1g48tfd%2FOLGs7onvb",""
"Masters/othermasters/DEPhoy/images/segundas/ihc_hoy_19650910_segunda_002.tif","Page","Page 2","2","ark:/21198/z1g48tfd","ark:/21198/z1g48tfd/uzzXo03Yf","succeeded","https://iiif.library.ucla.edu/iiif/2/ark%3A%2F21198%2Fz1g48tfd%2FuzzXo03Yf",""
"Masters/othermasters/DEPhoy/images/segundas/ihc_hoy_19650910_segunda_003.tif","Page","Page 3","3","ark:/21198/z1g48tfd","ark:/21198/z1g48tfd/sCxq6oMKa","succeeded","https://iiif.library.ucla.edu/iiif/2/ark%3A%2F21198%2Fz1g48tfd%2FsCxq6oMKa",""
"Masters/othermasters/DEPhoy/images/segundas/ihc_hoy_19650910_segunda_004.tif","Page","Page 4","4","ark:/21198/z1g48tfd","ark:/21198/z1g48tfd/iwaMTBLx4","succeeded","https://iiif.library.ucla.edu/iiif/2/ark%3A%2F21198%2Fz1g48tfd%2FiwaMTBLx4",""
"Masters/othermasters/DEPhoy/images/segundas/ihc_hoy_19650910_segunda_005.tif","Page","Page 5","5","ark:/21198/z1g48tfd","ark:/21198/z1g48tfd/RYRcksrTu","succeeded","https://iiif.library.ucla.edu/iiif/2/ark%3A%2F21198%2Fz1g48tfd%2FRYRcksrTu",""
"Masters/othermasters/DEPhoy/images/segundas/ihc_hoy_19650910_segunda_006.tif","Page","Page 6","6","ark:/21198/z1g48tfd","ark:/21198/z1g48tfd/ksbhNIKKL","succeeded","https://iiif.library.ucla.edu/iiif/2/ark%3A%2F21198%2Fz1g48tfd%2FksbhNIKKL",""
"Masters/othermasters/DEPhoy/images/segundas/ihc_hoy_19650910_segunda_007.tif","Page","Page 7","7","ark:/21198/z1g48tfd","ark:/21198/z1g48tfd/dXGiTchMs","succeeded","https://iiif.library.ucla.edu/iiif/2/ark%3A%2F21198%2Fz1g48tfd%2FdXGiTchMs",""
"Masters/othermasters/DEPhoy/images/segundas/ihc_hoy_19650910_segunda_008.tif","Page","Page 8","8","ark:/21198/z1g48tfd","ark:/21198/z1g48tfd/QxMpFKyzu","succeeded","https://iiif.library.ucla.edu/iiif/2/ark%3A%2F21198%2Fz1g48tfd%2FQxMpFKyzu",""
"Masters/othermasters/DEPhoy/images/segundas/ihc_hoy_19650911_segunda_001.tif","Page","Page 1","1","ark:/21198/z16m79zw","ark:/21198/z16m79zw/NSYR1GNAn","succeeded","https://iiif.library.ucla.edu/iiif/2/ark%3A%2F21198%2Fz16m79zw%2FNSYR1GNAn",""
"Masters/othermasters/DEPhoy/images/segundas/ihc_hoy_19650911_segunda_002.tif","Page","Page 2","2","ark:/21198/z16m79zw","ark:/21198/z16m79zw/lPTJKYpf1","succeeded","https://iiif.library.ucla.edu/iiif/2/ark%3A%2F21198%2Fz16m79zw%2FlPTJKYpf1",""
"Masters/othermasters/DEPhoy/images/segundas/ihc_hoy_19650911_segunda_003.tif","Page","Page 3","3","ark:/21198/z16m79zw","ark:/21198/z16m79zw/0YdVAsJa7","succeeded","https://iiif.library.ucla.edu/iiif/2/ark%3A%2F21198%2Fz16m79zw%2F0YdVAsJa7",""
"Masters/othermasters/DEPhoy/images/segundas/ihc_hoy_19650911_segunda_004.tif","Page","Page 4","4","ark:/21198/z16m79zw","ark:/21198/z16m79zw/cKeSUPC6R","succeeded","https://iiif.library.ucla.edu/iiif/2/ark%3A%2F21198%2Fz16m79zw%2FcKeSUPC6R",""
"Masters/othermasters/DEPhoy/images/segundas/ihc_hoy_19650911_segunda_005.tif","Page","Page 5","5","ark:/21198/z16m79zw","ark:/21198/z16m79zw/YQm5O8FdQ","succeeded","https://iiif.library.ucla.edu/iiif/2/ark%3A%2F21198%2Fz16m79zw%2FYQm5O8FdQ",""
"Masters/othermasters/DEPhoy/images/segundas/ihc_hoy_19650911_segunda_006.tif","Page","Page 6","6","ark:/21198/z16m79zw","ark:/21198/z16m79zw/rL3GUyPww","succeeded","https://iiif.library.ucla.edu/iiif/2/ark%3A%2F21198%2Fz16m79zw%2FrL3GUyPww",""
"Masters/othermasters/DEPhoy/images/segundas/ihc_hoy_19650911_segunda_007.tif","Page","Page 7","7","ark:/21198/z16m79zw","ark:/21198/z16m79zw/YsrddpWmi","succeeded","https://iiif.library.ucla.edu/iiif/2/ark%3A%2F21198%2Fz16m79zw%2FYsrddpWmi",""
"Masters/othermasters/DEPhoy/images/segundas/ihc_hoy_19650911_segunda_008.tif","Page","Page 8","8","ark:/21198/z16m79zw","ark:/21198/z16m79zw/D0tjvqFGJ","succeeded","https://iiif.library.ucla.edu/iiif/2/ark%3A%2F21198%2Fz16m79zw%2FD0tjvqFGJ",""
"Masters/othermasters/DEPhoy/images/segundas/ihc_hoy_19650914_segunda_001.tif","Page","Page 1","1","ark:/21198/z1tf41hg","ark:/21198/z1tf41hg/D4Wn07sVM","succeeded","https://iiif.library.ucla.edu/iiif/2/ark%3A%2F21198%2Fz1tf41hg%2FD4Wn07sVM",""
"Masters/othermasters/DEPhoy/images/segundas/ihc_hoy_19650914_segunda_002.tif","Page","Page 2","2","ark:/21198/z1tf41hg","ark:/21198/z1tf41hg/6XtpCXRQN","succeeded","https://iiif.library.ucla.edu/iiif/2/ark%3A%2F21198%2Fz1tf41hg%2F6XtpCXRQN",""
"Masters/othermasters/DEPhoy/images/segundas/ihc_hoy_19650914_segunda_003.tif","Page","Page 3","3","ark:/21198/z1tf41hg","ark:/21198/z1tf41hg/P2vCKJPgU","succeeded","https://iiif.library.ucla.edu/iiif/2/ark%3A%2F21198%2Fz1tf41hg%2FP2vCKJPgU",""
"Masters/othermasters/DEPhoy/images/segundas/ihc_hoy_19650914_segunda_004.tif","Page","Page 4","4","ark:/21198/z1tf41hg","ark:/21198/z1tf41hg/FbHt3QcDH","succeeded","https://iiif.library.ucla.edu/iiif/2/ark%3A%2F21198%2Fz1tf41hg%2FFbHt3QcDH",""
"Masters/othermasters/DEPhoy/images/segundas/ihc_hoy_19650914_segunda_005.tif","Page","Page 5","5","ark:/21198/z1tf41hg","ark:/21198/z1tf41hg/5BalKtN3e","succeeded","https://iiif.library.ucla.edu/iiif/2/ark%3A%2F21198%2Fz1tf41hg%2F5BalKtN3e",""
"Masters/othermasters/DEPhoy/images/segundas/ihc_hoy_19650914_segunda_006.tif","Page","Page 6","6","ark:/21198/z1tf41hg","ark:/21198/z1tf41hg/Ewp9o0R3C","succeeded","https://iiif.library.ucla.edu/iiif/2/ark%3A%2F21198%2Fz1tf41hg%2FEwp9o0R3C",""
"Masters/othermasters/DEPhoy/images/segundas/ihc_hoy_19650914_segunda_007.tif","Page","Page 7","7","ark:/21198/z1tf41hg","ark:/21198/z1tf41hg/5EnUj0Im4","succeeded","https://iiif.library.ucla.edu/iiif/2/ark%3A%2F21198%2Fz1tf41hg%2F5EnUj0Im4",""
"Masters/othermasters/DEPhoy/images/segundas/ihc_hoy_19650914_segunda_008.tif","Page","Page 8","8","ark:/21198/z1tf41hg","ark:/21198/z1tf41hg/H2F7OxvOH","succeeded","https://iiif.library.ucla.edu/iiif/2/ark%3A%2F21198%2Fz1tf41hg%2FH2F7OxvOH",""
"Masters/othermasters/DEPhoy/images/segundas/ihc_hoy_19650916_segunda_001.tif","Page","Page 1","1","ark:/21198/z1f51s9k","ark:/21198/z1f51s9k/SFPYJ33B5","succeeded","https://iiif.library.ucla.edu/iiif/2/ark%3A%2F21198%2Fz1f51s9k%2FSFPYJ33B5",""
"Masters/othermasters/DEPhoy/images/segundas/ihc_hoy_19650916_segunda_002.tif","Page","Page 2","2","ark:/21198/z1f51s9k","ark:/21198/z1f51s9k/seITcF6Uv","succeeded","https://iiif.library.ucla.edu/iiif/2/ark%3A%2F21198%2Fz1f51s9k%2FseITcF6Uv",""
"Masters/othermasters/DEPhoy/images/segundas/ihc_hoy_19650916_segunda_003.tif","Page","Page 3","3","ark:/21198/z1f51s9k","ark:/21198/z1f51s9k/91K8ogTzw","succeeded","https://iiif.library.ucla.edu/iiif/2/ark%3A%2F21198%2Fz1f51s9k%2F91K8ogTzw",""
"Masters/othermasters/DEPhoy/images/segundas/ihc_hoy_19650916_segunda_004.tif","Page","Page 4","4","ark:/21198/z1f51s9k","ark:/21198/z1f51s9k/PImOYVus3","succeeded","https://iiif.library.ucla.edu/iiif/2/ark%3A%2F21198%2Fz1f51s9k%2FPImOYVus3",""
"Masters/othermasters/DEPhoy/images/segundas/ihc_hoy_19650916_segunda_005.tif","Page","Page 5","5","ark:/21198/z1f51s9k","ark:/21198/z1f51s9k/oCtzc1l53","succeeded","https://iiif.library.ucla.edu/iiif/2/ark%3A%2F21198%2Fz1f51s9k%2FoCtzc1l53",""
"Masters/othermasters/DEPhoy/images/segundas/ihc_hoy_19650916_segunda_006.tif","Page","Page 6","6","ark:/21198/z1f51s9k","ark:/21198/z1f51s9k/GrRAm2T9K","succeeded","https://iiif.library.ucla.edu/iiif/2/ark%3A%2F21198%2Fz1f51s9k%2FGrRAm2T9K",""
"Masters/othermasters/DEPhoy/images/segundas/ihc_hoy_19650916_segunda_007.tif","Page","Page 7","7","ark:/21198/z1f51s9k","ark:/21198/z1f51s9k/wxP0O10XF","succeeded","https://iiif.library.ucla.edu/iiif/2/ark%3A%2F21198%2Fz1f51s9k%2FwxP0O10XF",""
"Masters/othermasters/DEPhoy/images/segundas/ihc_hoy_19650916_segunda_008.tif","Page","Page 8","8","ark:/21198/z1f51s9k","ark:/21198/z1f51s9k/AqkXJLEYX","succeeded","https://iiif.library.ucla.edu/iiif/2/ark%3A%2F21198%2Fz1f51s9k%2FAqkXJLEYX",""
