Object Type,Title,Item ARK,Parent ARK,File Name,Visibility,Thumbnail,AltTitle.other,Item Sequence,collection.physical,Contents note,Date.created,Date.normalized,Description.latitude,Description.longitude,Description.note,Format.dimensions,Format.extent,Format.medium,Genre,Language,Local identifier,Name.creator,Name.subject,Note,Place of origin,Publisher.publisherName,Repository,Type.typeOfResource,Rights.copyrightStatus,Rights.rightsHolderContact,Statement of Responsibility,Subject geographic,Subject temporal,viewingHint,Subject,IIIF Manifest URL
Work,1947-07-29 (año 26 | num. 8551),ark:/21198/z17m270x,ark:/21198/z1h15123,,open,https://iiif.library.ucla.edu/iiif/2/ark%3A%2F21198%2Fz14n13mc,,,,,1947-07-29,1947-07-29,,,,,8 pages,,newspapers,chi,,,,,Havana (Cuba),,Casa de Artes y Tradiciones Chinas,text,,"mantonia@patrimonio.ohc.cu, barriochino@patrimonio.ohc.cu",,,,paged,Chinese -- Cuba|~|Chinese newspapers -- Cuba,https://iiif.library.ucla.edu/ark%3A%2F21198%2Fz17m270x/manifest
Work,1953-02-02 (año 32 | num. 10226),ark:/21198/z13v1g7r,ark:/21198/z1h15123,,open,https://iiif.library.ucla.edu/iiif/2/ark%3A%2F21198%2Fz13n42hf,,,,,1953-02-02,1953-02-02,,,,,8 pages,,newspapers,chi,,,,,Havana (Cuba),,Casa de Artes y Tradiciones Chinas,text,,"mantonia@patrimonio.ohc.cu, barriochino@patrimonio.ohc.cu",,,,paged,Chinese -- Cuba|~|Chinese newspapers -- Cuba,https://iiif.library.ucla.edu/ark%3A%2F21198%2Fz13v1g7r/manifest
Work,1953-02-03 (año 32 | num. 10227),ark:/21198/z1030qjs,ark:/21198/z1h15123,,open,https://iiif.library.ucla.edu/iiif/2/ark%3A%2F21198%2Fz12r5qrj,,,,,1953-02-03,1953-02-03,,,,,8 pages,,newspapers,chi,,,,,Havana (Cuba),,Casa de Artes y Tradiciones Chinas,text,,"mantonia@patrimonio.ohc.cu, barriochino@patrimonio.ohc.cu",,,,paged,Chinese -- Cuba|~|Chinese newspapers -- Cuba,https://iiif.library.ucla.edu/ark%3A%2F21198%2Fz1030qjs/manifest
Work,1953-02-04 (año 32 | num. 10228),ark:/21198/z1vb074s,ark:/21198/z1h15123,,open,https://iiif.library.ucla.edu/iiif/2/ark%3A%2F21198%2Fz11r8pm5,,,,,1953-02-04,1953-02-04,,,,,8 pages,,newspapers,chi,,,,,Havana (Cuba),,Casa de Artes y Tradiciones Chinas,text,,"mantonia@patrimonio.ohc.cu, barriochino@patrimonio.ohc.cu",,,,paged,Chinese -- Cuba|~|Chinese newspapers -- Cuba,https://iiif.library.ucla.edu/ark%3A%2F21198%2Fz1vb074s/manifest
Work,1953-02-05 (año 32 | num. 10229),ark:/21198/z1qj9gc2,ark:/21198/z1h15123,,open,https://iiif.library.ucla.edu/iiif/2/ark%3A%2F21198%2Fz10s1nfw,,,,,1953-02-05,1953-02-05,,,,,8 pages,,newspapers,chi,,,,,Havana (Cuba),,Casa de Artes y Tradiciones Chinas,text,,"mantonia@patrimonio.ohc.cu, barriochino@patrimonio.ohc.cu",,,,paged,Chinese -- Cuba|~|Chinese newspapers -- Cuba,https://iiif.library.ucla.edu/ark%3A%2F21198%2Fz1qj9gc2/manifest
Work,1953-02-06 (año 32 | num. 10230),ark:/21198/z1kw7f3h,ark:/21198/z1h15123,,open,https://iiif.library.ucla.edu/iiif/2/ark%3A%2F21198%2Fz1zs4vjj,,,,,1953-02-06,1953-02-06,,,,,8 pages,,newspapers,chi,,,,,Havana (Cuba),,Casa de Artes y Tradiciones Chinas,text,,"mantonia@patrimonio.ohc.cu, barriochino@patrimonio.ohc.cu",,,,paged,Chinese -- Cuba|~|Chinese newspapers -- Cuba,https://iiif.library.ucla.edu/ark%3A%2F21198%2Fz1kw7f3h/manifest
Work,1953-02-07 (año 32 | num. 10231),ark:/21198/z1g46pdj,ark:/21198/z1h15123,,open,https://iiif.library.ucla.edu/iiif/2/ark%3A%2F21198%2Fz1xs7tg2,,,,,1953-02-07,1953-02-07,,,,,8 pages,,newspapers,chi,,,,,Havana (Cuba),,Casa de Artes y Tradiciones Chinas,text,,"mantonia@patrimonio.ohc.cu, barriochino@patrimonio.ohc.cu",,,,paged,Chinese -- Cuba|~|Chinese newspapers -- Cuba,https://iiif.library.ucla.edu/ark%3A%2F21198%2Fz1g46pdj/manifest
Work,1953-02-09 (año 32 | num. 10232),ark:/21198/z1bc5xmx,ark:/21198/z1h15123,,open,https://iiif.library.ucla.edu/iiif/2/ark%3A%2F21198%2Fz1wt0sb7,,,,,1953-02-09,1953-02-09,,,,,8 pages,,newspapers,chi,,,,,Havana (Cuba),,Casa de Artes y Tradiciones Chinas,text,,"mantonia@patrimonio.ohc.cu, barriochino@patrimonio.ohc.cu",,,,paged,Chinese -- Cuba|~|Chinese newspapers -- Cuba,https://iiif.library.ucla.edu/ark%3A%2F21198%2Fz1bc5xmx/manifest
Work,1953-02-10 (año 32 | num. 10233),ark:/21198/z16m55v4,ark:/21198/z1h15123,,open,https://iiif.library.ucla.edu/iiif/2/ark%3A%2F21198%2Fz1vx2fnm,,,,,1953-02-10,1953-02-10,,,,,8 pages,,newspapers,chi,,,,,Havana (Cuba),,Casa de Artes y Tradiciones Chinas,text,,"mantonia@patrimonio.ohc.cu, barriochino@patrimonio.ohc.cu",,,,paged,Chinese -- Cuba|~|Chinese newspapers -- Cuba,https://iiif.library.ucla.edu/ark%3A%2F21198%2Fz16m55v4/manifest
Work,1953-02-11 (año 32 | num. 10234),ark:/21198/z12v4f58,ark:/21198/z1h15123,,open,https://iiif.library.ucla.edu/iiif/2/ark%3A%2F21198%2Fz1tx5dh7,,,,,1953-02-11,1953-02-11,,,,,8 pages,,newspapers,chi,,,,,Havana (Cuba),,Casa de Artes y Tradiciones Chinas,text,,"mantonia@patrimonio.ohc.cu, barriochino@patrimonio.ohc.cu",,,,paged,Chinese -- Cuba|~|Chinese newspapers -- Cuba,https://iiif.library.ucla.edu/ark%3A%2F21198%2Fz12v4f58/manifest
Work,1953-02-12 (año 32 | num. 10235),ark:/21198/z1z33xrs,ark:/21198/z1h15123,,open,https://iiif.library.ucla.edu/iiif/2/ark%3A%2F21198%2Fz1sx8c72,,,,,1953-02-12,1953-02-12,,,,,8 pages,,newspapers,chi,,,,,Havana (Cuba),,Casa de Artes y Tradiciones Chinas,text,,"mantonia@patrimonio.ohc.cu, barriochino@patrimonio.ohc.cu",,,,paged,Chinese -- Cuba|~|Chinese newspapers -- Cuba,https://iiif.library.ucla.edu/ark%3A%2F21198%2Fz1z33xrs/manifest
Work,1953-02-13 (año 32 | num. 10236),ark:/21198/z1tb361v,ark:/21198/z1h15123,,open,https://iiif.library.ucla.edu/iiif/2/ark%3A%2F21198%2Fz1rz1b37,,,,,1953-02-13,1953-02-13,,,,,8 pages,,newspapers,chi,,,,,Havana (Cuba),,Casa de Artes y Tradiciones Chinas,text,,"mantonia@patrimonio.ohc.cu, barriochino@patrimonio.ohc.cu",,,,paged,Chinese -- Cuba|~|Chinese newspapers -- Cuba,https://iiif.library.ucla.edu/ark%3A%2F21198%2Fz1tb361v/manifest
Work,1953-02-14 (año 32 | num. 10237),ark:/21198/z1pp14qf,ark:/21198/z1h15123,,open,https://iiif.library.ucla.edu/iiif/2/ark%3A%2F21198%2Fz1qz4909,,,,,1953-02-14,1953-02-14,,,,,8 pages,,newspapers,chi,,,,,Havana (Cuba),,Casa de Artes y Tradiciones Chinas,text,,"mantonia@patrimonio.ohc.cu, barriochino@patrimonio.ohc.cu",,,,paged,Chinese -- Cuba|~|Chinese newspapers -- Cuba,https://iiif.library.ucla.edu/ark%3A%2F21198%2Fz1pp14qf/manifest
Work,1953-02-16 (año 32 | num. 10238),ark:/21198/z1jx0cz8,ark:/21198/z1h15123,,open,https://iiif.library.ucla.edu/iiif/2/ark%3A%2F21198%2Fz1pz77wz,,,,,1953-02-16,1953-02-16,,,,,8 pages,,newspapers,chi,,,,,Havana (Cuba),,Casa de Artes y Tradiciones Chinas,text,,"mantonia@patrimonio.ohc.cu, barriochino@patrimonio.ohc.cu",,,,paged,Chinese -- Cuba|~|Chinese newspapers -- Cuba,https://iiif.library.ucla.edu/ark%3A%2F21198%2Fz1jx0cz8/manifest
Work,1953-02-17 (año 32 | num. 10239),ark:/21198/z1f49n68,ark:/21198/z1h15123,,open,https://iiif.library.ucla.edu/iiif/2/ark%3A%2F21198%2Fz1p28x6p,,,,,1953-02-17,1953-02-17,,,,,8 pages,,newspapers,chi,,,,,Havana (Cuba),,Casa de Artes y Tradiciones Chinas,text,,"mantonia@patrimonio.ohc.cu, barriochino@patrimonio.ohc.cu",,,,paged,Chinese -- Cuba|~|Chinese newspapers -- Cuba,https://iiif.library.ucla.edu/ark%3A%2F21198%2Fz1f49n68/manifest
Work,1953-02-18 (año 32 | num. 10240),ark:/21198/z19c8wf3,ark:/21198/z1h15123,,open,https://iiif.library.ucla.edu/iiif/2/ark%3A%2F21198%2Fz1n31w1d,,,,,1953-02-18,1953-02-18,,,,,8 pages,,newspapers,chi,,,,,Havana (Cuba),,Casa de Artes y Tradiciones Chinas,text,,"mantonia@patrimonio.ohc.cu, barriochino@patrimonio.ohc.cu",,,,paged,Chinese -- Cuba|~|Chinese newspapers -- Cuba,https://iiif.library.ucla.edu/ark%3A%2F21198%2Fz19c8wf3/manifest
Work,1953-02-19 (año 32 | num. 10241),ark:/21198/z15m84r6,ark:/21198/z1h15123,,open,https://iiif.library.ucla.edu/iiif/2/ark%3A%2F21198%2Fz1m34tv5,,,,,1953-02-19,1953-02-19,,,,,8 pages,,newspapers,chi,,,,,Havana (Cuba),,Casa de Artes y Tradiciones Chinas,text,,"mantonia@patrimonio.ohc.cu, barriochino@patrimonio.ohc.cu",,,,paged,Chinese -- Cuba|~|Chinese newspapers -- Cuba,https://iiif.library.ucla.edu/ark%3A%2F21198%2Fz15m84r6/manifest
Work,1953-02-20 (año 32 | num. 10242),ark:/21198/z11v7d1w,ark:/21198/z1h15123,,open,https://iiif.library.ucla.edu/iiif/2/ark%3A%2F21198%2Fz1k37spb,,,,,1953-02-20,1953-02-20,,,,,8 pages,,newspapers,chi,,,,,Havana (Cuba),,Casa de Artes y Tradiciones Chinas,text,,"mantonia@patrimonio.ohc.cu, barriochino@patrimonio.ohc.cu",,,,paged,Chinese -- Cuba|~|Chinese newspapers -- Cuba,https://iiif.library.ucla.edu/ark%3A%2F21198%2Fz11v7d1w/manifest
Work,1953-02-21 (año 32 | num. 10243),ark:/21198/z1x36wkz,ark:/21198/z1h15123,,open,https://iiif.library.ucla.edu/iiif/2/ark%3A%2F21198%2Fz1j40rkz,,,,,1953-02-21,1953-02-21,,,,,8 pages,,newspapers,chi,,,,,Havana (Cuba),,Casa de Artes y Tradiciones Chinas,text,,"mantonia@patrimonio.ohc.cu, barriochino@patrimonio.ohc.cu",,,,paged,Chinese -- Cuba|~|Chinese newspapers -- Cuba,https://iiif.library.ucla.edu/ark%3A%2F21198%2Fz1x36wkz/manifest
Work,1953-02-23 (año 32 | num. 10244),ark:/21198/z1sf4v8z,ark:/21198/z1h15123,,open,https://iiif.library.ucla.edu/iiif/2/ark%3A%2F21198%2Fz1h43qjx,,,,,1953-02-23,1953-02-23,,,,,8 pages,,newspapers,chi,,,,,Havana (Cuba),,Casa de Artes y Tradiciones Chinas,text,,"mantonia@patrimonio.ohc.cu, barriochino@patrimonio.ohc.cu",,,,paged,Chinese -- Cuba|~|Chinese newspapers -- Cuba,https://iiif.library.ucla.edu/ark%3A%2F21198%2Fz1sf4v8z/manifest
Work,1953-02-25 (año 32 | num. 10245),ark:/21198/z1np43h5,ark:/21198/z1h15123,,open,https://iiif.library.ucla.edu/iiif/2/ark%3A%2F21198%2Fz1g46pf0,,,,,1953-02-25,1953-02-25,,,,,8 pages,,newspapers,chi,,,,,Havana (Cuba),,Casa de Artes y Tradiciones Chinas,text,,"mantonia@patrimonio.ohc.cu, barriochino@patrimonio.ohc.cu",,,,paged,Chinese -- Cuba|~|Chinese newspapers -- Cuba,https://iiif.library.ucla.edu/ark%3A%2F21198%2Fz1np43h5/manifest
Work,1953-02-26 (año 32 | num. 10246),ark:/21198/z1hx3bqj,ark:/21198/z1h15123,,open,https://iiif.library.ucla.edu/iiif/2/ark%3A%2F21198%2Fz1f78bn1,,,,missing last two pages,1953-02-26,1953-02-26,,,,,6 pages,,newspapers,chi,,,,,Havana (Cuba),,Casa de Artes y Tradiciones Chinas,text,,"mantonia@patrimonio.ohc.cu, barriochino@patrimonio.ohc.cu",,,,paged,Chinese -- Cuba|~|Chinese newspapers -- Cuba,https://iiif.library.ucla.edu/ark%3A%2F21198%2Fz1hx3bqj/manifest
Work,1958-03-12,ark:/21198/z1d52kzp,ark:/21198/z1h15123,,open,https://iiif.library.ucla.edu/iiif/2/ark%3A%2F21198%2Fz1ns2t0d,,,,Front page missing,1958-03-12,1958-03-12,,,,,4 pages,,newspapers,chi,,,,,Havana (Cuba),,Casa de Artes y Tradiciones Chinas,text,,"mantonia@patrimonio.ohc.cu, barriochino@patrimonio.ohc.cu",,,,individuals,Chinese -- Cuba|~|Chinese newspapers -- Cuba,https://iiif.library.ucla.edu/ark%3A%2F21198%2Fz1d52kzp/manifest