"Object Type","Parent ARK","Item ARK","File Name","Title","AltTitle.other","Publisher.publisherName","Place of origin","volume","issue","Date.created","Date.normalized","Language","Type.typeOfResource","Genre","Format.extent","Format.dimensions","Title -old","Repository","Rights.copyrightStatus","Rights.publicationStatus","Rights.servicesContact","Contents note","Subject topic","viewingHint","Program","Item Sequence","Visibility","Local identifier","Thumbnail","IIIF Manifest URL"
"Work","ark:/21198/z1v79htf","ark:/21198/z1c34vsh","","1921-12-11 (vol. 38, no. 42)","","","Havana (Cuba)","vol. 38","no. 42","1921-12-11","1921-12-11","spa","text","newspapers","18 pages","","El Fígaro 1921-12-11","Biblioteca Nacional de Cuba José Martí","unknown","published","http://www.bnjm.cu, portal@bnjm.cu","","Cuban literature--Periodicals|~|Cuba--Intellectual life--Periodicals|~|Sports--Cuba--Periodicals","paged","International Digital Ephemera Project","","open","bncjm_elfigaro_19211211","https://iiif.library.ucla.edu/iiif/2/ark%3A%2F21198%2Fz1c34vsh%2FYIzWIGbh7","https://iiif.library.ucla.edu/ark%3A%2F21198%2Fz1c34vsh/manifest"
"Work","ark:/21198/z1v79htf","ark:/21198/z17b4414","","1921-12-18 (vol. 38, no. 43)","","","Havana (Cuba)","vol. 38","no. 43","1921-12-18","1921-12-18","spa","text","newspapers","16 pages","","El Fígaro 1921-12-18","Biblioteca Nacional de Cuba José Martí","unknown","published","http://www.bnjm.cu, portal@bnjm.cu","","Cuban literature--Periodicals|~|Cuba--Intellectual life--Periodicals|~|Sports--Cuba--Periodicals","paged","International Digital Ephemera Project","","open","bncjm_elfigaro_19211218","https://iiif.library.ucla.edu/iiif/2/ark%3A%2F21198%2Fz17b4414%2FiSpH9CNCW","https://iiif.library.ucla.edu/ark%3A%2F21198%2Fz17b4414/manifest"
"Work","ark:/21198/z1v79htf","ark:/21198/z13k3c8z","","1921-12-25 (vol. 38, no. 44)","","","Havana (Cuba)","vol. 38","no. 44","1921-12-25","1921-12-25","spa","text","newspapers","18 pages","","El Fígaro 1921-12-25","Biblioteca Nacional de Cuba José Martí","unknown","published","http://www.bnjm.cu, portal@bnjm.cu","","Cuban literature--Periodicals|~|Cuba--Intellectual life--Periodicals|~|Sports--Cuba--Periodicals","paged","International Digital Ephemera Project","","open","bncjm_elfigaro_19211225","https://iiif.library.ucla.edu/iiif/2/ark%3A%2F21198%2Fz13k3c8z%2FaznDHaad8","https://iiif.library.ucla.edu/ark%3A%2F21198%2Fz13k3c8z/manifest"
"Work","ark:/21198/z1v79htf","ark:/21198/z1zt2vs8","","1922-01-01 (vol. 39, no. 01)","","","Havana (Cuba)","vol. 39","no. 01","1922-01-01","1922-01-01","spa","text","newspapers","24 pages","","El Fígaro 1922-01-01","Biblioteca Nacional de Cuba José Martí","unknown","published","http://www.bnjm.cu, portal@bnjm.cu","","Cuban literature--Periodicals|~|Cuba--Intellectual life--Periodicals|~|Sports--Cuba--Periodicals","paged","International Digital Ephemera Project","","open","bncjm_elfigaro_19220101","https://iiif.library.ucla.edu/iiif/2/ark%3A%2F21198%2Fz1zt2vs8%2Frc6k36uFB","https://iiif.library.ucla.edu/ark%3A%2F21198%2Fz1zt2vs8/manifest"
"Work","ark:/21198/z1v79htf","ark:/21198/z1v22433","","1922-01-08 (vol. 39, no. 02)","","","Havana (Cuba)","vol. 39","no. 02","1922-01-08","1922-01-08","spa","text","newspapers","24 pages","","El Fígaro 1922-01-08","Biblioteca Nacional de Cuba José Martí","unknown","published","http://www.bnjm.cu, portal@bnjm.cu","","Cuban literature--Periodicals|~|Cuba--Intellectual life--Periodicals|~|Sports--Cuba--Periodicals","paged","International Digital Ephemera Project","","open","bncjm_elfigaro_19220108","https://iiif.library.ucla.edu/iiif/2/ark%3A%2F21198%2Fz1v22433%2FLhbyR98uQ","https://iiif.library.ucla.edu/ark%3A%2F21198%2Fz1v22433/manifest"
"Work","ark:/21198/z1v79htf","ark:/21198/z1q91cdt","","1922-01-15 (vol. 39, no. 03)","","","Havana (Cuba)","vol. 39","no. 03","1922-01-15","1922-01-15","spa","text","newspapers","24 pages","","El Fígaro 1922-01-15","Biblioteca Nacional de Cuba José Martí","unknown","published","http://www.bnjm.cu, portal@bnjm.cu","","Cuban literature--Periodicals|~|Cuba--Intellectual life--Periodicals|~|Sports--Cuba--Periodicals","paged","International Digital Ephemera Project","","open","bncjm_elfigaro_19220115","https://iiif.library.ucla.edu/iiif/2/ark%3A%2F21198%2Fz1q91cdt%2FKgeuvT7UC","https://iiif.library.ucla.edu/ark%3A%2F21198%2Fz1q91cdt/manifest"
"Work","ark:/21198/z1v79htf","ark:/21198/z1kj0mp3","","1922-01-22 (vol. 39, no. 04)","","","Havana (Cuba)","vol. 39","no. 04","1922-01-22","1922-01-22","spa","text","newspapers","24 pages","","El Fígaro 1922-01-22","Biblioteca Nacional de Cuba José Martí","unknown","published","http://www.bnjm.cu, portal@bnjm.cu","","Cuban literature--Periodicals|~|Cuba--Intellectual life--Periodicals|~|Sports--Cuba--Periodicals","paged","International Digital Ephemera Project","","open","bncjm_elfigaro_19220122","https://iiif.library.ucla.edu/iiif/2/ark%3A%2F21198%2Fz1kj0mp3%2FEVivl7iYH","https://iiif.library.ucla.edu/ark%3A%2F21198%2Fz1kj0mp3/manifest"
"Work","ark:/21198/z1v79htf","ark:/21198/z1fv8kcj","","1922-01-29 (vol. 39, no. 05)","","","Havana (Cuba)","vol. 39","no. 05","1922-01-29","1922-01-29","spa","text","newspapers","24 pages","","El Fígaro 1922-01-29","Biblioteca Nacional de Cuba José Martí","unknown","published","http://www.bnjm.cu, portal@bnjm.cu","","Cuban literature--Periodicals|~|Cuba--Intellectual life--Periodicals|~|Sports--Cuba--Periodicals","paged","International Digital Ephemera Project","","open","bncjm_elfigaro_19220129","https://iiif.library.ucla.edu/iiif/2/ark%3A%2F21198%2Fz1fv8kcj%2FoylaizgS1","https://iiif.library.ucla.edu/ark%3A%2F21198%2Fz1fv8kcj/manifest"
"Work","ark:/21198/z1v79htf","ark:/21198/z1b37tpk","","1922-02-05 (vol. 39, no. 06)","","","Havana (Cuba)","vol. 39","no. 06","1922-02-05","1922-02-05","spa","text","newspapers","22 pages","","El Fígaro 1922-02-05","Biblioteca Nacional de Cuba José Martí","unknown","published","http://www.bnjm.cu, portal@bnjm.cu","","Cuban literature--Periodicals|~|Cuba--Intellectual life--Periodicals|~|Sports--Cuba--Periodicals","paged","International Digital Ephemera Project","","open","bncjm_elfigaro_19220205","https://iiif.library.ucla.edu/iiif/2/ark%3A%2F21198%2Fz1b37tpk%2F5n0UO7TpX","https://iiif.library.ucla.edu/ark%3A%2F21198%2Fz1b37tpk/manifest"
"Work","ark:/21198/z1v79htf","ark:/21198/z16b72wb","","1922-02-12 (vol. 39, no. 07)","","","Havana (Cuba)","vol. 39","no. 07","1922-02-12","1922-02-12","spa","text","newspapers","24 pages","","El Fígaro 1922-02-12","Biblioteca Nacional de Cuba José Martí","unknown","published","http://www.bnjm.cu, portal@bnjm.cu","","Cuban literature--Periodicals|~|Cuba--Intellectual life--Periodicals|~|Sports--Cuba--Periodicals","paged","International Digital Ephemera Project","","open","bncjm_elfigaro_19220212","https://iiif.library.ucla.edu/iiif/2/ark%3A%2F21198%2Fz16b72wb%2FHxyk9kVVv","https://iiif.library.ucla.edu/ark%3A%2F21198%2Fz16b72wb/manifest"
"Work","ark:/21198/z1v79htf","ark:/21198/z12k6b51","","1922-02-19 (vol. 39, no. 08)","","","Havana (Cuba)","vol. 39","no. 08","1922-02-19","1922-02-19","spa","text","newspapers","24 pages","","El Fígaro 1922-02-19","Biblioteca Nacional de Cuba José Martí","unknown","published","http://www.bnjm.cu, portal@bnjm.cu","","Cuban literature--Periodicals|~|Cuba--Intellectual life--Periodicals|~|Sports--Cuba--Periodicals","paged","International Digital Ephemera Project","","open","bncjm_elfigaro_19220219","https://iiif.library.ucla.edu/iiif/2/ark%3A%2F21198%2Fz12k6b51%2F5yLIylfn4","https://iiif.library.ucla.edu/ark%3A%2F21198%2Fz12k6b51/manifest"
"Work","ark:/21198/z1v79htf","ark:/21198/z1xt5tr7","","1922-02-26 (vol. 39, no. 09)","","","Havana (Cuba)","vol. 39","no. 09","1922-02-26","1922-02-26","spa","text","newspapers","24 pages","","El Fígaro 1922-02-26","Biblioteca Nacional de Cuba José Martí","unknown","published","http://www.bnjm.cu, portal@bnjm.cu","","Cuban literature--Periodicals|~|Cuba--Intellectual life--Periodicals|~|Sports--Cuba--Periodicals","paged","International Digital Ephemera Project","","open","bncjm_elfigaro_19220226","https://iiif.library.ucla.edu/iiif/2/ark%3A%2F21198%2Fz1xt5tr7%2F2wKXg8Hc7","https://iiif.library.ucla.edu/ark%3A%2F21198%2Fz1xt5tr7/manifest"
"Work","ark:/21198/z1v79htf","ark:/21198/z1t2531m","","1922-03-05 (vol. 39, no. 10)","","","Havana (Cuba)","vol. 39","no. 10","1922-03-05","1922-03-05","spa","text","newspapers","24 pages","","El Fígaro 1922-03-05","Biblioteca Nacional de Cuba José Martí","unknown","published","http://www.bnjm.cu, portal@bnjm.cu","","Cuban literature--Periodicals|~|Cuba--Intellectual life--Periodicals|~|Sports--Cuba--Periodicals","paged","International Digital Ephemera Project","","open","bncjm_elfigaro_19220305","https://iiif.library.ucla.edu/iiif/2/ark%3A%2F21198%2Fz1t2531m%2F2akzecZ3u","https://iiif.library.ucla.edu/ark%3A%2F21198%2Fz1t2531m/manifest"
"Work","ark:/21198/z1v79htf","ark:/21198/z1p94b8f","","1922-03-12 (vol. 39, no. 11)","","","Havana (Cuba)","vol. 39","no. 11","1922-03-12","1922-03-12","spa","text","newspapers","24 pages","","El Fígaro 1922-03-12","Biblioteca Nacional de Cuba José Martí","unknown","published","http://www.bnjm.cu, portal@bnjm.cu","","Cuban literature--Periodicals|~|Cuba--Intellectual life--Periodicals|~|Sports--Cuba--Periodicals","paged","International Digital Ephemera Project","","open","bncjm_elfigaro_19220312","https://iiif.library.ucla.edu/iiif/2/ark%3A%2F21198%2Fz1p94b8f%2FdVggfnyG3","https://iiif.library.ucla.edu/ark%3A%2F21198%2Fz1p94b8f/manifest"
"Work","ark:/21198/z1v79htf","ark:/21198/z1jn291b","","1922-03-19 (vol. 39, no. 12)","","","Havana (Cuba)","vol. 39","no. 12","1922-03-19","1922-03-19","spa","text","newspapers","24 pages","","El Fígaro 1922-03-19","Biblioteca Nacional de Cuba José Martí","unknown","published","http://www.bnjm.cu, portal@bnjm.cu","","Cuban literature--Periodicals|~|Cuba--Intellectual life--Periodicals|~|Sports--Cuba--Periodicals","paged","International Digital Ephemera Project","","open","bncjm_elfigaro_19220319","https://iiif.library.ucla.edu/iiif/2/ark%3A%2F21198%2Fz1jn291b%2FRQlfhfYYu","https://iiif.library.ucla.edu/ark%3A%2F21198%2Fz1jn291b/manifest"
"Work","ark:/21198/z1v79htf","ark:/21198/z1dw1j85","","1922-03-26 (vol. 39, no. 13)","","","Havana (Cuba)","vol. 39","no. 13","1922-03-26","1922-03-26","spa","text","newspapers","24 pages","","El Fígaro 1922-03-26","Biblioteca Nacional de Cuba José Martí","unknown","published","http://www.bnjm.cu, portal@bnjm.cu","","Cuban literature--Periodicals|~|Cuba--Intellectual life--Periodicals|~|Sports--Cuba--Periodicals","paged","International Digital Ephemera Project","","open","bncjm_elfigaro_19220326","https://iiif.library.ucla.edu/iiif/2/ark%3A%2F21198%2Fz1dw1j85%2F97eJOqt23","https://iiif.library.ucla.edu/ark%3A%2F21198%2Fz1dw1j85/manifest"
"Work","ark:/21198/z1v79htf","ark:/21198/z1940sgv","","1922-04-02 (vol. 39, no. 14)","","","Havana (Cuba)","vol. 39","no. 14","1922-04-02","1922-04-02","spa","text","newspapers","24 pages","","El Fígaro 1922-04-02","Biblioteca Nacional de Cuba José Martí","unknown","published","http://www.bnjm.cu, portal@bnjm.cu","","Cuban literature--Periodicals|~|Cuba--Intellectual life--Periodicals|~|Sports--Cuba--Periodicals","paged","International Digital Ephemera Project","","open","bncjm_elfigaro_19220402","https://iiif.library.ucla.edu/iiif/2/ark%3A%2F21198%2Fz1940sgv%2F9UGEeYEaQ","https://iiif.library.ucla.edu/ark%3A%2F21198%2Fz1940sgv/manifest"
"Work","ark:/21198/z1v79htf","ark:/21198/z15c01rh","","1922-04-09 (vol. 39, no. 15)","","","Havana (Cuba)","vol. 39","no. 15","1922-04-09","1922-04-09","spa","text","newspapers","24 pages","","El Fígaro 1922-04-09","Biblioteca Nacional de Cuba José Martí","unknown","published","http://www.bnjm.cu, portal@bnjm.cu","","Cuban literature--Periodicals|~|Cuba--Intellectual life--Periodicals|~|Sports--Cuba--Periodicals","paged","International Digital Ephemera Project","","open","bncjm_elfigaro_19220409","https://iiif.library.ucla.edu/iiif/2/ark%3A%2F21198%2Fz15c01rh%2FDEdukS95V","https://iiif.library.ucla.edu/ark%3A%2F21198%2Fz15c01rh/manifest"
"Work","ark:/21198/z1v79htf","ark:/21198/z11k993j","","1922-04-16 (vol. 39, no. 16)","","","Havana (Cuba)","vol. 39","no. 16","1922-04-16","1922-04-16","spa","text","newspapers","24 pages","","El Fígaro 1922-04-16","Biblioteca Nacional de Cuba José Martí","unknown","published","http://www.bnjm.cu, portal@bnjm.cu","","Cuban literature--Periodicals|~|Cuba--Intellectual life--Periodicals|~|Sports--Cuba--Periodicals","paged","International Digital Ephemera Project","","open","bncjm_elfigaro_19220416","https://iiif.library.ucla.edu/iiif/2/ark%3A%2F21198%2Fz11k993j%2FWWT7qrqDq","https://iiif.library.ucla.edu/ark%3A%2F21198%2Fz11k993j/manifest"
"Work","ark:/21198/z1v79htf","ark:/21198/z1wt8skd","","1922-04-23 (vol. 39, no. 17)","","","Havana (Cuba)","vol. 39","no. 17","1922-04-23","1922-04-23","spa","text","newspapers","24 pages","","El Fígaro 1922-04-23","Biblioteca Nacional de Cuba José Martí","unknown","published","http://www.bnjm.cu, portal@bnjm.cu","","Cuban literature--Periodicals|~|Cuba--Intellectual life--Periodicals|~|Sports--Cuba--Periodicals","paged","International Digital Ephemera Project","","open","bncjm_elfigaro_19220423","https://iiif.library.ucla.edu/iiif/2/ark%3A%2F21198%2Fz1wt8skd%2FXmvkOeuqX","https://iiif.library.ucla.edu/ark%3A%2F21198%2Fz1wt8skd/manifest"
"Work","ark:/21198/z1v79htf","ark:/21198/z1s281wt","","1922-04-30 (vol. 39, no. 18)","","","Havana (Cuba)","vol. 39","no. 18","1922-04-30","1922-04-30","spa","text","newspapers","24 pages","","El Fígaro 1922-04-30","Biblioteca Nacional de Cuba José Martí","unknown","published","http://www.bnjm.cu, portal@bnjm.cu","","Cuban literature--Periodicals|~|Cuba--Intellectual life--Periodicals|~|Sports--Cuba--Periodicals","paged","International Digital Ephemera Project","","open","bncjm_elfigaro_19220430","https://iiif.library.ucla.edu/iiif/2/ark%3A%2F21198%2Fz1s281wt%2FAvQPZfQ18","https://iiif.library.ucla.edu/ark%3A%2F21198%2Fz1s281wt/manifest"
"Work","ark:/21198/z1v79htf","ark:/21198/z1nd60jc","","1922-05-07 (vol. 39, no. 19)","","","Havana (Cuba)","vol. 39","no. 19","1922-05-07","1922-05-07","spa","text","newspapers","24 pages","","El Fígaro 1922-05-07","Biblioteca Nacional de Cuba José Martí","unknown","published","http://www.bnjm.cu, portal@bnjm.cu","","Cuban literature--Periodicals|~|Cuba--Intellectual life--Periodicals|~|Sports--Cuba--Periodicals","paged","International Digital Ephemera Project","","open","bncjm_elfigaro_19220507","https://iiif.library.ucla.edu/iiif/2/ark%3A%2F21198%2Fz1nd60jc%2FoxurNEvpP","https://iiif.library.ucla.edu/ark%3A%2F21198%2Fz1nd60jc/manifest"
"Work","ark:/21198/z1v79htf","ark:/21198/z1hn57s6","","1922-05-14 (vol. 39, no. 20)","","","Havana (Cuba)","vol. 39","no. 20","1922-05-14","1922-05-14","spa","text","newspapers","24 pages","","El Fígaro 1922-05-14","Biblioteca Nacional de Cuba José Martí","unknown","published","http://www.bnjm.cu, portal@bnjm.cu","","Cuban literature--Periodicals|~|Cuba--Intellectual life--Periodicals|~|Sports--Cuba--Periodicals","paged","International Digital Ephemera Project","","open","bncjm_elfigaro_19220514","https://iiif.library.ucla.edu/iiif/2/ark%3A%2F21198%2Fz1hn57s6%2FaHewrrRLo","https://iiif.library.ucla.edu/ark%3A%2F21198%2Fz1hn57s6/manifest"
"Work","ark:/21198/z1v79htf","ark:/21198/z1cw4h1f","","1922-05-21 (vol. 39, no. 21)","","","Havana (Cuba)","vol. 39","no. 21","1922-05-21","1922-05-21","spa","text","newspapers","28 pages","","El Fígaro 1922-05-21","Biblioteca Nacional de Cuba José Martí","unknown","published","http://www.bnjm.cu, portal@bnjm.cu","","Cuban literature--Periodicals|~|Cuba--Intellectual life--Periodicals|~|Sports--Cuba--Periodicals","paged","International Digital Ephemera Project","","open","bncjm_elfigaro_19220521","https://iiif.library.ucla.edu/iiif/2/ark%3A%2F21198%2Fz1cw4h1f%2F4V6SUtkrO","https://iiif.library.ucla.edu/ark%3A%2F21198%2Fz1cw4h1f/manifest"
"Work","ark:/21198/z1v79htf","ark:/21198/z1843r91","","1922-05-28 (vol. 39, no. 22)","","","Havana (Cuba)","vol. 39","no. 22","1922-05-28","1922-05-28","spa","text","newspapers","24 pages","","El Fígaro 1922-05-28","Biblioteca Nacional de Cuba José Martí","unknown","published","http://www.bnjm.cu, portal@bnjm.cu","","Cuban literature--Periodicals|~|Cuba--Intellectual life--Periodicals|~|Sports--Cuba--Periodicals","paged","International Digital Ephemera Project","","open","bncjm_elfigaro_19220528","https://iiif.library.ucla.edu/iiif/2/ark%3A%2F21198%2Fz1843r91%2FczKTIGOkj","https://iiif.library.ucla.edu/ark%3A%2F21198%2Fz1843r91/manifest"
"Work","ark:/21198/z1v79htf","ark:/21198/z14c30m4","","1922-06-04 (vol. 39, no. 23)","","","Havana (Cuba)","vol. 39","no. 23","1922-06-04","1922-06-04","spa","text","newspapers","24 pages","","El Fígaro 1922-06-04","Biblioteca Nacional de Cuba José Martí","unknown","published","http://www.bnjm.cu, portal@bnjm.cu","","Cuban literature--Periodicals|~|Cuba--Intellectual life--Periodicals|~|Sports--Cuba--Periodicals","paged","International Digital Ephemera Project","","open","bncjm_elfigaro_19220604","https://iiif.library.ucla.edu/iiif/2/ark%3A%2F21198%2Fz14c30m4%2FWiZlEtuZ1","https://iiif.library.ucla.edu/ark%3A%2F21198%2Fz14c30m4/manifest"
"Work","ark:/21198/z1v79htf","ark:/21198/z10m27xv","","1922-06-11 (vol. 39, no. 24)","","","Havana (Cuba)","vol. 39","no. 24","1922-06-11","1922-06-11","spa","text","newspapers","24 pages","","El Fígaro 1922-06-11","Biblioteca Nacional de Cuba José Martí","unknown","published","http://www.bnjm.cu, portal@bnjm.cu","","Cuban literature--Periodicals|~|Cuba--Intellectual life--Periodicals|~|Sports--Cuba--Periodicals","paged","International Digital Ephemera Project","","open","bncjm_elfigaro_19220611","https://iiif.library.ucla.edu/iiif/2/ark%3A%2F21198%2Fz10m27xv%2FZrRGAWJtq","https://iiif.library.ucla.edu/ark%3A%2F21198%2Fz10m27xv/manifest"
"Work","ark:/21198/z1v79htf","ark:/21198/z1vv1rhg","","1922-06-18 (vol. 39, no. 25)","","","Havana (Cuba)","vol. 39","no. 25","1922-06-18","1922-06-18","spa","text","newspapers","24 pages","","El Fígaro 1922-06-18","Biblioteca Nacional de Cuba José Martí","unknown","published","http://www.bnjm.cu, portal@bnjm.cu","","Cuban literature--Periodicals|~|Cuba--Intellectual life--Periodicals|~|Sports--Cuba--Periodicals","paged","International Digital Ephemera Project","","open","bncjm_elfigaro_19220618","https://iiif.library.ucla.edu/iiif/2/ark%3A%2F21198%2Fz1vv1rhg%2FVWsCiiiWI","https://iiif.library.ucla.edu/ark%3A%2F21198%2Fz1vv1rhg/manifest"
"Work","ark:/21198/z1v79htf","ark:/21198/z1r59q3w","","1922-06-25 (vol. 39, no. 26)","","","Havana (Cuba)","vol. 39","no. 26","1922-06-25","1922-06-25","spa","text","newspapers","24 pages","","El Fígaro 1922-06-25","Biblioteca Nacional de Cuba José Martí","unknown","published","http://www.bnjm.cu, portal@bnjm.cu","","Cuban literature--Periodicals|~|Cuba--Intellectual life--Periodicals|~|Sports--Cuba--Periodicals","paged","International Digital Ephemera Project","","open","bncjm_elfigaro_19220625","https://iiif.library.ucla.edu/iiif/2/ark%3A%2F21198%2Fz1r59q3w%2FYhGLD8jE6","https://iiif.library.ucla.edu/ark%3A%2F21198%2Fz1r59q3w/manifest"
"Work","ark:/21198/z1v79htf","ark:/21198/z1md8zdm","","1922-07-02 (vol. 39, no. 27)","","","Havana (Cuba)","vol. 39","no. 27","1922-07-02","1922-07-02","spa","text","newspapers","26 pages","","El Fígaro 1922-07-02","Biblioteca Nacional de Cuba José Martí","unknown","published","http://www.bnjm.cu, portal@bnjm.cu","","Cuban literature--Periodicals|~|Cuba--Intellectual life--Periodicals|~|Sports--Cuba--Periodicals","paged","International Digital Ephemera Project","","open","bncjm_elfigaro_19220702","https://iiif.library.ucla.edu/iiif/2/ark%3A%2F21198%2Fz1md8zdm%2FZAEduAt85","https://iiif.library.ucla.edu/ark%3A%2F21198%2Fz1md8zdm/manifest"
"Work","ark:/21198/z1v79htf","ark:/21198/z1gn86mc","","1922-07-09 (vol. 39, no. 28)","","","Havana (Cuba)","vol. 39","no. 28","1922-07-09","1922-07-09","spa","text","newspapers","24 pages","","El Fígaro 1922-07-09","Biblioteca Nacional de Cuba José Martí","unknown","published","http://www.bnjm.cu, portal@bnjm.cu","","Cuban literature--Periodicals|~|Cuba--Intellectual life--Periodicals|~|Sports--Cuba--Periodicals","paged","International Digital Ephemera Project","","open","bncjm_elfigaro_19220709","https://iiif.library.ucla.edu/iiif/2/ark%3A%2F21198%2Fz1gn86mc%2FXLZ2G8j0P","https://iiif.library.ucla.edu/ark%3A%2F21198%2Fz1gn86mc/manifest"
"Work","ark:/21198/z1v79htf","ark:/21198/z1bw7g0d","","1922-07-16 (vol. 39, no. 29)","","","Havana (Cuba)","vol. 39","no. 29","1922-07-16","1922-07-16","spa","text","newspapers","24 pages","","El Fígaro 1922-07-16","Biblioteca Nacional de Cuba José Martí","unknown","published","http://www.bnjm.cu, portal@bnjm.cu","","Cuban literature--Periodicals|~|Cuba--Intellectual life--Periodicals|~|Sports--Cuba--Periodicals","paged","International Digital Ephemera Project","","open","bncjm_elfigaro_19220716","https://iiif.library.ucla.edu/iiif/2/ark%3A%2F21198%2Fz1bw7g0d%2Fo1UVKDLvY","https://iiif.library.ucla.edu/ark%3A%2F21198%2Fz1bw7g0d/manifest"
"Work","ark:/21198/z1v79htf","ark:/21198/z1746q9f","","1922-07-23 (vol. 39, no. 30)","","","Havana (Cuba)","vol. 39","no. 30","1922-07-23","1922-07-23","spa","text","newspapers","24 pages","","El Fígaro 1922-07-23","Biblioteca Nacional de Cuba José Martí","unknown","published","http://www.bnjm.cu, portal@bnjm.cu","","Cuban literature--Periodicals|~|Cuba--Intellectual life--Periodicals|~|Sports--Cuba--Periodicals","paged","International Digital Ephemera Project","","open","bncjm_elfigaro_19220723","https://iiif.library.ucla.edu/iiif/2/ark%3A%2F21198%2Fz1746q9f%2Fn3Xt7vv1o","https://iiif.library.ucla.edu/ark%3A%2F21198%2Fz1746q9f/manifest"
"Work","ark:/21198/z1v79htf","ark:/21198/z13c5zkq","","1922-07-30 (vol. 39, no. 31)","","","Havana (Cuba)","vol. 39","no. 31","1922-07-30","1922-07-30","spa","text","newspapers","24 pages","","El Fígaro 1922-07-30","Biblioteca Nacional de Cuba José Martí","unknown","published","http://www.bnjm.cu, portal@bnjm.cu","","Cuban literature--Periodicals|~|Cuba--Intellectual life--Periodicals|~|Sports--Cuba--Periodicals","paged","International Digital Ephemera Project","","open","bncjm_elfigaro_19220730","https://iiif.library.ucla.edu/iiif/2/ark%3A%2F21198%2Fz13c5zkq%2FTVzykrsOh","https://iiif.library.ucla.edu/ark%3A%2F21198%2Fz13c5zkq/manifest"
"Work","ark:/21198/z1v79htf","ark:/21198/z1zq45gp","","1922-08-06 (vol. 39, no. 32)","","","Havana (Cuba)","vol. 39","no. 32","1922-08-06","1922-08-06","spa","text","newspapers","24 pages","","El Fígaro 1922-08-06","Biblioteca Nacional de Cuba José Martí","unknown","published","http://www.bnjm.cu, portal@bnjm.cu","","Cuban literature--Periodicals|~|Cuba--Intellectual life--Periodicals|~|Sports--Cuba--Periodicals","paged","International Digital Ephemera Project","","open","bncjm_elfigaro_19220806","https://iiif.library.ucla.edu/iiif/2/ark%3A%2F21198%2Fz1zq45gp%2FZvN9kzhwx","https://iiif.library.ucla.edu/ark%3A%2F21198%2Fz1zq45gp/manifest"
"Work","ark:/21198/z1v79htf","ark:/21198/z1tz3dsd","","1922-08-13 (vol. 39, no. 33)","","","Havana (Cuba)","vol. 39","no. 33","1922-08-13","1922-08-13","spa","text","newspapers","24 pages","","El Fígaro 1922-08-13","Biblioteca Nacional de Cuba José Martí","unknown","published","http://www.bnjm.cu, portal@bnjm.cu","","Cuban literature--Periodicals|~|Cuba--Intellectual life--Periodicals|~|Sports--Cuba--Periodicals","paged","International Digital Ephemera Project","","open","bncjm_elfigaro_19220813","https://iiif.library.ucla.edu/iiif/2/ark%3A%2F21198%2Fz1tz3dsd%2FWMU9ikczH","https://iiif.library.ucla.edu/ark%3A%2F21198%2Fz1tz3dsd/manifest"
"Work","ark:/21198/z1v79htf","ark:/21198/z1q62p1z","","1922-08-20 (vol. 39, no. 34)","","","Havana (Cuba)","vol. 39","no. 34","1922-08-20","1922-08-20","spa","text","newspapers","22 pages","","El Fígaro 1922-08-20","Biblioteca Nacional de Cuba José Martí","unknown","published","http://www.bnjm.cu, portal@bnjm.cu","","Cuban literature--Periodicals|~|Cuba--Intellectual life--Periodicals|~|Sports--Cuba--Periodicals","paged","International Digital Ephemera Project","","open","bncjm_elfigaro_19220820","https://iiif.library.ucla.edu/iiif/2/ark%3A%2F21198%2Fz1q62p1z%2FQ7iO2gGyd","https://iiif.library.ucla.edu/ark%3A%2F21198%2Fz1q62p1z/manifest"
"Work","ark:/21198/z1v79htf","ark:/21198/z1kf1x7b","","1922-08-27 (vol. 39, no. 35)","","","Havana (Cuba)","vol. 39","no. 35","1922-08-27","1922-08-27","spa","text","newspapers","24 pages","","El Fígaro 1922-08-27","Biblioteca Nacional de Cuba José Martí","unknown","published","http://www.bnjm.cu, portal@bnjm.cu","","Cuban literature--Periodicals|~|Cuba--Intellectual life--Periodicals|~|Sports--Cuba--Periodicals","paged","International Digital Ephemera Project","","open","bncjm_elfigaro_19220827","https://iiif.library.ucla.edu/iiif/2/ark%3A%2F21198%2Fz1kf1x7b%2F0gcIhpyo5","https://iiif.library.ucla.edu/ark%3A%2F21198%2Fz1kf1x7b/manifest"
"Work","ark:/21198/z1v79htf","ark:/21198/z1fp15h0","","1922-09-03 (vol. 39, no. 36)","","","Havana (Cuba)","vol. 39","no. 36","1922-09-03","1922-09-03","spa","text","newspapers","24 pages","","El Fígaro 1922-09-03","Biblioteca Nacional de Cuba José Martí","unknown","published","http://www.bnjm.cu, portal@bnjm.cu","","Cuban literature--Periodicals|~|Cuba--Intellectual life--Periodicals|~|Sports--Cuba--Periodicals","paged","International Digital Ephemera Project","","open","bncjm_elfigaro_19220903","https://iiif.library.ucla.edu/iiif/2/ark%3A%2F21198%2Fz1fp15h0%2FfchANoo9U","https://iiif.library.ucla.edu/ark%3A%2F21198%2Fz1fp15h0/manifest"
"Work","ark:/21198/z1v79htf","ark:/21198/z19x0dv5","","1922-09-10 (vol. 39, no. 37)","","","Havana (Cuba)","vol. 39","no. 37","1922-09-10","1922-09-10","spa","text","newspapers","24 pages","","El Fígaro 1922-09-10","Biblioteca Nacional de Cuba José Martí","unknown","published","http://www.bnjm.cu, portal@bnjm.cu","","Cuban literature--Periodicals|~|Cuba--Intellectual life--Periodicals|~|Sports--Cuba--Periodicals","paged","International Digital Ephemera Project","","open","bncjm_elfigaro_19220910","https://iiif.library.ucla.edu/iiif/2/ark%3A%2F21198%2Fz19x0dv5%2FgIPrsEER8","https://iiif.library.ucla.edu/ark%3A%2F21198%2Fz19x0dv5/manifest"
"Work","ark:/21198/z1v79htf","ark:/21198/z1649p35","","1922-09-17 (vol. 39, no. 38)","","","Havana (Cuba)","vol. 39","no. 38","1922-09-17","1922-09-17","spa","text","newspapers","24 pages","","El Fígaro 1922-09-17","Biblioteca Nacional de Cuba José Martí","unknown","published","http://www.bnjm.cu, portal@bnjm.cu","","Cuban literature--Periodicals|~|Cuba--Intellectual life--Periodicals|~|Sports--Cuba--Periodicals","paged","International Digital Ephemera Project","","open","bncjm_elfigaro_19220917","https://iiif.library.ucla.edu/iiif/2/ark%3A%2F21198%2Fz1649p35%2Fn0KRQZA62","https://iiif.library.ucla.edu/ark%3A%2F21198%2Fz1649p35/manifest"
"Work","ark:/21198/z1v79htf","ark:/21198/z12g7msr","","1922-09-24 (vol. 39, no. 39)","","","Havana (Cuba)","vol. 39","no. 39","1922-09-24","1922-09-24","spa","text","newspapers","24 pages","","El Fígaro 1922-09-24","Biblioteca Nacional de Cuba José Martí","unknown","published","http://www.bnjm.cu, portal@bnjm.cu","","Cuban literature--Periodicals|~|Cuba--Intellectual life--Periodicals|~|Sports--Cuba--Periodicals","paged","International Digital Ephemera Project","","open","bncjm_elfigaro_19220924","https://iiif.library.ucla.edu/iiif/2/ark%3A%2F21198%2Fz12g7msr%2FIWibg0VZZ","https://iiif.library.ucla.edu/ark%3A%2F21198%2Fz12g7msr/manifest"
"Work","ark:/21198/z1v79htf","ark:/21198/z1xq749v","","1922-10-01 (vol. 39, no. 40)","","","Havana (Cuba)","vol. 39","no. 40","1922-10-01","1922-10-01","spa","text","newspapers","24 pages","","El Fígaro 1922-10-01","Biblioteca Nacional de Cuba José Martí","unknown","published","http://www.bnjm.cu, portal@bnjm.cu","","Cuban literature--Periodicals|~|Cuba--Intellectual life--Periodicals|~|Sports--Cuba--Periodicals","paged","International Digital Ephemera Project","","open","bncjm_elfigaro_19221001","https://iiif.library.ucla.edu/iiif/2/ark%3A%2F21198%2Fz1xq749v%2F30Hx0ChE8","https://iiif.library.ucla.edu/ark%3A%2F21198%2Fz1xq749v/manifest"
"Work","ark:/21198/z1v79htf","ark:/21198/z1sz6ck4","","1922-10-08 (vol. 39, no. 41)","","","Havana (Cuba)","vol. 39","no. 41","1922-10-08","1922-10-08","spa","text","newspapers","24 pages","","El Fígaro 1922-10-08","Biblioteca Nacional de Cuba José Martí","unknown","published","http://www.bnjm.cu, portal@bnjm.cu","","Cuban literature--Periodicals|~|Cuba--Intellectual life--Periodicals|~|Sports--Cuba--Periodicals","paged","International Digital Ephemera Project","","open","bncjm_elfigaro_19221008","https://iiif.library.ucla.edu/iiif/2/ark%3A%2F21198%2Fz1sz6ck4%2FrhJSFrevN","https://iiif.library.ucla.edu/ark%3A%2F21198%2Fz1sz6ck4/manifest"
"Work","ark:/21198/z1v79htf","ark:/21198/z1p65mt8","","1922-10-15 (vol. 39, no. 42-43)","","","Havana (Cuba)","vol. 39","no. 42, 43","1922-10-15/1922-10-22","1922-10-15/1922-10-22","spa","text","newspapers","28 pages","","El Fígaro 1922-10-15, 1922-10-22","Biblioteca Nacional de Cuba José Martí","unknown","published","http://www.bnjm.cu, portal@bnjm.cu","","Cuban literature--Periodicals|~|Cuba--Intellectual life--Periodicals|~|Sports--Cuba--Periodicals","paged","International Digital Ephemera Project","","open","bncjm_elfigaro_19221015_19221022","https://iiif.library.ucla.edu/iiif/2/ark%3A%2F21198%2Fz1p65mt8%2FofnlXWI7o","https://iiif.library.ucla.edu/ark%3A%2F21198%2Fz1p65mt8/manifest"
"Work","ark:/21198/z1v79htf","ark:/21198/z1jf4w3z","","1922-10-29 (vol. 39, no. 44)","","","Havana (Cuba)","vol. 39","no. 44","1922-10-29","1922-10-29","spa","text","newspapers","24 pages","","El Fígaro 1922-10-29","Biblioteca Nacional de Cuba José Martí","unknown","published","http://www.bnjm.cu, portal@bnjm.cu","","Cuban literature--Periodicals|~|Cuba--Intellectual life--Periodicals|~|Sports--Cuba--Periodicals","paged","International Digital Ephemera Project","","open","bncjm_elfigaro_19221029","https://iiif.library.ucla.edu/iiif/2/ark%3A%2F21198%2Fz1jf4w3z%2FXVDksgOW1","https://iiif.library.ucla.edu/ark%3A%2F21198%2Fz1jf4w3z/manifest"
"Work","ark:/21198/z1v79htf","ark:/21198/z1dp44cm","","1922-11-05 (vol. 39, no. 45)","","","Havana (Cuba)","vol. 39","no. 45","1922-11-05","1922-11-05","spa","text","newspapers","24 pages","","El Fígaro 1922-11-05","Biblioteca Nacional de Cuba José Martí","unknown","published","http://www.bnjm.cu, portal@bnjm.cu","","Cuban literature--Periodicals|~|Cuba--Intellectual life--Periodicals|~|Sports--Cuba--Periodicals","paged","International Digital Ephemera Project","","open","bncjm_elfigaro_19221105","https://iiif.library.ucla.edu/iiif/2/ark%3A%2F21198%2Fz1dp44cm%2F5Ye9GDpcB","https://iiif.library.ucla.edu/ark%3A%2F21198%2Fz1dp44cm/manifest"
"Work","ark:/21198/z1v79htf","ark:/21198/z18x3cpb","","1922-11-12 (vol. 39, no. 46)","","","Havana (Cuba)","vol. 39","no. 46","1922-11-12","1922-11-12","spa","text","newspapers","24 pages","","El Fígaro 1922-11-12","Biblioteca Nacional de Cuba José Martí","unknown","published","http://www.bnjm.cu, portal@bnjm.cu","","Cuban literature--Periodicals|~|Cuba--Intellectual life--Periodicals|~|Sports--Cuba--Periodicals","paged","International Digital Ephemera Project","","open","bncjm_elfigaro_19221112","https://iiif.library.ucla.edu/iiif/2/ark%3A%2F21198%2Fz18x3cpb%2FUSVTLXXUo","https://iiif.library.ucla.edu/ark%3A%2F21198%2Fz18x3cpb/manifest"
"Work","ark:/21198/z1v79htf","ark:/21198/z1581bd3","","1922-11-19 (vol. 39, no. 47)","","","Havana (Cuba)","vol. 39","no. 47","1922-11-19","1922-11-19","spa","text","newspapers","24 pages","","El Fígaro 1922-11-19","Biblioteca Nacional de Cuba José Martí","unknown","published","http://www.bnjm.cu, portal@bnjm.cu","","Cuban literature--Periodicals|~|Cuba--Intellectual life--Periodicals|~|Sports--Cuba--Periodicals","paged","International Digital Ephemera Project","","open","bncjm_elfigaro_19221119","https://iiif.library.ucla.edu/iiif/2/ark%3A%2F21198%2Fz1581bd3%2FBlT4Jnnol","https://iiif.library.ucla.edu/ark%3A%2F21198%2Fz1581bd3/manifest"
"Work","ark:/21198/z1v79htf","ark:/21198/z11h0knx","","1922-11-26 (vol. 39, no. 48)","","","Havana (Cuba)","vol. 39","no. 48","1922-11-26","1922-11-26","spa","text","newspapers","24 pages","","El Fígaro 1922-11-26","Biblioteca Nacional de Cuba José Martí","unknown","published","http://www.bnjm.cu, portal@bnjm.cu","","Cuban literature--Periodicals|~|Cuba--Intellectual life--Periodicals|~|Sports--Cuba--Periodicals","paged","International Digital Ephemera Project","","open","bncjm_elfigaro_19221126","https://iiif.library.ucla.edu/iiif/2/ark%3A%2F21198%2Fz11h0knx%2FdzmpBW6HR","https://iiif.library.ucla.edu/ark%3A%2F21198%2Fz11h0knx/manifest"
"Work","ark:/21198/z1v79htf","ark:/21198/z1wr0351","","1922-12-03 (vol. 39, no. 49)","","","Havana (Cuba)","vol. 39","no. 49","1922-12-03","1922-12-03","spa","text","newspapers","24 pages","","El Fígaro 1922-12-03","Biblioteca Nacional de Cuba José Martí","unknown","published","http://www.bnjm.cu, portal@bnjm.cu","","Cuban literature--Periodicals|~|Cuba--Intellectual life--Periodicals|~|Sports--Cuba--Periodicals","paged","International Digital Ephemera Project","","open","bncjm_elfigaro_19221203","https://iiif.library.ucla.edu/iiif/2/ark%3A%2F21198%2Fz1wr0351%2Fvf2XwUfiE","https://iiif.library.ucla.edu/ark%3A%2F21198%2Fz1wr0351/manifest"
"Work","ark:/21198/z1v79htf","ark:/21198/z1rz9bd9","","1922-12-10 (vol. 39, no. 50)","","","Havana (Cuba)","vol. 39","no. 50","1922-12-10","1922-12-10","spa","text","newspapers","24 pages","","El Fígaro 1922-12-10","Biblioteca Nacional de Cuba José Martí","unknown","published","http://www.bnjm.cu, portal@bnjm.cu","","Cuban literature--Periodicals|~|Cuba--Intellectual life--Periodicals|~|Sports--Cuba--Periodicals","paged","International Digital Ephemera Project","","open","bncjm_elfigaro_19221210","https://iiif.library.ucla.edu/iiif/2/ark%3A%2F21198%2Fz1rz9bd9%2FEpbWsEnrT","https://iiif.library.ucla.edu/ark%3A%2F21198%2Fz1rz9bd9/manifest"
"Work","ark:/21198/z1v79htf","ark:/21198/z1n68krs","","1922-12-17 (vol. 39, no. 51)","","","Havana (Cuba)","vol. 39","no. 51","1922-12-17","1922-12-17","spa","text","newspapers","24 pages","","El Fígaro 1922-12-17","Biblioteca Nacional de Cuba José Martí","unknown","published","http://www.bnjm.cu, portal@bnjm.cu","","Cuban literature--Periodicals|~|Cuba--Intellectual life--Periodicals|~|Sports--Cuba--Periodicals","paged","International Digital Ephemera Project","","open","bncjm_elfigaro_19221217","https://iiif.library.ucla.edu/iiif/2/ark%3A%2F21198%2Fz1n68krs%2FeWyPJhVGw","https://iiif.library.ucla.edu/ark%3A%2F21198%2Fz1n68krs/manifest"
"Work","ark:/21198/z1v79htf","ark:/21198/z1hf7v2x","","1922-12-24 (vol. 39, no. 52)","","","Havana (Cuba)","vol. 39","no. 52","1922-12-24","1922-12-24","spa","text","newspapers","24 pages","","El Fígaro 1922-12-24","Biblioteca Nacional de Cuba José Martí","unknown","published","http://www.bnjm.cu, portal@bnjm.cu","","Cuban literature--Periodicals|~|Cuba--Intellectual life--Periodicals|~|Sports--Cuba--Periodicals","paged","International Digital Ephemera Project","","open","bncjm_elfigaro_19221224","https://iiif.library.ucla.edu/iiif/2/ark%3A%2F21198%2Fz1hf7v2x%2FnHe5mDf30","https://iiif.library.ucla.edu/ark%3A%2F21198%2Fz1hf7v2x/manifest"
"Work","ark:/21198/z1v79htf","ark:/21198/z1cp73bk","","1922-12-31 (vol. 39, no. 53)","","","Havana (Cuba)","vol. 39","no. 53","1922-12-31","1922-12-31","spa","text","newspapers","22 pages","","El Fígaro 1922-12-31","Biblioteca Nacional de Cuba José Martí","unknown","published","http://www.bnjm.cu, portal@bnjm.cu","","Cuban literature--Periodicals|~|Cuba--Intellectual life--Periodicals|~|Sports--Cuba--Periodicals","paged","International Digital Ephemera Project","","open","bncjm_elfigaro_19221231","https://iiif.library.ucla.edu/iiif/2/ark%3A%2F21198%2Fz1cp73bk%2FmWXrGZ3xl","https://iiif.library.ucla.edu/ark%3A%2F21198%2Fz1cp73bk/manifest"
"Work","ark:/21198/z1v79htf","ark:/21198/z181521w","","1923-01-07 (vol. 40, no. 01)","","","Havana (Cuba)","vol. 40","no. 01","1923-01-07","1923-01-07","spa","text","newspapers","26 pages","","El Fígaro 1923-01-07","Biblioteca Nacional de Cuba José Martí","unknown","published","http://www.bnjm.cu, portal@bnjm.cu","","Cuban literature--Periodicals|~|Cuba--Intellectual life--Periodicals|~|Sports--Cuba--Periodicals","paged","International Digital Ephemera Project","","open","bncjm_elfigaro_19230107","https://iiif.library.ucla.edu/iiif/2/ark%3A%2F21198%2Fz181521w%2FgK1waMKzY","https://iiif.library.ucla.edu/ark%3A%2F21198%2Fz181521w/manifest"
"Work","ark:/21198/z1v79htf","ark:/21198/z1484995","","1923-01-14 (vol. 40, no. 02)","","","Havana (Cuba)","vol. 40","no. 02","1923-01-14","1923-01-14","spa","text","newspapers","24 pages","","El Fígaro 1923-01-14","Biblioteca Nacional de Cuba José Martí","unknown","published","http://www.bnjm.cu, portal@bnjm.cu","","Cuban literature--Periodicals|~|Cuba--Intellectual life--Periodicals|~|Sports--Cuba--Periodicals","paged","International Digital Ephemera Project","","open","bncjm_elfigaro_19230114","https://iiif.library.ucla.edu/iiif/2/ark%3A%2F21198%2Fz1484995%2FS0yiBslD7","https://iiif.library.ucla.edu/ark%3A%2F21198%2Fz1484995/manifest"
"Work","ark:/21198/z1v79htf","ark:/21198/z10h3jj0","","1923-01-21 (vol. 40, no. 03)","","","Havana (Cuba)","vol. 40","no. 03","1923-01-21","1923-01-21","spa","text","newspapers","24 pages","","El Fígaro 1923-01-21","Biblioteca Nacional de Cuba José Martí","unknown","published","http://www.bnjm.cu, portal@bnjm.cu","","Cuban literature--Periodicals|~|Cuba--Intellectual life--Periodicals|~|Sports--Cuba--Periodicals","paged","International Digital Ephemera Project","","open","bncjm_elfigaro_19230121","https://iiif.library.ucla.edu/iiif/2/ark%3A%2F21198%2Fz10h3jj0%2FGLoIV85Ln","https://iiif.library.ucla.edu/ark%3A%2F21198%2Fz10h3jj0/manifest"
"Work","ark:/21198/z1v79htf","ark:/21198/z1vr31zb","","1923-01-28 (vol. 40, no. 04-05)","","","Havana (Cuba)","vol. 40","no. 04, 05","1923-01-28/1923-02-11","1923-01-28/1923-02-11","spa","text","newspapers","28 pages","","El Fígaro 1923-01-28, 1923-02-04","Biblioteca Nacional de Cuba José Martí","unknown","published","http://www.bnjm.cu, portal@bnjm.cu","","Cuban literature--Periodicals|~|Cuba--Intellectual life--Periodicals|~|Sports--Cuba--Periodicals","paged","International Digital Ephemera Project","","open","bncjm_elfigaro_19230128_19230204","https://iiif.library.ucla.edu/iiif/2/ark%3A%2F21198%2Fz1vr31zb%2FgYv9AaARN","https://iiif.library.ucla.edu/ark%3A%2F21198%2Fz1vr31zb/manifest"
"Work","ark:/21198/z1v79htf","ark:/21198/z1r0298s","","1923-02-11 (vol. 40, no. 06)","","","Havana (Cuba)","vol. 40","no. 06","1923-02-11","1923-02-11","spa","text","newspapers","24 pages","","El Fígaro 1923-02-11","Biblioteca Nacional de Cuba José Martí","unknown","published","http://www.bnjm.cu, portal@bnjm.cu","","Cuban literature--Periodicals|~|Cuba--Intellectual life--Periodicals|~|Sports--Cuba--Periodicals","paged","International Digital Ephemera Project","","open","bncjm_elfigaro_19230211","https://iiif.library.ucla.edu/iiif/2/ark%3A%2F21198%2Fz1r0298s%2FQOTE38BOQ","https://iiif.library.ucla.edu/ark%3A%2F21198%2Fz1r0298s/manifest"
"Work","ark:/21198/z1v79htf","ark:/21198/z1m71jmz","","1923-02-18 (vol. 40, no. 07)","","","Havana (Cuba)","vol. 40","no. 07","1923-02-18","1923-02-18","spa","text","newspapers","24 pages","","El Fígaro 1923-02-18","Biblioteca Nacional de Cuba José Martí","unknown","published","http://www.bnjm.cu, portal@bnjm.cu","","Cuban literature--Periodicals|~|Cuba--Intellectual life--Periodicals|~|Sports--Cuba--Periodicals","paged","International Digital Ephemera Project","","open","bncjm_elfigaro_19230218","https://iiif.library.ucla.edu/iiif/2/ark%3A%2F21198%2Fz1m71jmz%2FLVgXQm2xv","https://iiif.library.ucla.edu/ark%3A%2F21198%2Fz1m71jmz/manifest"
"Work","ark:/21198/z1v79htf","ark:/21198/z1gg0svs","","1923-02-25 (vol. 40, no. 08)","","","Havana (Cuba)","vol. 40","no. 08","1923-02-25","1923-02-25","spa","text","newspapers","24 pages","","El Fígaro 1923-02-25","Biblioteca Nacional de Cuba José Martí","unknown","published","http://www.bnjm.cu, portal@bnjm.cu","","Cuban literature--Periodicals|~|Cuba--Intellectual life--Periodicals|~|Sports--Cuba--Periodicals","paged","International Digital Ephemera Project","","open","bncjm_elfigaro_19230225","https://iiif.library.ucla.edu/iiif/2/ark%3A%2F21198%2Fz1gg0svs%2FgRAoheaUc","https://iiif.library.ucla.edu/ark%3A%2F21198%2Fz1gg0svs/manifest"
"Work","ark:/21198/z1v79htf","ark:/21198/z1bs8rhs","","1923-03-04 (vol. 40, no. 09)","","","Havana (Cuba)","vol. 40","no. 09","1923-03-04","1923-03-04","spa","text","newspapers","24 pages","","El Fígaro 1923-03-04","Biblioteca Nacional de Cuba José Martí","unknown","published","http://www.bnjm.cu, portal@bnjm.cu","","Cuban literature--Periodicals|~|Cuba--Intellectual life--Periodicals|~|Sports--Cuba--Periodicals","paged","International Digital Ephemera Project","","open","bncjm_elfigaro_19230304","https://iiif.library.ucla.edu/iiif/2/ark%3A%2F21198%2Fz1bs8rhs%2FisS07ILzA","https://iiif.library.ucla.edu/ark%3A%2F21198%2Fz1bs8rhs/manifest"
"Work","ark:/21198/z1v79htf","ark:/21198/z17180t6","","1923-03-11 (vol. 40, no. 10-11)","","","Havana (Cuba)","vol. 40","no. 10, 11","1923-03-11/1923-03-17","1923-03-11/1923-03-17","spa","text","newspapers","20 pages","","El Fígaro 1923-03-11, 1923-03-18","Biblioteca Nacional de Cuba José Martí","unknown","published","http://www.bnjm.cu, portal@bnjm.cu","","Cuban literature--Periodicals|~|Cuba--Intellectual life--Periodicals|~|Sports--Cuba--Periodicals","paged","International Digital Ephemera Project","","open","bncjm_elfigaro_19230311_19230318","https://iiif.library.ucla.edu/iiif/2/ark%3A%2F21198%2Fz17180t6%2FhZaMpRh9r","https://iiif.library.ucla.edu/ark%3A%2F21198%2Fz17180t6/manifest"
"Work","ark:/21198/z1v79htf","ark:/21198/z1387810","","1923-03-25 (vol. 40, no. 12)","","","Havana (Cuba)","vol. 40","no. 12","1923-03-25","1923-03-25","spa","text","newspapers","24 pages","","El Fígaro 1923-03-25","Biblioteca Nacional de Cuba José Martí","unknown","published","http://www.bnjm.cu, portal@bnjm.cu","","Cuban literature--Periodicals|~|Cuba--Intellectual life--Periodicals|~|Sports--Cuba--Periodicals","paged","International Digital Ephemera Project","","open","bncjm_elfigaro_19230325","https://iiif.library.ucla.edu/iiif/2/ark%3A%2F21198%2Fz1387810%2FBCnzNkPR8","https://iiif.library.ucla.edu/ark%3A%2F21198%2Fz1387810/manifest"
"Work","ark:/21198/z1v79htf","ark:/21198/z1zh6rhv","","1923-04-01 (vol. 40, no. 13)","","","Havana (Cuba)","vol. 40","no. 13","1923-04-01","1923-04-01","spa","text","newspapers","41 pages","","El Fígaro 1923-04-01","Biblioteca Nacional de Cuba José Martí","unknown","published","http://www.bnjm.cu, portal@bnjm.cu","","Cuban literature--Periodicals|~|Cuba--Intellectual life--Periodicals|~|Sports--Cuba--Periodicals","paged","International Digital Ephemera Project","","open","bncjm_elfigaro_19230401","https://iiif.library.ucla.edu/iiif/2/ark%3A%2F21198%2Fz1zh6rhv%2F3x2Ec3RrQ","https://iiif.library.ucla.edu/ark%3A%2F21198%2Fz1zh6rhv/manifest"
"Work","ark:/21198/z1v79htf","ark:/21198/z1tr60vd","","1923-09-09 (vol. 40, no. 14)","","","Havana (Cuba)","vol. 40","no. 14","1923-09-09","1923-09-09","spa","text","newspapers","28 pages","","El Fígaro 1923-09-09","Biblioteca Nacional de Cuba José Martí","unknown","published","http://www.bnjm.cu, portal@bnjm.cu","","Cuban literature--Periodicals|~|Cuba--Intellectual life--Periodicals|~|Sports--Cuba--Periodicals","paged","International Digital Ephemera Project","","open","bncjm_elfigaro_19230909","https://iiif.library.ucla.edu/iiif/2/ark%3A%2F21198%2Fz1tr60vd%2FUhuuAj2uw","https://iiif.library.ucla.edu/ark%3A%2F21198%2Fz1tr60vd/manifest"
"Work","ark:/21198/z1v79htf","ark:/21198/z1q0584d","","1923-09-16 (vol. 40, no. 15)","","","Havana (Cuba)","vol. 40","no. 15","1923-09-16","1923-09-16","spa","text","newspapers","28 pages","","El Fígaro 1923-09-16","Biblioteca Nacional de Cuba José Martí","unknown","published","http://www.bnjm.cu, portal@bnjm.cu","","Cuban literature--Periodicals|~|Cuba--Intellectual life--Periodicals|~|Sports--Cuba--Periodicals","paged","International Digital Ephemera Project","","open","bncjm_elfigaro_19230916","https://iiif.library.ucla.edu/iiif/2/ark%3A%2F21198%2Fz1q0584d%2FlN49jLVRs","https://iiif.library.ucla.edu/ark%3A%2F21198%2Fz1q0584d/manifest"
"Work","ark:/21198/z1v79htf","ark:/21198/z1k74hgk","","1923-09-23 (vol. 40, no. 16)","","","Havana (Cuba)","vol. 40","no. 16","1923-09-23","1923-09-23","spa","text","newspapers","28 pages","","El Fígaro 1923-09-23","Biblioteca Nacional de Cuba José Martí","unknown","published","http://www.bnjm.cu, portal@bnjm.cu","","Cuban literature--Periodicals|~|Cuba--Intellectual life--Periodicals|~|Sports--Cuba--Periodicals","paged","International Digital Ephemera Project","","open","bncjm_elfigaro_19230923","https://iiif.library.ucla.edu/iiif/2/ark%3A%2F21198%2Fz1k74hgk%2FVocWcutIP","https://iiif.library.ucla.edu/ark%3A%2F21198%2Fz1k74hgk/manifest"
"Work","ark:/21198/z1v79htf","ark:/21198/z1fk2g5k","","1923-09-30 (vol. 40, no. 17)","","","Havana (Cuba)","vol. 40","no. 17","1923-09-30","1923-09-30","spa","text","newspapers","28 pages","","El Fígaro 1923-09-30","Biblioteca Nacional de Cuba José Martí","unknown","published","http://www.bnjm.cu, portal@bnjm.cu","","Cuban literature--Periodicals|~|Cuba--Intellectual life--Periodicals|~|Sports--Cuba--Periodicals","paged","International Digital Ephemera Project","","open","bncjm_elfigaro_19230930","https://iiif.library.ucla.edu/iiif/2/ark%3A%2F21198%2Fz1fk2g5k%2FJLRRd1lg3","https://iiif.library.ucla.edu/ark%3A%2F21198%2Fz1fk2g5k/manifest"
"Work","ark:/21198/z1v79htf","ark:/21198/z19t1qdd","","1923-10-07 (vol. 40, no. 18-19)","","","Havana (Cuba)","vol. 40","no. 18, 19","1923-10-07/1923-10-21","1923-10-07/1923-10-21","spa","text","newspapers","32 pages","","El Fígaro 1923-10-07","Biblioteca Nacional de Cuba José Martí","unknown","published","http://www.bnjm.cu, portal@bnjm.cu","","Cuban literature--Periodicals|~|Cuba--Intellectual life--Periodicals|~|Sports--Cuba--Periodicals","paged","International Digital Ephemera Project","","open","bncjm_elfigaro_19231007","https://iiif.library.ucla.edu/iiif/2/ark%3A%2F21198%2Fz19t1qdd%2F5cQXGz3M6","https://iiif.library.ucla.edu/ark%3A%2F21198%2Fz19t1qdd/manifest"
"Work","ark:/21198/z1v79htf","ark:/21198/z1620zqf","","1923-10-21 (vol. 40, no. 20)","","","Havana (Cuba)","vol. 40","no. 20","1923-10-21","1923-10-21","spa","text","newspapers","24 pages","","El Fígaro 1923-10-21","Biblioteca Nacional de Cuba José Martí","unknown","published","http://www.bnjm.cu, portal@bnjm.cu","","Cuban literature--Periodicals|~|Cuba--Intellectual life--Periodicals|~|Sports--Cuba--Periodicals","paged","International Digital Ephemera Project","","open","bncjm_elfigaro_19231021","https://iiif.library.ucla.edu/iiif/2/ark%3A%2F21198%2Fz1620zqf%2FINc2sbXeH","https://iiif.library.ucla.edu/ark%3A%2F21198%2Fz1620zqf/manifest"
"Work","ark:/21198/z1v79htf","ark:/21198/z12906x6","","1923-10-28 (vol. 40, no. 21)","","","Havana (Cuba)","vol. 40","no. 21","1923-10-28","1923-10-28","spa","text","newspapers","24 pages","","El Fígaro 1923-10-28","Biblioteca Nacional de Cuba José Martí","unknown","published","http://www.bnjm.cu, portal@bnjm.cu","","Cuban literature--Periodicals|~|Cuba--Intellectual life--Periodicals|~|Sports--Cuba--Periodicals","paged","International Digital Ephemera Project","","open","bncjm_elfigaro_19231028","https://iiif.library.ucla.edu/iiif/2/ark%3A%2F21198%2Fz12906x6%2FvEQUm3P8E","https://iiif.library.ucla.edu/ark%3A%2F21198%2Fz12906x6/manifest"
"Work","ark:/21198/z1v79htf","ark:/21198/z1xh9qh8","","1923-11-04 (vol. 40, no. 22)","","","Havana (Cuba)","vol. 40","no. 22","1923-11-04","1923-11-04","spa","text","newspapers","24 pages","","El Fígaro 1923-11-04","Biblioteca Nacional de Cuba José Martí","unknown","published","http://www.bnjm.cu, portal@bnjm.cu","","Cuban literature--Periodicals|~|Cuba--Intellectual life--Periodicals|~|Sports--Cuba--Periodicals","paged","International Digital Ephemera Project","","open","bncjm_elfigaro_19231104","https://iiif.library.ucla.edu/iiif/2/ark%3A%2F21198%2Fz1xh9qh8%2FQA7sVFZWG","https://iiif.library.ucla.edu/ark%3A%2F21198%2Fz1xh9qh8/manifest"
"Work","ark:/21198/z1v79htf","ark:/21198/z1sr8zsj","","1923-11-11 (vol. 40, no. 23)","","","Havana (Cuba)","vol. 40","no. 23","1923-11-11","1923-11-11","spa","text","newspapers","24 pages","","El Fígaro 1923-11-11","Biblioteca Nacional de Cuba José Martí","unknown","published","http://www.bnjm.cu, portal@bnjm.cu","","Cuban literature--Periodicals|~|Cuba--Intellectual life--Periodicals|~|Sports--Cuba--Periodicals","paged","International Digital Ephemera Project","","open","bncjm_elfigaro_19231111","https://iiif.library.ucla.edu/iiif/2/ark%3A%2F21198%2Fz1sr8zsj%2FHUlpj22xZ","https://iiif.library.ucla.edu/ark%3A%2F21198%2Fz1sr8zsj/manifest"
"Work","ark:/21198/z1v79htf","ark:/21198/z1p0871g","","1923-11-18 (vol. 40, no. 24)","","","Havana (Cuba)","vol. 40","no. 24","1923-11-18","1923-11-18","spa","text","newspapers","24 pages","","El Fígaro 1923-11-18","Biblioteca Nacional de Cuba José Martí","unknown","published","http://www.bnjm.cu, portal@bnjm.cu","","Cuban literature--Periodicals|~|Cuba--Intellectual life--Periodicals|~|Sports--Cuba--Periodicals","paged","International Digital Ephemera Project","","open","bncjm_elfigaro_19231118","https://iiif.library.ucla.edu/iiif/2/ark%3A%2F21198%2Fz1p0871g%2Fg48roEy8t","https://iiif.library.ucla.edu/ark%3A%2F21198%2Fz1p0871g/manifest"
"Work","ark:/21198/z1v79htf","ark:/21198/z1jb65sz","","1923-11-25 (vol. 40, no. 25)","","","Havana (Cuba)","vol. 40","no. 25","1923-11-25","1923-11-25","spa","text","newspapers","24 pages","","El Fígaro 1923-11-25","Biblioteca Nacional de Cuba José Martí","unknown","published","http://www.bnjm.cu, portal@bnjm.cu","","Cuban literature--Periodicals|~|Cuba--Intellectual life--Periodicals|~|Sports--Cuba--Periodicals","paged","International Digital Ephemera Project","","open","bncjm_elfigaro_19231125","https://iiif.library.ucla.edu/iiif/2/ark%3A%2F21198%2Fz1jb65sz%2FJQJCicVwN","https://iiif.library.ucla.edu/ark%3A%2F21198%2Fz1jb65sz/manifest"
"Work","ark:/21198/z1v79htf","ark:/21198/z1dk5f2n","","1923-12-01 (vol. 40, no. 26)","","","Havana (Cuba)","vol. 40","no. 26","1923-12-01/1923-12-31","1923-12-01/1923-12-31","spa","text","newspapers","58 pages","","El Fígaro 1923-12","Biblioteca Nacional de Cuba José Martí","unknown","published","http://www.bnjm.cu, portal@bnjm.cu","","Cuban literature--Periodicals|~|Cuba--Intellectual life--Periodicals|~|Sports--Cuba--Periodicals","paged","International Digital Ephemera Project","","open","bncjm_elfigaro_192312","https://iiif.library.ucla.edu/iiif/2/ark%3A%2F21198%2Fz1dk5f2n%2Fek1YMY9Kg","https://iiif.library.ucla.edu/ark%3A%2F21198%2Fz1dk5f2n/manifest"
"Work","ark:/21198/z1v79htf","ark:/21198/z18t4p81","","1924-01-06 (vol. 01, no. 01)","","","Havana (Cuba)","vol. 01","no. 01","1924-01-06","1924-01-06","spa","text","newspapers","24 pages","","El Fígaro 1924-01-06","Biblioteca Nacional de Cuba José Martí","unknown","published","http://www.bnjm.cu, portal@bnjm.cu","","Cuban literature--Periodicals|~|Cuba--Intellectual life--Periodicals|~|Sports--Cuba--Periodicals","paged","International Digital Ephemera Project","","open","bncjm_elfigaro_19240106","https://iiif.library.ucla.edu/iiif/2/ark%3A%2F21198%2Fz18t4p81%2FrIABXbOOj","https://iiif.library.ucla.edu/ark%3A%2F21198%2Fz18t4p81/manifest"
"Work","ark:/21198/z1v79htf","ark:/21198/z1523xh5","","1924-01-13 (vol. 17, no. 02)","","","Havana (Cuba)","vol. 17","no. 02","1924-01-13","1924-01-13","spa","text","newspapers","24 pages","","El Fígaro 1924-01-13","Biblioteca Nacional de Cuba José Martí","unknown","published","http://www.bnjm.cu, portal@bnjm.cu","","Cuban literature--Periodicals|~|Cuba--Intellectual life--Periodicals|~|Sports--Cuba--Periodicals","paged","International Digital Ephemera Project","","open","bncjm_elfigaro_19240113","https://iiif.library.ucla.edu/iiif/2/ark%3A%2F21198%2Fz1523xh5%2FoUc0UOsdW","https://iiif.library.ucla.edu/ark%3A%2F21198%2Fz1523xh5/manifest"
"Work","ark:/21198/z1v79htf","ark:/21198/z11935t8","","1924-01-20 (vol. 17, no. 03)","","","Havana (Cuba)","vol. 17","no. 03","1924-01-20","1924-01-20","spa","text","newspapers","24 pages","","El Fígaro 1924-01-20","Biblioteca Nacional de Cuba José Martí","unknown","published","http://www.bnjm.cu, portal@bnjm.cu","","Cuban literature--Periodicals|~|Cuba--Intellectual life--Periodicals|~|Sports--Cuba--Periodicals","paged","International Digital Ephemera Project","","open","bncjm_elfigaro_19240120","https://iiif.library.ucla.edu/iiif/2/ark%3A%2F21198%2Fz11935t8%2FcZps6fJea","https://iiif.library.ucla.edu/ark%3A%2F21198%2Fz11935t8/manifest"
"Work","ark:/21198/z1v79htf","ark:/21198/z1wj2pcf","","1924-01-27 (vol. 17, no. 04)","","","Havana (Cuba)","vol. 17","no. 04","1924-01-27","1924-01-27","spa","text","newspapers","24 pages","","El Fígaro 1924-01-27","Biblioteca Nacional de Cuba José Martí","unknown","published","http://www.bnjm.cu, portal@bnjm.cu","","Cuban literature--Periodicals|~|Cuba--Intellectual life--Periodicals|~|Sports--Cuba--Periodicals","paged","International Digital Ephemera Project","","open","bncjm_elfigaro_19240127","https://iiif.library.ucla.edu/iiif/2/ark%3A%2F21198%2Fz1wj2pcf%2FopBL5AT0B","https://iiif.library.ucla.edu/ark%3A%2F21198%2Fz1wj2pcf/manifest"
"Work","ark:/21198/z1v79htf","ark:/21198/z1rs1xm8","","1924-02-01 (vol. 17, no. 05)","","","Havana (Cuba)","vol. 17","no. 05","1924-02-01/1924-02-29","1924-02-01/1924-02-29","spa","text","newspapers","60 pages","","El Fígaro 1924-02","Biblioteca Nacional de Cuba José Martí","unknown","published","http://www.bnjm.cu, portal@bnjm.cu","","Cuban literature--Periodicals|~|Cuba--Intellectual life--Periodicals|~|Sports--Cuba--Periodicals","paged","International Digital Ephemera Project","","open","bncjm_elfigaro_192402","https://iiif.library.ucla.edu/iiif/2/ark%3A%2F21198%2Fz1rs1xm8%2FlHY3dBiFb","https://iiif.library.ucla.edu/ark%3A%2F21198%2Fz1rs1xm8/manifest"
"Work","ark:/21198/z1v79htf","ark:/21198/z1n39w8k","","1924-06-01 (vol. 17, no. 06-07)","","","Havana (Cuba)","vol. 17","no. 06, 07","1924-06-01/1924-06-14","1924-06-01/1924-06-14","spa","text","newspapers","52 pages","","El Fígaro 1924-06","Biblioteca Nacional de Cuba José Martí","unknown","published","http://www.bnjm.cu, portal@bnjm.cu","","Cuban literature--Periodicals|~|Cuba--Intellectual life--Periodicals|~|Sports--Cuba--Periodicals","paged","International Digital Ephemera Project","","open","bncjm_elfigaro_192406","https://iiif.library.ucla.edu/iiif/2/ark%3A%2F21198%2Fz1n39w8k%2F8nLrd1DH6","https://iiif.library.ucla.edu/ark%3A%2F21198%2Fz1n39w8k/manifest"
"Work","ark:/21198/z1v79htf","ark:/21198/z1hb94kp","","1924-07-01 (vol. 17, no. 08)","","","Havana (Cuba)","vol. 17","no. 08","1924-07-01/1924-07-31","1924-07-01/1924-07-31","spa","text","newspapers","40 pages","","El Fígaro 1924-07","Biblioteca Nacional de Cuba José Martí","unknown","published","http://www.bnjm.cu, portal@bnjm.cu","","Cuban literature--Periodicals|~|Cuba--Intellectual life--Periodicals|~|Sports--Cuba--Periodicals","paged","International Digital Ephemera Project","","open","bncjm_elfigaro_192407","https://iiif.library.ucla.edu/iiif/2/ark%3A%2F21198%2Fz1hb94kp%2FlhdEcMdRl","https://iiif.library.ucla.edu/ark%3A%2F21198%2Fz1hb94kp/manifest"
"Work","ark:/21198/z1v79htf","ark:/21198/z1ck8cs2","","1924-09-01 (vol. 17, no. 09)","","","Havana (Cuba)","vol. 17","no. 09","1924-09-01/1924-09-30","1924-09-01/1924-09-30","spa","text","newspapers","44 pages","","El Fígaro 1924-09","Biblioteca Nacional de Cuba José Martí","unknown","published","http://www.bnjm.cu, portal@bnjm.cu","","Cuban literature--Periodicals|~|Cuba--Intellectual life--Periodicals|~|Sports--Cuba--Periodicals","paged","International Digital Ephemera Project","","open","bncjm_elfigaro_192409","https://iiif.library.ucla.edu/iiif/2/ark%3A%2F21198%2Fz1ck8cs2%2FmDZy3XEWm","https://iiif.library.ucla.edu/ark%3A%2F21198%2Fz1ck8cs2/manifest"
"Work","ark:/21198/z1v79htf","ark:/21198/z17t7n19","","1924-10-01 (vol. 17, no. 10)","","","Havana (Cuba)","vol. 17","no. 10","1924-10-01/1924-10-31","1924-10-01/1924-10-31","spa","text","newspapers","44 pages","","El Fígaro 1924-10","Biblioteca Nacional de Cuba José Martí","unknown","published","http://www.bnjm.cu, portal@bnjm.cu","","Cuban literature--Periodicals|~|Cuba--Intellectual life--Periodicals|~|Sports--Cuba--Periodicals","paged","International Digital Ephemera Project","","open","bncjm_elfigaro_192410","https://iiif.library.ucla.edu/iiif/2/ark%3A%2F21198%2Fz17t7n19%2FhwQyvplUY","https://iiif.library.ucla.edu/ark%3A%2F21198%2Fz17t7n19/manifest"
"Work","ark:/21198/z1v79htf","ark:/21198/z1426wcs","","1925-03-08 (vol. 42, no. 03)","","","Havana (Cuba)","vol. 42","no. 03","1925-03-08","1925-03-08","spa","text","newspapers","24 pages","","El Fígaro 1925-03-08","Biblioteca Nacional de Cuba José Martí","unknown","published","http://www.bnjm.cu, portal@bnjm.cu","","Cuban literature--Periodicals|~|Cuba--Intellectual life--Periodicals|~|Sports--Cuba--Periodicals","paged","International Digital Ephemera Project","","open","bncjm_elfigaro_19250308","https://iiif.library.ucla.edu/iiif/2/ark%3A%2F21198%2Fz1426wcs%2Fl1oAnCyCm","https://iiif.library.ucla.edu/ark%3A%2F21198%2Fz1426wcs/manifest"
"Work","ark:/21198/z1v79htf","ark:/21198/z10964pw","","1925-03-15 (vol. 42, no. 04)","","","Havana (Cuba)","vol. 42","no. 04","1925-03-15","1925-03-15","spa","text","newspapers","24 pages","","El Fígaro 1925-03-15","Biblioteca Nacional de Cuba José Martí","unknown","published","http://www.bnjm.cu, portal@bnjm.cu","","Cuban literature--Periodicals|~|Cuba--Intellectual life--Periodicals|~|Sports--Cuba--Periodicals","paged","International Digital Ephemera Project","","open","bncjm_elfigaro_19250315","https://iiif.library.ucla.edu/iiif/2/ark%3A%2F21198%2Fz10964pw%2FLwaySLRDR","https://iiif.library.ucla.edu/ark%3A%2F21198%2Fz10964pw/manifest"
"Work","ark:/21198/z1v79htf","ark:/21198/z1vj5n8h","","1925-03-22 (vol. 42, no. 05)","","","Havana (Cuba)","vol. 42","no. 05","1925-03-22","1925-03-22","spa","text","newspapers","24 pages","","El Fígaro 1925-03-22","Biblioteca Nacional de Cuba José Martí","unknown","published","http://www.bnjm.cu, portal@bnjm.cu","","Cuban literature--Periodicals|~|Cuba--Intellectual life--Periodicals|~|Sports--Cuba--Periodicals","paged","International Digital Ephemera Project","","open","bncjm_elfigaro_19250322","https://iiif.library.ucla.edu/iiif/2/ark%3A%2F21198%2Fz1vj5n8h%2FDX9PmVfg6","https://iiif.library.ucla.edu/ark%3A%2F21198%2Fz1vj5n8h/manifest"
"Work","ark:/21198/z1v79htf","ark:/21198/z1qw3kw6","","1925-03-29 (vol. 42, no. 06)","","","Havana (Cuba)","vol. 42","no. 06","1925-03-29","1925-03-29","spa","text","newspapers","24 pages","","El Fígaro 1925-03-29","Biblioteca Nacional de Cuba José Martí","unknown","published","http://www.bnjm.cu, portal@bnjm.cu","","Cuban literature--Periodicals|~|Cuba--Intellectual life--Periodicals|~|Sports--Cuba--Periodicals","paged","International Digital Ephemera Project","","open","bncjm_elfigaro_19250329","https://iiif.library.ucla.edu/iiif/2/ark%3A%2F21198%2Fz1qw3kw6%2FWjK4pyZDi","https://iiif.library.ucla.edu/ark%3A%2F21198%2Fz1qw3kw6/manifest"
"Work","ark:/21198/z1v79htf","ark:/21198/z1m42v4r","","1925-04-05 (vol. 42, no. 07)","","","Havana (Cuba)","vol. 42","no. 07","1925-04-05","1925-04-05","spa","text","newspapers","24 pages","","El Fígaro 1925-04-05","Biblioteca Nacional de Cuba José Martí","unknown","published","http://www.bnjm.cu, portal@bnjm.cu","","Cuban literature--Periodicals|~|Cuba--Intellectual life--Periodicals|~|Sports--Cuba--Periodicals","paged","International Digital Ephemera Project","","open","bncjm_elfigaro_19250405","https://iiif.library.ucla.edu/iiif/2/ark%3A%2F21198%2Fz1m42v4r%2FGfTVbeMfW","https://iiif.library.ucla.edu/ark%3A%2F21198%2Fz1m42v4r/manifest"
"Work","ark:/21198/z1v79htf","ark:/21198/z1gc23dd","","1925-04-12 (vol. 42, no. 08)","","","Havana (Cuba)","vol. 42","no. 08","1925-04-12","1925-04-12","spa","text","newspapers","24 pages","","El Fígaro 1925-04-12","Biblioteca Nacional de Cuba José Martí","unknown","published","http://www.bnjm.cu, portal@bnjm.cu","","Cuban literature--Periodicals|~|Cuba--Intellectual life--Periodicals|~|Sports--Cuba--Periodicals","paged","International Digital Ephemera Project","","open","bncjm_elfigaro_19250412","https://iiif.library.ucla.edu/iiif/2/ark%3A%2F21198%2Fz1gc23dd%2FJaZUMr7IF","https://iiif.library.ucla.edu/ark%3A%2F21198%2Fz1gc23dd/manifest"
"Work","ark:/21198/z1v79htf","ark:/21198/z1bm1bpp","","1925-04-19 (vol. 42, no. 09)","","","Havana (Cuba)","vol. 42","no. 09","1925-04-19","1925-04-19","spa","text","newspapers","24 pages","","El Fígaro 1925-04-19","Biblioteca Nacional de Cuba José Martí","unknown","published","http://www.bnjm.cu, portal@bnjm.cu","","Cuban literature--Periodicals|~|Cuba--Intellectual life--Periodicals|~|Sports--Cuba--Periodicals","paged","International Digital Ephemera Project","","open","bncjm_elfigaro_19250419","https://iiif.library.ucla.edu/iiif/2/ark%3A%2F21198%2Fz1bm1bpp%2FGh1b9h1Cx","https://iiif.library.ucla.edu/ark%3A%2F21198%2Fz1bm1bpp/manifest"
"Work","ark:/21198/z1v79htf","ark:/21198/z16v0m18","","1925-04-26 (vol. 42, no. 10)","","","Havana (Cuba)","vol. 42","no. 10","1925-04-26","1925-04-26","spa","text","newspapers","24 pages","","El Fígaro 1925-04-26","Biblioteca Nacional de Cuba José Martí","unknown","published","http://www.bnjm.cu, portal@bnjm.cu","","Cuban literature--Periodicals|~|Cuba--Intellectual life--Periodicals|~|Sports--Cuba--Periodicals","paged","International Digital Ephemera Project","","open","bncjm_elfigaro_19250426","https://iiif.library.ucla.edu/iiif/2/ark%3A%2F21198%2Fz16v0m18%2FWYhIVzwnh","https://iiif.library.ucla.edu/ark%3A%2F21198%2Fz16v0m18/manifest"
"Work","ark:/21198/z1v79htf","ark:/21198/z1329v8v","","1925-05-03 (vol. 42, no. 11)","","","Havana (Cuba)","vol. 42","no. 11","1925-05-03","1925-05-03","spa","text","newspapers","24 pages","","El Fígaro 1925-05-03","Biblioteca Nacional de Cuba José Martí","unknown","published","http://www.bnjm.cu, portal@bnjm.cu","","Cuban literature--Periodicals|~|Cuba--Intellectual life--Periodicals|~|Sports--Cuba--Periodicals","paged","International Digital Ephemera Project","","open","bncjm_elfigaro_19250503","https://iiif.library.ucla.edu/iiif/2/ark%3A%2F21198%2Fz1329v8v%2FB4Sm3Kgp8","https://iiif.library.ucla.edu/ark%3A%2F21198%2Fz1329v8v/manifest"
"Work","ark:/21198/z1v79htf","ark:/21198/z1zd8285","","1925-05-10 (vol. 42, no. 12)","","","Havana (Cuba)","vol. 42","no. 12","1925-05-10","1925-05-10","spa","text","newspapers","24 pages","","El Fígaro 1925-05-10","Biblioteca Nacional de Cuba José Martí","unknown","published","http://www.bnjm.cu, portal@bnjm.cu","","Cuban literature--Periodicals|~|Cuba--Intellectual life--Periodicals|~|Sports--Cuba--Periodicals","paged","International Digital Ephemera Project","","open","bncjm_elfigaro_19250510","https://iiif.library.ucla.edu/iiif/2/ark%3A%2F21198%2Fz1zd8285%2F1R5KlErkJ","https://iiif.library.ucla.edu/ark%3A%2F21198%2Fz1zd8285/manifest"
"Work","ark:/21198/z1v79htf","ark:/21198/z1tn79jf","","1925-05-17 (vol. 42, no. 13-15)","","","Havana (Cuba)","vol. 42","no. 13, 14, 15","1925-05-17/1925-05-31","1925-05-17/1925-05-31","spa","text","newspapers","76 pages","","El Fígaro 1925-05-17, 1925-05-24, 1925-05-31","Biblioteca Nacional de Cuba José Martí","unknown","published","http://www.bnjm.cu, portal@bnjm.cu","","Cuban literature--Periodicals|~|Cuba--Intellectual life--Periodicals|~|Sports--Cuba--Periodicals","paged","International Digital Ephemera Project","","open","bncjm_elfigaro_19250517_19250524_19250531","https://iiif.library.ucla.edu/iiif/2/ark%3A%2F21198%2Fz1tn79jf%2FnqU0FPAOV","https://iiif.library.ucla.edu/ark%3A%2F21198%2Fz1tn79jf/manifest"
"Work","ark:/21198/z1v79htf","ark:/21198/z1pw6jtq","","1925-07-05 (vol. 42, no. 16)","","","Havana (Cuba)","vol. 42","no. 16","1925-07-05","1925-07-05","spa","text","newspapers","24 pages","","El Fígaro 1925-07-05","Biblioteca Nacional de Cuba José Martí","unknown","published","http://www.bnjm.cu, portal@bnjm.cu","","Cuban literature--Periodicals|~|Cuba--Intellectual life--Periodicals|~|Sports--Cuba--Periodicals","paged","International Digital Ephemera Project","","open","bncjm_elfigaro_19250705","https://iiif.library.ucla.edu/iiif/2/ark%3A%2F21198%2Fz1pw6jtq%2FDsmaEMMAm","https://iiif.library.ucla.edu/ark%3A%2F21198%2Fz1pw6jtq/manifest"
"Work","ark:/21198/z1v79htf","ark:/21198/z1k45t0c","","1925-08-02 (vol. 42, no. 20)","","","Havana (Cuba)","vol. 42","no. 20","1925-08-02","1925-08-02","spa","text","newspapers","24 pages","","El Fígaro 1925-08-02","Biblioteca Nacional de Cuba José Martí","unknown","published","http://www.bnjm.cu, portal@bnjm.cu","","Cuban literature--Periodicals|~|Cuba--Intellectual life--Periodicals|~|Sports--Cuba--Periodicals","paged","International Digital Ephemera Project","","open","bncjm_elfigaro_19250802","https://iiif.library.ucla.edu/iiif/2/ark%3A%2F21198%2Fz1k45t0c%2Fj8bRIV5iV","https://iiif.library.ucla.edu/ark%3A%2F21198%2Fz1k45t0c/manifest"
"Work","ark:/21198/z1v79htf","ark:/21198/z1fc5281","","1925-08-16 (vol. 42, no. 22)","","","Havana (Cuba)","vol. 42","no. 22","1925-08-16","1925-08-16","spa","text","newspapers","24 pages","","El Fígaro 1925-08-16","Biblioteca Nacional de Cuba José Martí","unknown","published","http://www.bnjm.cu, portal@bnjm.cu","","Cuban literature--Periodicals|~|Cuba--Intellectual life--Periodicals|~|Sports--Cuba--Periodicals","paged","International Digital Ephemera Project","","open","bncjm_elfigaro_19250816","https://iiif.library.ucla.edu/iiif/2/ark%3A%2F21198%2Fz1fc5281%2FXaTtCgu7V","https://iiif.library.ucla.edu/ark%3A%2F21198%2Fz1fc5281/manifest"
"Work","ark:/21198/z1v79htf","ark:/21198/z19m49kr","","1925-08-23 (vol. 42, no. 23-24)","","","Havana (Cuba)","vol. 42","no. 23, 24","1925-08-23/1925-09-06","1925-08-23/1925-09-06","spa","text","newspapers","28 pages","","El Fígaro 1925-08-23, 1925-08-30","Biblioteca Nacional de Cuba José Martí","unknown","published","http://www.bnjm.cu, portal@bnjm.cu","","Cuban literature--Periodicals|~|Cuba--Intellectual life--Periodicals|~|Sports--Cuba--Periodicals","paged","International Digital Ephemera Project","","open","bncjm_elfigaro_19250823_19250830","https://iiif.library.ucla.edu/iiif/2/ark%3A%2F21198%2Fz19m49kr%2FhgSCCeKQ9","https://iiif.library.ucla.edu/ark%3A%2F21198%2Fz19m49kr/manifest"
"Work","ark:/21198/z1v79htf","ark:/21198/z15v3jwg","","1925-12-06 (vol. 42, no. 30)","","","Havana (Cuba)","vol. 42","no. 30","1925-12-06","1925-12-06","spa","text","newspapers","28 pages","","El Fígaro 1925-12-06","Biblioteca Nacional de Cuba José Martí","unknown","published","http://www.bnjm.cu, portal@bnjm.cu","","Cuban literature--Periodicals|~|Cuba--Intellectual life--Periodicals|~|Sports--Cuba--Periodicals","paged","International Digital Ephemera Project","","open","bncjm_elfigaro_19251206","https://iiif.library.ucla.edu/iiif/2/ark%3A%2F21198%2Fz15v3jwg%2FERdQjfcuc","https://iiif.library.ucla.edu/ark%3A%2F21198%2Fz15v3jwg/manifest"
"Work","ark:/21198/z1v79htf","ark:/21198/z1261hjb","","1925-12-13 (vol. 42, no. 31)","","","Havana (Cuba)","vol. 42","no. 31","1925-12-13","1925-12-13","spa","text","newspapers","28 pages","","El Fígaro 1925-12-13","Biblioteca Nacional de Cuba José Martí","unknown","published","http://www.bnjm.cu, portal@bnjm.cu","","Cuban literature--Periodicals|~|Cuba--Intellectual life--Periodicals|~|Sports--Cuba--Periodicals","paged","International Digital Ephemera Project","","open","bncjm_elfigaro_19251213","https://iiif.library.ucla.edu/iiif/2/ark%3A%2F21198%2Fz1261hjb%2FGBuPfyphZ","https://iiif.library.ucla.edu/ark%3A%2F21198%2Fz1261hjb/manifest"
"Work","ark:/21198/z1v79htf","ark:/21198/z1xf1110","","1925-12-20 (vol. 42, no. 32)","","","Havana (Cuba)","vol. 42","no. 32","1925-12-20","1925-12-20","spa","text","newspapers","28 pages","","El Fígaro 1925-12-20","Biblioteca Nacional de Cuba José Martí","unknown","published","http://www.bnjm.cu, portal@bnjm.cu","","Cuban literature--Periodicals|~|Cuba--Intellectual life--Periodicals|~|Sports--Cuba--Periodicals","paged","International Digital Ephemera Project","","open","bncjm_elfigaro_19251220","https://iiif.library.ucla.edu/iiif/2/ark%3A%2F21198%2Fz1xf1110%2F6EU6jucMC","https://iiif.library.ucla.edu/ark%3A%2F21198%2Fz1xf1110/manifest"
"Work","ark:/21198/z1v79htf","ark:/21198/z1sp08bq","","1925-12-27 (vol. 42, no. 33)","","","Havana (Cuba)","vol. 42","no. 33","1925-12-27","1925-12-27","spa","text","newspapers","28 pages","","El Fígaro 1925-12-27","Biblioteca Nacional de Cuba José Martí","unknown","published","http://www.bnjm.cu, portal@bnjm.cu","","Cuban literature--Periodicals|~|Cuba--Intellectual life--Periodicals|~|Sports--Cuba--Periodicals","paged","International Digital Ephemera Project","","open","bncjm_elfigaro_19251227","https://iiif.library.ucla.edu/iiif/2/ark%3A%2F21198%2Fz1sp08bq%2FCyeHr8xIX","https://iiif.library.ucla.edu/ark%3A%2F21198%2Fz1sp08bq/manifest"
"Work","ark:/21198/z1v79htf","ark:/21198/z1nw9hjj","","1926-01-03 (vol. 43, no. 01)","","","Havana (Cuba)","vol. 43","no. 01","1926-01-03","1926-01-03","spa","text","newspapers","24 pages","","El Fígaro 1926-01-03","Biblioteca Nacional de Cuba José Martí","unknown","published","http://www.bnjm.cu, portal@bnjm.cu","","Cuban literature--Periodicals|~|Cuba--Intellectual life--Periodicals|~|Sports--Cuba--Periodicals","paged","International Digital Ephemera Project","","open","bncjm_elfigaro_19260103","https://iiif.library.ucla.edu/iiif/2/ark%3A%2F21198%2Fz1nw9hjj%2F9RtNR17AC","https://iiif.library.ucla.edu/ark%3A%2F21198%2Fz1nw9hjj/manifest"
"Work","ark:/21198/z1v79htf","ark:/21198/z1j48rvk","","1926-01-10 (vol. 43, no. 02)","","","Havana (Cuba)","vol. 43","no. 02","1926-01-10","1926-01-10","spa","text","newspapers","28 pages","","El Fígaro 1926-01-10","Biblioteca Nacional de Cuba José Martí","unknown","published","http://www.bnjm.cu, portal@bnjm.cu","","Cuban literature--Periodicals|~|Cuba--Intellectual life--Periodicals|~|Sports--Cuba--Periodicals","paged","International Digital Ephemera Project","","open","bncjm_elfigaro_19260110","https://iiif.library.ucla.edu/iiif/2/ark%3A%2F21198%2Fz1j48rvk%2FxUBmIyah2","https://iiif.library.ucla.edu/ark%3A%2F21198%2Fz1j48rvk/manifest"
"Work","ark:/21198/z1v79htf","ark:/21198/z1dc816j","","1926-01-17 (vol. 43, no. 03)","","","Havana (Cuba)","vol. 43","no. 03","1926-01-17","1926-01-17","spa","text","newspapers","28 pages","","El Fígaro 1926-01-17","Biblioteca Nacional de Cuba José Martí","unknown","published","http://www.bnjm.cu, portal@bnjm.cu","","Cuban literature--Periodicals|~|Cuba--Intellectual life--Periodicals|~|Sports--Cuba--Periodicals","paged","International Digital Ephemera Project","","open","bncjm_elfigaro_19260117","https://iiif.library.ucla.edu/iiif/2/ark%3A%2F21198%2Fz1dc816j%2FE57udAZxf","https://iiif.library.ucla.edu/ark%3A%2F21198%2Fz1dc816j/manifest"
"Work","ark:/21198/z1v79htf","ark:/21198/z18m78gt","","1926-01-24 (vol. 43, no. 04)","","","Havana (Cuba)","vol. 43","no. 04","1926-01-24","1926-01-24","spa","text","newspapers","28 pages","","El Fígaro 1926-01-24","Biblioteca Nacional de Cuba José Martí","unknown","published","http://www.bnjm.cu, portal@bnjm.cu","","Cuban literature--Periodicals|~|Cuba--Intellectual life--Periodicals|~|Sports--Cuba--Periodicals","paged","International Digital Ephemera Project","","open","bncjm_elfigaro_19260124","https://iiif.library.ucla.edu/iiif/2/ark%3A%2F21198%2Fz18m78gt%2FUZKobEWLO","https://iiif.library.ucla.edu/ark%3A%2F21198%2Fz18m78gt/manifest"
"Work","ark:/21198/z1v79htf","ark:/21198/z14z574c","","1926-03-01 (vol. 43, no. 05-08)","","","Havana (Cuba)","vol. 43","no. 05, 06, 07, 08","1926-03-01/1926-03-31","1926-03-01/1926-03-31","spa","text","newspapers","42 pages","","El Fígaro 1926-03","Biblioteca Nacional de Cuba José Martí","unknown","published","http://www.bnjm.cu, portal@bnjm.cu","The day portion of the date, the 7th, was originally printed but has been crossed out to signify that the publication is for the entire month of March.","Cuban literature--Periodicals|~|Cuba--Intellectual life--Periodicals|~|Sports--Cuba--Periodicals","paged","International Digital Ephemera Project","","open","bncjm_elfigaro_192603","https://iiif.library.ucla.edu/iiif/2/ark%3A%2F21198%2Fz14z574c%2FI9svLON8c","https://iiif.library.ucla.edu/ark%3A%2F21198%2Fz14z574c/manifest"
"Work","ark:/21198/z1v79htf","ark:/21198/z1164gfd","","1926-05-20 (vol. 43, no. 09)","","","Havana (Cuba)","vol. 43","no. 09","1926-05-20","1926-05-20","spa","text","newspapers","48 pages","","El Fígaro 1926-05-20","Biblioteca Nacional de Cuba José Martí","unknown","published","http://www.bnjm.cu, portal@bnjm.cu","","Cuban literature--Periodicals|~|Cuba--Intellectual life--Periodicals|~|Sports--Cuba--Periodicals","paged","International Digital Ephemera Project","","open","bncjm_elfigaro_19260520","https://iiif.library.ucla.edu/iiif/2/ark%3A%2F21198%2Fz1164gfd%2FwAlCY9nJv","https://iiif.library.ucla.edu/ark%3A%2F21198%2Fz1164gfd/manifest"
"Work","ark:/21198/z1v79htf","ark:/21198/z1wf3zx8","","1926-08-01 (vol. 43, no. 10)","","","Havana (Cuba)","vol. 43","no. 10","1926-08-01","1926-08-01","spa","text","newspapers","40 pages","","El Fígaro 1926-08-01","Biblioteca Nacional de Cuba José Martí","unknown","published","http://www.bnjm.cu, portal@bnjm.cu","","Cuban literature--Periodicals|~|Cuba--Intellectual life--Periodicals|~|Sports--Cuba--Periodicals","paged","International Digital Ephemera Project","","open","bncjm_elfigaro_19260801","https://iiif.library.ucla.edu/iiif/2/ark%3A%2F21198%2Fz1wf3zx8%2FYFX1EDcGw","https://iiif.library.ucla.edu/ark%3A%2F21198%2Fz1wf3zx8/manifest"
"Work","ark:/21198/z1v79htf","ark:/21198/z1rp376b","","1926-08-08 (vol. 43, no. 11)","","","Havana (Cuba)","vol. 43","no. 11","1926-08-08","1926-08-08","spa","text","newspapers","28 pages","","El Fígaro 1926-08-08","Biblioteca Nacional de Cuba José Martí","unknown","published","http://www.bnjm.cu, portal@bnjm.cu","","Cuban literature--Periodicals|~|Cuba--Intellectual life--Periodicals|~|Sports--Cuba--Periodicals","paged","International Digital Ephemera Project","","open","bncjm_elfigaro_19260808","https://iiif.library.ucla.edu/iiif/2/ark%3A%2F21198%2Fz1rp376b%2FslP0eJ46o","https://iiif.library.ucla.edu/ark%3A%2F21198%2Fz1rp376b/manifest"
"Work","ark:/21198/z1v79htf","ark:/21198/z1mx2ggm","","1926-08-15 (vol. 43, no. 12)","","","Havana (Cuba)","vol. 43","no. 12","1926-08-15","1926-08-15","spa","text","newspapers","40 pages","","El Fígaro 1926-08-15","Biblioteca Nacional de Cuba José Martí","unknown","published","http://www.bnjm.cu, portal@bnjm.cu","","Cuban literature--Periodicals|~|Cuba--Intellectual life--Periodicals|~|Sports--Cuba--Periodicals","paged","International Digital Ephemera Project","","open","bncjm_elfigaro_19260815","https://iiif.library.ucla.edu/iiif/2/ark%3A%2F21198%2Fz1mx2ggm%2F6c3rNR0k5","https://iiif.library.ucla.edu/ark%3A%2F21198%2Fz1mx2ggm/manifest"
"Work","ark:/21198/z1v79htf","ark:/21198/z1h51qt3","","1926-08-22 (vol. 43, no. 13)","","","Havana (Cuba)","vol. 43","no. 13","1926-08-22","1926-08-22","spa","text","newspapers","28 pages","","El Fígaro 1926-08-22","Biblioteca Nacional de Cuba José Martí","unknown","published","http://www.bnjm.cu, portal@bnjm.cu","","Cuban literature--Periodicals|~|Cuba--Intellectual life--Periodicals|~|Sports--Cuba--Periodicals","paged","International Digital Ephemera Project","","open","bncjm_elfigaro_19260822","https://iiif.library.ucla.edu/iiif/2/ark%3A%2F21198%2Fz1h51qt3%2FHJ8Bmitww","https://iiif.library.ucla.edu/ark%3A%2F21198%2Fz1h51qt3/manifest"
"Work","ark:/21198/z1v79htf","ark:/21198/z1cd102q","","1926-08-29 (vol. 43, no. 14)","","","Havana (Cuba)","vol. 43","no. 14","1926-08-29","1926-08-29","spa","text","newspapers","24 pages","","El Fígaro 1926-08-29","Biblioteca Nacional de Cuba José Martí","unknown","published","http://www.bnjm.cu, portal@bnjm.cu","","Cuban literature--Periodicals|~|Cuba--Intellectual life--Periodicals|~|Sports--Cuba--Periodicals","paged","International Digital Ephemera Project","","open","bncjm_elfigaro_19260829","https://iiif.library.ucla.edu/iiif/2/ark%3A%2F21198%2Fz1cd102q%2Fqf8Yf2v4B","https://iiif.library.ucla.edu/ark%3A%2F21198%2Fz1cd102q/manifest"
"Work","ark:/21198/z1v79htf","ark:/21198/z17q8xt8","","1926-09-05 (vol. 43, no. 15)","","","Havana (Cuba)","vol. 43","no. 15","1926-09-05","1926-09-05","spa","text","newspapers","28 pages","","El Fígaro 1926-09-05","Biblioteca Nacional de Cuba José Martí","unknown","published","http://www.bnjm.cu, portal@bnjm.cu","","Cuban literature--Periodicals|~|Cuba--Intellectual life--Periodicals|~|Sports--Cuba--Periodicals","paged","International Digital Ephemera Project","","open","bncjm_elfigaro_19260905","https://iiif.library.ucla.edu/iiif/2/ark%3A%2F21198%2Fz17q8xt8%2FAv3xJRpTT","https://iiif.library.ucla.edu/ark%3A%2F21198%2Fz17q8xt8/manifest"
"Work","ark:/21198/z1v79htf","ark:/21198/z13z863b","","1926-09-12 (vol. 43, no. 16)","","","Havana (Cuba)","vol. 43","no. 16","1926-09-12","1926-09-12","spa","text","newspapers","28 pages","","El Fígaro 1926-09-12","Biblioteca Nacional de Cuba José Martí","unknown","published","http://www.bnjm.cu, portal@bnjm.cu","","Cuban literature--Periodicals|~|Cuba--Intellectual life--Periodicals|~|Sports--Cuba--Periodicals","paged","International Digital Ephemera Project","","open","bncjm_elfigaro_19260912","https://iiif.library.ucla.edu/iiif/2/ark%3A%2F21198%2Fz13z863b%2FJYyppYYy9","https://iiif.library.ucla.edu/ark%3A%2F21198%2Fz13z863b/manifest"
"Work","ark:/21198/z1v79htf","ark:/21198/z1067f91","","1926-09-19 (vol. 43, no. 17)","","","Havana (Cuba)","vol. 43","no. 17","1926-09-19","1926-09-19","spa","text","newspapers","24 pages","","El Fígaro 1926-09-19","Biblioteca Nacional de Cuba José Martí","unknown","published","http://www.bnjm.cu, portal@bnjm.cu","","Cuban literature--Periodicals|~|Cuba--Intellectual life--Periodicals|~|Sports--Cuba--Periodicals","paged","International Digital Ephemera Project","","open","bncjm_elfigaro_19260919","https://iiif.library.ucla.edu/iiif/2/ark%3A%2F21198%2Fz1067f91%2FzV9Az7TIX","https://iiif.library.ucla.edu/ark%3A%2F21198%2Fz1067f91/manifest"
"Work","ark:/21198/z1v79htf","ark:/21198/z1vf6xrf","","1926-09-26 (vol. 43, no. 18)","","","Havana (Cuba)","vol. 43","no. 18","1926-09-26","1926-09-26","spa","text","newspapers","26 pages","","El Fígaro 1926-09-26","Biblioteca Nacional de Cuba José Martí","unknown","published","http://www.bnjm.cu, portal@bnjm.cu","","Cuban literature--Periodicals|~|Cuba--Intellectual life--Periodicals|~|Sports--Cuba--Periodicals","paged","International Digital Ephemera Project","","open","bncjm_elfigaro_19260926","https://iiif.library.ucla.edu/iiif/2/ark%3A%2F21198%2Fz1vf6xrf%2Fj1ulE0MYc","https://iiif.library.ucla.edu/ark%3A%2F21198%2Fz1vf6xrf/manifest"
"Work","ark:/21198/z1v79htf","ark:/21198/z1qp663d","","1926-11-01 (vol. 43, no. 19)","","","Havana (Cuba)","vol. 43","no. 19","1926-11-01/1926-11-30","1926-11-01/1926-11-30","spa","text","newspapers","32 pages","","El Fígaro 1926-11","Biblioteca Nacional de Cuba José Martí","unknown","published","http://www.bnjm.cu, portal@bnjm.cu","","Cuban literature--Periodicals|~|Cuba--Intellectual life--Periodicals|~|Sports--Cuba--Periodicals","paged","International Digital Ephemera Project","","open","bncjm_elfigaro_192611","https://iiif.library.ucla.edu/iiif/2/ark%3A%2F21198%2Fz1qp663d%2FzjXeadtsB","https://iiif.library.ucla.edu/ark%3A%2F21198%2Fz1qp663d/manifest"
"Work","ark:/21198/z1v79htf","ark:/21198/z1kx5fcp","","1927-02-06 (vol. 44, no. 02)","","","Havana (Cuba)","vol. 44","no. 02","1927-02-06","1927-02-06","spa","text","newspapers","28 pages","","El Fígaro 1927-02-06","Biblioteca Nacional de Cuba José Martí","unknown","published","http://www.bnjm.cu, portal@bnjm.cu","","Cuban literature--Periodicals|~|Cuba--Intellectual life--Periodicals|~|Sports--Cuba--Periodicals","paged","International Digital Ephemera Project","","open","bncjm_elfigaro_19270206","https://iiif.library.ucla.edu/iiif/2/ark%3A%2F21198%2Fz1kx5fcp%2FRC6KzD4zj","https://iiif.library.ucla.edu/ark%3A%2F21198%2Fz1kx5fcp/manifest"
"Work","ark:/21198/z1v79htf","ark:/21198/z1g54ppq","","1927-03-06 (vol. 44, no. 03)","","","Havana (Cuba)","vol. 44","no. 03","1927-03-06","1927-03-06","spa","text","newspapers","28 pages","","El Fígaro 1927-03-06","Biblioteca Nacional de Cuba José Martí","unknown","published","http://www.bnjm.cu, portal@bnjm.cu","","Cuban literature--Periodicals|~|Cuba--Intellectual life--Periodicals|~|Sports--Cuba--Periodicals","paged","International Digital Ephemera Project","","open","bncjm_elfigaro_19270306","https://iiif.library.ucla.edu/iiif/2/ark%3A%2F21198%2Fz1g54ppq%2FsqrGn1x09","https://iiif.library.ucla.edu/ark%3A%2F21198%2Fz1g54ppq/manifest"
"Work","ark:/21198/z1v79htf","ark:/21198/z1bh2ncq","","1927-03-13 (vol. 44, no. 04)","","","Havana (Cuba)","vol. 44","no. 04","1927-03-13","1927-03-13","spa","text","newspapers","28 pages","","El Fígaro 1927-03-13","Biblioteca Nacional de Cuba José Martí","unknown","published","http://www.bnjm.cu, portal@bnjm.cu","","Cuban literature--Periodicals|~|Cuba--Intellectual life--Periodicals|~|Sports--Cuba--Periodicals","paged","International Digital Ephemera Project","","open","bncjm_elfigaro_19270313","https://iiif.library.ucla.edu/iiif/2/ark%3A%2F21198%2Fz1bh2ncq%2Fe4jxwxumG","https://iiif.library.ucla.edu/ark%3A%2F21198%2Fz1bh2ncq/manifest"
"Work","ark:/21198/z1v79htf","ark:/21198/z16r1wmj","","1927-04-01 (vol. 44, no. 05)","","","Havana (Cuba)","vol. 44","no. 05","1927-04-01/1927-04-30","1927-04-01/1927-04-30","spa","text","newspapers","28 pages","","El Fígaro 1927-04","Biblioteca Nacional de Cuba José Martí","unknown","published","http://www.bnjm.cu, portal@bnjm.cu","","Cuban literature--Periodicals|~|Cuba--Intellectual life--Periodicals|~|Sports--Cuba--Periodicals","paged","International Digital Ephemera Project","","open","bncjm_elfigaro_192704","https://iiif.library.ucla.edu/iiif/2/ark%3A%2F21198%2Fz16r1wmj%2FMGbAF0K2b","https://iiif.library.ucla.edu/ark%3A%2F21198%2Fz16r1wmj/manifest"
"Work","ark:/21198/z1v79htf","ark:/21198/z13014wh","","1927-07-01 (vol. 44, no. 06)","","","Havana (Cuba)","vol. 44","no. 06","1927-07-01/1927-07-31","1927-07-01/1927-07-31","spa","text","newspapers","60 pages","","El Fígaro 1927-07","Biblioteca Nacional de Cuba José Martí","unknown","published","http://www.bnjm.cu, portal@bnjm.cu","","Cuban literature--Periodicals|~|Cuba--Intellectual life--Periodicals|~|Sports--Cuba--Periodicals","paged","International Digital Ephemera Project","","open","bncjm_elfigaro_192707","https://iiif.library.ucla.edu/iiif/2/ark%3A%2F21198%2Fz13014wh%2FnK0i5jpm6","https://iiif.library.ucla.edu/ark%3A%2F21198%2Fz13014wh/manifest"
"Work","ark:/21198/z1v79htf","ark:/21198/z1z70nbb","","1927-08-01 (vol. 44, no. 07)","","","Havana (Cuba)","vol. 44","no. 07","1927-08-01/1927-08-31","1927-08-01/1927-08-31","spa","text","newspapers","146 pages","","El Fígaro 1927-08","Biblioteca Nacional de Cuba José Martí","unknown","published","http://www.bnjm.cu, portal@bnjm.cu","","Cuban literature--Periodicals|~|Cuba--Intellectual life--Periodicals|~|Sports--Cuba--Periodicals","paged","International Digital Ephemera Project","","open","bncjm_elfigaro_192708","https://iiif.library.ucla.edu/iiif/2/ark%3A%2F21198%2Fz1z70nbb%2F2PO5PDv7G","https://iiif.library.ucla.edu/ark%3A%2F21198%2Fz1z70nbb/manifest"
"Work","ark:/21198/z1v79htf","ark:/21198/z1tf9wnh","","1928-08-01 (vol. 45)","","","Havana (Cuba)","vol. 45","","1928-08-01/1928-08-31","1928-08-01/1928-08-31","spa","text","newspapers","72 pages","","El Fígaro 1929-08","Biblioteca Nacional de Cuba José Martí","unknown","published","http://www.bnjm.cu, portal@bnjm.cu","Volume issue misprinted as ""XLIVI""","Cuban literature--Periodicals|~|Cuba--Intellectual life--Periodicals|~|Sports--Cuba--Periodicals","paged","International Digital Ephemera Project","","open","bncjm_elfigaro_192808","https://iiif.library.ucla.edu/iiif/2/ark%3A%2F21198%2Fz1tf9wnh%2F9W6Xjyg8u","https://iiif.library.ucla.edu/ark%3A%2F21198%2Fz1tf9wnh/manifest"
"Work","ark:/21198/z1v79htf","ark:/21198/z1pp950g","","1928-12-01 (vol. 45)","","","Havana (Cuba)","vol. 45","","1928-12-01/1928-12-31","1928-12-01/1928-12-31","spa","text","newspapers","144 pages","","El Fígaro 1929-12","Biblioteca Nacional de Cuba José Martí","unknown","published","http://www.bnjm.cu, portal@bnjm.cu","","Cuban literature--Periodicals|~|Cuba--Intellectual life--Periodicals|~|Sports--Cuba--Periodicals","paged","International Digital Ephemera Project","","open","bncjm_elfigaro_192812","https://iiif.library.ucla.edu/iiif/2/ark%3A%2F21198%2Fz1pp950g%2FfsymNdFQH","https://iiif.library.ucla.edu/ark%3A%2F21198%2Fz1pp950g/manifest"
"Work","ark:/21198/z1v79htf","ark:/21198/z1jx8d96","","1929-06-01 (vol. 46, no. 01)","","","Havana (Cuba)","vol. 46","no. 01","1929-06-01/1929-06-30","1929-06-01/1929-06-30","spa","text","newspapers","76 pages","","El Fígaro 1929-06","Biblioteca Nacional de Cuba José Martí","unknown","published","http://www.bnjm.cu, portal@bnjm.cu","","Cuban literature--Periodicals|~|Cuba--Intellectual life--Periodicals|~|Sports--Cuba--Periodicals","paged","International Digital Ephemera Project","","open","bncjm_elfigaro_192906","https://iiif.library.ucla.edu/iiif/2/ark%3A%2F21198%2Fz1jx8d96%2FXO3f6GSYI","https://iiif.library.ucla.edu/ark%3A%2F21198%2Fz1jx8d96/manifest"
"Work","ark:/21198/z1v79htf","ark:/21198/z1f86bwr","","1929-07-01 (vol. 46, no. 02)","","","Havana (Cuba)","vol. 46","no. 02","1929-07-01/1929-07-31","1929-07-01/1929-07-31","spa","text","newspapers","60 pages","","El Fígaro 1929-07","Biblioteca Nacional de Cuba José Martí","unknown","published","http://www.bnjm.cu, portal@bnjm.cu","","Cuban literature--Periodicals|~|Cuba--Intellectual life--Periodicals|~|Sports--Cuba--Periodicals","paged","International Digital Ephemera Project","","open","bncjm_elfigaro_192907","https://iiif.library.ucla.edu/iiif/2/ark%3A%2F21198%2Fz1f86bwr%2F7A5Fo5kRf","https://iiif.library.ucla.edu/ark%3A%2F21198%2Fz1f86bwr/manifest"
"Work","ark:/21198/z1v79htf","ark:/21198/z19h5m6w","","1929-08-01 (vol. 46, no. 03)","","","Havana (Cuba)","vol. 46","no. 03","1929-08-01/1929-08-31","1929-08-01/1929-08-31","spa","text","newspapers","60 pages","","El Fígaro 1929-08","Biblioteca Nacional de Cuba José Martí","unknown","published","http://www.bnjm.cu, portal@bnjm.cu","","Cuban literature--Periodicals|~|Cuba--Intellectual life--Periodicals|~|Sports--Cuba--Periodicals","paged","International Digital Ephemera Project","","open","bncjm_elfigaro_192908","https://iiif.library.ucla.edu/iiif/2/ark%3A%2F21198%2Fz19h5m6w%2F7DSXl3Q8n","https://iiif.library.ucla.edu/ark%3A%2F21198%2Fz19h5m6w/manifest"
"Work","ark:/21198/z1v79htf","ark:/21198/z15r4vfq","","1929-09-01 (vol. 46, no. 04)","","","Havana (Cuba)","vol. 46","no. 04","1929-09-01/1929-09-30","1929-09-01/1929-09-30","spa","text","newspapers","60 pages","","El Fígaro 1929-09","Biblioteca Nacional de Cuba José Martí","unknown","published","http://www.bnjm.cu, portal@bnjm.cu","","Cuban literature--Periodicals|~|Cuba--Intellectual life--Periodicals|~|Sports--Cuba--Periodicals","paged","International Digital Ephemera Project","","open","bncjm_elfigaro_192909","https://iiif.library.ucla.edu/iiif/2/ark%3A%2F21198%2Fz15r4vfq%2FzooRTFZ6v","https://iiif.library.ucla.edu/ark%3A%2F21198%2Fz15r4vfq/manifest"
"Work","ark:/21198/z1v79htf","ark:/21198/z12043r4","","1931-01-01 (vol. 48, no. 01)","","","Havana (Cuba)","vol. 48","no. 01","1931-01-01/1931-01-31","1931-01-01/1931-01-31","spa","text","newspapers","50 pages","","El Fígaro 1931-01","Biblioteca Nacional de Cuba José Martí","unknown","published","http://www.bnjm.cu, portal@bnjm.cu","","Cuban literature--Periodicals|~|Cuba--Intellectual life--Periodicals|~|Sports--Cuba--Periodicals","paged","International Digital Ephemera Project","","open","bncjm_elfigaro_193101","https://iiif.library.ucla.edu/iiif/2/ark%3A%2F21198%2Fz12043r4%2FGzXfw9vnd","https://iiif.library.ucla.edu/ark%3A%2F21198%2Fz12043r4/manifest"
"Work","ark:/21198/z1v79htf","ark:/21198/z1x73m99","","1943-12-01 (vol. 01, no. 01)","","","Havana (Cuba)","vol. 01","no. 01","1943-12-01/1943-12-31","1943-12-01/1943-12-31","spa","text","newspapers","28 pages","","El Fígaro 1943-12","Biblioteca Nacional de Cuba José Martí","unknown","published","http://www.bnjm.cu, portal@bnjm.cu","","Cuban literature--Periodicals|~|Cuba--Intellectual life--Periodicals|~|Sports--Cuba--Periodicals","paged","International Digital Ephemera Project","","open","bncjm_elfigaro_194312","https://iiif.library.ucla.edu/iiif/2/ark%3A%2F21198%2Fz1x73m99%2FRmj6HK6kd","https://iiif.library.ucla.edu/ark%3A%2F21198%2Fz1x73m99/manifest"
"Work","ark:/21198/z1v79htf","ark:/21198/z1sg2vkk","","1944-01-01 (vol. 02, no. 01)","","","Havana (Cuba)","vol. 02","no. 01","1944-01-01/1944-01-31","1944-01-01/1944-01-31","spa","text","newspapers","36 pages","","El Fígaro 1944-01","Biblioteca Nacional de Cuba José Martí","unknown","published","http://www.bnjm.cu, portal@bnjm.cu","","Cuban literature--Periodicals|~|Cuba--Intellectual life--Periodicals|~|Sports--Cuba--Periodicals","paged","International Digital Ephemera Project","","open","bncjm_elfigaro_194401","https://iiif.library.ucla.edu/iiif/2/ark%3A%2F21198%2Fz1sg2vkk%2FxZGC08YAy","https://iiif.library.ucla.edu/ark%3A%2F21198%2Fz1sg2vkk/manifest"
"Work","ark:/21198/z1v79htf","ark:/21198/z1nq23sb","","1944-02-01 (vol. 02, no. 02)","","","Havana (Cuba)","vol. 02","no. 02","1944-02-01/1944-02-28","1944-02-01/1944-02-28","spa","text","newspapers","36 pages","","El Fígaro 1944-02","Biblioteca Nacional de Cuba José Martí","unknown","published","http://www.bnjm.cu, portal@bnjm.cu","","Cuban literature--Periodicals|~|Cuba--Intellectual life--Periodicals|~|Sports--Cuba--Periodicals","paged","International Digital Ephemera Project","","open","bncjm_elfigaro_194402","https://iiif.library.ucla.edu/iiif/2/ark%3A%2F21198%2Fz1nq23sb%2F0WEGYnjeE","https://iiif.library.ucla.edu/ark%3A%2F21198%2Fz1nq23sb/manifest"
"Work","ark:/21198/z1v79htf","ark:/21198/z1j202k0","","1944-03-01 (vol. 02, no. 03)","","","Havana (Cuba)","vol. 02","no. 03","1944-03-01/1944-03-31","1944-03-01/1944-03-31","spa","text","newspapers","36 pages","","El Fígaro 1944-03","Biblioteca Nacional de Cuba José Martí","unknown","published","http://www.bnjm.cu, portal@bnjm.cu","","Cuban literature--Periodicals|~|Cuba--Intellectual life--Periodicals|~|Sports--Cuba--Periodicals","paged","International Digital Ephemera Project","","open","bncjm_elfigaro_194403","https://iiif.library.ucla.edu/iiif/2/ark%3A%2F21198%2Fz1j202k0%2FnpUbomrGg","https://iiif.library.ucla.edu/ark%3A%2F21198%2Fz1j202k0/manifest"
"Work","ark:/21198/z1v79htf","ark:/21198/z1d899vq","","1944-04-01 (vol. 02, no. 04)","","","Havana (Cuba)","vol. 02","no. 04","1944-04-01/1944-04-30","1944-04-01/1944-04-30","spa","text","newspapers","36 pages","","El Fígaro 1944-04","Biblioteca Nacional de Cuba José Martí","unknown","published","http://www.bnjm.cu, portal@bnjm.cu","","Cuban literature--Periodicals|~|Cuba--Intellectual life--Periodicals|~|Sports--Cuba--Periodicals","paged","International Digital Ephemera Project","","open","bncjm_elfigaro_194404","https://iiif.library.ucla.edu/iiif/2/ark%3A%2F21198%2Fz1d899vq%2FOkK1kxzkm","https://iiif.library.ucla.edu/ark%3A%2F21198%2Fz1d899vq/manifest"
"Work","ark:/21198/z1v79htf","ark:/21198/z18h8k2h","","1944-05-01 (vol. 02, no. 05)","","","Havana (Cuba)","vol. 02","no. 05","1944-05-01/1944-05-31","1944-05-01/1944-05-31","spa","text","newspapers","68 pages","","El Fígaro 1944-05","Biblioteca Nacional de Cuba José Martí","unknown","published","http://www.bnjm.cu, portal@bnjm.cu","","Cuban literature--Periodicals|~|Cuba--Intellectual life--Periodicals|~|Sports--Cuba--Periodicals","paged","International Digital Ephemera Project","","open","bncjm_elfigaro_194405","https://iiif.library.ucla.edu/iiif/2/ark%3A%2F21198%2Fz18h8k2h%2FrT5RlUDGg","https://iiif.library.ucla.edu/ark%3A%2F21198%2Fz18h8k2h/manifest"
"Work","ark:/21198/z1v79htf","ark:/21198/z14r7t8w","","1944-06-01 (vol. 02, no. 06)","","","Havana (Cuba)","vol. 02","no. 06","1944-06-01/1944-06-30","1944-06-01/1944-06-30","spa","text","newspapers","66 pages","","El Fígaro 1944-06","Biblioteca Nacional de Cuba José Martí","unknown","published","http://www.bnjm.cu, portal@bnjm.cu","","Cuban literature--Periodicals|~|Cuba--Intellectual life--Periodicals|~|Sports--Cuba--Periodicals","paged","International Digital Ephemera Project","","open","bncjm_elfigaro_194406","https://iiif.library.ucla.edu/iiif/2/ark%3A%2F21198%2Fz14r7t8w%2FP4j3TtcL2","https://iiif.library.ucla.edu/ark%3A%2F21198%2Fz14r7t8w/manifest"
"Work","ark:/21198/z1v79htf","ark:/21198/z11072mr","","1944-07-01 (vol. 02, no. 07)","","","Havana (Cuba)","vol. 02","no. 07","1944-07-01/1944-07-31","1944-07-01/1944-07-31","spa","text","newspapers","60 pages","","El Fígaro 1944-07","Biblioteca Nacional de Cuba José Martí","unknown","published","http://www.bnjm.cu, portal@bnjm.cu","","Cuban literature--Periodicals|~|Cuba--Intellectual life--Periodicals|~|Sports--Cuba--Periodicals","paged","International Digital Ephemera Project","","open","bncjm_elfigaro_194407","https://iiif.library.ucla.edu/iiif/2/ark%3A%2F21198%2Fz11072mr%2FDYtAoP4B0","https://iiif.library.ucla.edu/ark%3A%2F21198%2Fz11072mr/manifest"
"Work","ark:/21198/z1v79htf","ark:/21198/z1w76k4g","","1944-09-01 (vol. 02, no. 09)","","","Havana (Cuba)","vol. 02","no. 09","1944-09-01/1944-09-30","1944-09-01/1944-09-30","spa","text","newspapers","52 pages","","El Fígaro 1944-09","Biblioteca Nacional de Cuba José Martí","unknown","published","http://www.bnjm.cu, portal@bnjm.cu","","Cuban literature--Periodicals|~|Cuba--Intellectual life--Periodicals|~|Sports--Cuba--Periodicals","paged","International Digital Ephemera Project","","open","bncjm_elfigaro_194409","https://iiif.library.ucla.edu/iiif/2/ark%3A%2F21198%2Fz1w76k4g%2FddzCttE3G","https://iiif.library.ucla.edu/ark%3A%2F21198%2Fz1w76k4g/manifest"
"Work","ark:/21198/z1v79htf","ark:/21198/z1rg5tf6","","1945-01-01 (vol. 3, no. 1, 2)","","","Havana (Cuba)","vol. 3","no. 1, 2","1945-01-01/1945-02-28","1945-01-01/1945-02-28","spa","text","newspapers","44 pages","","El Fígaro 1945-01, 1945-02","Biblioteca Nacional de Cuba José Martí","unknown","published","http://www.bnjm.cu, portal@bnjm.cu","","Cuban literature--Periodicals|~|Cuba--Intellectual life--Periodicals|~|Sports--Cuba--Periodicals","paged","International Digital Ephemera Project","","open","bncjm_elfigaro_194501_194502","https://iiif.library.ucla.edu/iiif/2/ark%3A%2F21198%2Fz1rg5tf6%2F3hXNfmTbv","https://iiif.library.ucla.edu/ark%3A%2F21198%2Fz1rg5tf6/manifest"
"Work","ark:/21198/z1v79htf","ark:/21198/z1mt3s46","","1945-05-01 (vol. 3, no. 3, 4)","","","Havana (Cuba)","vol. 3","no. 3, 4","1945-05-01/1945-06-30","1945-05-01/1945-06-30","spa","text","newspapers","36 pages","","El Fígaro 1945-05, 1945-06","Biblioteca Nacional de Cuba José Martí","unknown","published","http://www.bnjm.cu, portal@bnjm.cu","","Cuban literature--Periodicals|~|Cuba--Intellectual life--Periodicals|~|Sports--Cuba--Periodicals","paged","International Digital Ephemera Project","","open","bncjm_elfigaro_194505_194506","https://iiif.library.ucla.edu/iiif/2/ark%3A%2F21198%2Fz1mt3s46%2FSyQHfSGPw","https://iiif.library.ucla.edu/ark%3A%2F21198%2Fz1mt3s46/manifest"
"Work","ark:/21198/z1v79htf","ark:/21198/z1h231cq","","1945-08-01 (vol. 3, no. 5, 6)","","","Havana (Cuba)","vol. 3","no. 5, 6","1945-08-01/1945-09-30","1945-08-01/1945-09-30","spa","text","newspapers","26 pages","","El Fígaro 1945-08, 1945-09","Biblioteca Nacional de Cuba José Martí","unknown","published","http://www.bnjm.cu, portal@bnjm.cu","","Cuban literature--Periodicals|~|Cuba--Intellectual life--Periodicals|~|Sports--Cuba--Periodicals","paged","International Digital Ephemera Project","","open","bncjm_elfigaro_194508_194509","https://iiif.library.ucla.edu/iiif/2/ark%3A%2F21198%2Fz1h231cq%2FLNJB4mhKv","https://iiif.library.ucla.edu/ark%3A%2F21198%2Fz1h231cq/manifest"
