Object Type,Title,Item ARK,Parent ARK,File Name,Item Sequence,Visibility,Thumbnail,Local identifier,Contents note,date.created,Date.normalized,Format.extent,Genre,Language,Place of origin,Repository,Type.typeOfResource,Rights.copyrightStatus,Rights.rightsHolderContact,viewingHint,Name.director,Name.editor,Subject,IIIF Manifest URL
Work,1945-04-16 (año 02 | no. 03),ark:/21198/z1v14q5f,ark:/21198/z13j5z8d,,,open,https://iiif.library.ucla.edu/iiif/2/ark%3A%2F21198%2Fz1kw81z4,ihc_americadeportiva_19450416,,16 de abril de 1945|~|1945-04-16,1945-04-16,18 pages,newspapers,spa,Havana (Cuba),Instituto de Historia de Cuba,text,unknown,"http://www.ihc.cu/, webmaster@ihc.cu",paged,"Jimenez, Llillo","Delgado y Villalba, Gabino",Sports -- Cuba -- Periodicals|~|Cuba -- Social life and customs|~|Cuba -- Periodicals,https://iiif.library.ucla.edu/ark%3A%2F21198%2Fz1v14q5f/manifest
Work,1945-08-20 (año 02 | no. 07),ark:/21198/z1q83zg5,ark:/21198/z13j5z8d,,,open,https://iiif.library.ucla.edu/iiif/2/ark%3A%2F21198%2Fz18h15nh,ihc_americadeportiva_19450820,,20 de agosto de 1945|~|1945-08-20,1945-08-20,30 pages,newspapers,spa,Havana (Cuba),Instituto de Historia de Cuba,text,unknown,"http://www.ihc.cu/, webmaster@ihc.cu",paged,"Jimenez, Llillo","Delgado y Villalba, Gabino",Sports -- Cuba -- Periodicals|~|Cuba -- Social life and customs|~|Cuba -- Periodicals,https://iiif.library.ucla.edu/ark%3A%2F21198%2Fz1q83zg5/manifest
Work,1945-08-27 (año 02 | no. desconocido),ark:/21198/z1kh36px,ark:/21198/z13j5z8d,,,open,https://iiif.library.ucla.edu/iiif/2/ark%3A%2F21198%2Fz1d24hj6,ihc_americadeportiva_19450827,Issue number is missing.,27 de agosto de 1945|~|1945-08-27,1945-08-27,24 pages,newspapers,spa,Havana (Cuba),Instituto de Historia de Cuba,text,unknown,"http://www.ihc.cu/, webmaster@ihc.cu",paged,"Jimenez, Llillo","Delgado y Villalba, Gabino",Sports -- Cuba -- Periodicals|~|Cuba -- Social life and customs|~|Cuba -- Periodicals,https://iiif.library.ucla.edu/ark%3A%2F21198%2Fz1kh36px/manifest
Work,1945-09-03 (año 02 | no. 09),ark:/21198/z1fr2fz6,ark:/21198/z13j5z8d,,,open,https://iiif.library.ucla.edu/iiif/2/ark%3A%2F21198%2Fz1dz2v9d,ihc_americadeportiva_19450903,,3 de septiembre de 1945|~|1945-09-03,1945-09-03,24 pages,newspapers,spa,Havana (Cuba),Instituto de Historia de Cuba,text,unknown,"http://www.ihc.cu/, webmaster@ihc.cu",paged,"Jimenez, Llillo","Delgado y Villalba, Gabino",Sports -- Cuba -- Periodicals|~|Cuba -- Social life and customs|~|Cuba -- Periodicals,https://iiif.library.ucla.edu/ark%3A%2F21198%2Fz1fr2fz6/manifest
Work,1945-09-10 (año 02 | no. 10),ark:/21198/z1b01q6r,ark:/21198/z13j5z8d,,,open,https://iiif.library.ucla.edu/iiif/2/ark%3A%2F21198%2Fz1p86xxd,ihc_americadeportiva_19450910,,10 de septiembre de 1945|~|1945-09-10,1945-09-10,40 pages,newspapers,spa,Havana (Cuba),Instituto de Historia de Cuba,text,unknown,"http://www.ihc.cu/, webmaster@ihc.cu",paged,"Jimenez, Llillo","Delgado y Villalba, Gabino",Sports -- Cuba -- Periodicals|~|Cuba -- Social life and customs|~|Cuba -- Periodicals,https://iiif.library.ucla.edu/ark%3A%2F21198%2Fz1b01q6r/manifest
Work,1945-09-24 (año 02 | no. 12),ark:/21198/z1699nvb,ark:/21198/z13j5z8d,,,open,https://iiif.library.ucla.edu/iiif/2/ark%3A%2F21198%2Fz17m2tzh,ihc_americadeportiva_19450924,,24 de septiembre de 1945|~|1945-09-24,1945-09-24,17 pages,newspapers,spa,Havana (Cuba),Instituto de Historia de Cuba,text,unknown,"http://www.ihc.cu/, webmaster@ihc.cu",paged,"Jimenez, Llillo","Delgado y Villalba, Gabino",Sports -- Cuba -- Periodicals|~|Cuba -- Social life and customs|~|Cuba -- Periodicals,https://iiif.library.ucla.edu/ark%3A%2F21198%2Fz1699nvb/manifest
Work,1945-10-08 (año 02 | no. 14),ark:/21198/z12j8x41,ark:/21198/z13j5z8d,,,open,https://iiif.library.ucla.edu/iiif/2/ark%3A%2F21198%2Fz1km1xs7,ihc_americadeportiva_19451008,,8 de octubre de 1945|~|1945-10-08,1945-10-08,22 pages,newspapers,spa,Havana (Cuba),Instituto de Historia de Cuba,text,unknown,"http://www.ihc.cu/, webmaster@ihc.cu",paged,"Jimenez, Llillo","Delgado y Villalba, Gabino",Sports -- Cuba -- Periodicals|~|Cuba -- Social life and customs|~|Cuba -- Periodicals,https://iiif.library.ucla.edu/ark%3A%2F21198%2Fz12j8x41/manifest
Work,1945-10-15 (año 02 | no. 15),ark:/21198/z1xs8dr2,ark:/21198/z13j5z8d,,,open,https://iiif.library.ucla.edu/iiif/2/ark%3A%2F21198%2Fz1r529s7,ihc_americadeportiva_19451015,,15 de octubre de 1945|~|1945-10-15,1945-10-15,21 pages,newspapers,spa,Havana (Cuba),Instituto de Historia de Cuba,text,unknown,"http://www.ihc.cu/, webmaster@ihc.cu",paged,"Jimenez, Llillo","Delgado y Villalba, Gabino",Sports -- Cuba -- Periodicals|~|Cuba -- Social life and customs|~|Cuba -- Periodicals,https://iiif.library.ucla.edu/ark%3A%2F21198%2Fz1xs8dr2/manifest
Work,1945-10-22 (año 02 | no. 16),ark:/21198/z1t17p12,ark:/21198/z13j5z8d,,,open,https://iiif.library.ucla.edu/iiif/2/ark%3A%2F21198%2Fz1hf0fpc,ihc_americadeportiva_19451022,,22 de octubre de 1945|~|1945-10-22,1945-10-22,21 pages,newspapers,spa,Havana (Cuba),Instituto de Historia de Cuba,text,unknown,"http://www.ihc.cu/, webmaster@ihc.cu",paged,"Jimenez, Llillo","Delgado y Villalba, Gabino",Sports -- Cuba -- Periodicals|~|Cuba -- Social life and customs|~|Cuba -- Periodicals,https://iiif.library.ucla.edu/ark%3A%2F21198%2Fz1t17p12/manifest
Work,1945-10-29 (año 02 | no. 17),ark:/21198/z1p86x8w,ark:/21198/z13j5z8d,,,open,https://iiif.library.ucla.edu/iiif/2/ark%3A%2F21198%2Fz18s78vg,ihc_americadeportiva_19451029,,29 de octubre de 1945|~|1945-10-29,1945-10-29,27 pages,newspapers,spa,Havana (Cuba),Instituto de Historia de Cuba,text,unknown,"http://www.ihc.cu/, webmaster@ihc.cu",paged,"Jimenez, Llillo","Delgado y Villalba, Gabino",Sports -- Cuba -- Periodicals|~|Cuba -- Social life and customs|~|Cuba -- Periodicals,https://iiif.library.ucla.edu/ark%3A%2F21198%2Fz1p86x8w/manifest
Work,1945-11-05 (año 02 | no. 18),ark:/21198/z1jh65h3,ark:/21198/z13j5z8d,,,open,https://iiif.library.ucla.edu/iiif/2/ark%3A%2F21198%2Fz1pp1rpf,ihc_americadeportiva_19451105,,5 de noviembre de 1945|~|1945-11-05,1945-11-05,24 pages,newspapers,spa,Havana (Cuba),Instituto de Historia de Cuba,text,unknown,"http://www.ihc.cu/, webmaster@ihc.cu",paged,"Jimenez, Llillo","Delgado y Villalba, Gabino",Sports -- Cuba -- Periodicals|~|Cuba -- Social life and customs|~|Cuba -- Periodicals,https://iiif.library.ucla.edu/ark%3A%2F21198%2Fz1jh65h3/manifest
Work,1945-11-12 (año 02 | no. 19),ark:/21198/z1dr5dsc,ark:/21198/z13j5z8d,,,open,https://iiif.library.ucla.edu/iiif/2/ark%3A%2F21198%2Fz1gt8764,ihc_americadeportiva_19451112,,12 de noviembre de 1945|~|1945-11-12,1945-11-12,23 pages,newspapers,spa,Havana (Cuba),Instituto de Historia de Cuba,text,unknown,"http://www.ihc.cu/, webmaster@ihc.cu",paged,"Jimenez, Llillo","Delgado y Villalba, Gabino",Sports -- Cuba -- Periodicals|~|Cuba -- Social life and customs|~|Cuba -- Periodicals,https://iiif.library.ucla.edu/ark%3A%2F21198%2Fz1dr5dsc/manifest
Work,1945-11-19 (año 02 | no. 20),ark:/21198/z1933ch4,ark:/21198/z13j5z8d,,,open,https://iiif.library.ucla.edu/iiif/2/ark%3A%2F21198%2Fz1v14qtz,ihc_americadeportiva_19451119,,19 de noviembre de 1945|~|1945-11-19,1945-11-19,23 pages,newspapers,spa,Havana (Cuba),Instituto de Historia de Cuba,text,unknown,"http://www.ihc.cu/, webmaster@ihc.cu",paged,"Jimenez, Llillo","Delgado y Villalba, Gabino",Sports -- Cuba -- Periodicals|~|Cuba -- Social life and customs|~|Cuba -- Periodicals,https://iiif.library.ucla.edu/ark%3A%2F21198%2Fz1933ch4/manifest
Work,1945-11-26 (año 02 | no. 21),ark:/21198/z15b2mtv,ark:/21198/z13j5z8d,,,open,https://iiif.library.ucla.edu/iiif/2/ark%3A%2F21198%2Fz1h731rc,ihc_americadeportiva_19451126,,26 de noviembre de 1945|~|1945-11-26,1945-11-26,23 pages,newspapers,spa,Havana (Cuba),Instituto de Historia de Cuba,text,unknown,"http://www.ihc.cu/, webmaster@ihc.cu",paged,"Jimenez, Llillo","Delgado y Villalba, Gabino",Sports -- Cuba -- Periodicals|~|Cuba -- Social life and customs|~|Cuba -- Periodicals,https://iiif.library.ucla.edu/ark%3A%2F21198%2Fz15b2mtv/manifest
Work,1945-12-10 (año 02 | no. 22),ark:/21198/z11k1w5f,ark:/21198/z13j5z8d,,,open,https://iiif.library.ucla.edu/iiif/2/ark%3A%2F21198%2Fz1z34jq5,ihc_americadeportiva_19451210,,10 de diciembre de 1945|~|1945-12-10,1945-12-10,15 pages,newspapers,spa,Havana (Cuba),Instituto de Historia de Cuba,text,unknown,"http://www.ihc.cu/, webmaster@ihc.cu",paged,"Jimenez, Llillo","Delgado y Villalba, Gabino",Sports -- Cuba -- Periodicals|~|Cuba -- Social life and customs|~|Cuba -- Periodicals,https://iiif.library.ucla.edu/ark%3A%2F21198%2Fz11k1w5f/manifest
Work,1946-01-14 (año 03 | no. 02),ark:/21198/z1wt1cm7,ark:/21198/z13j5z8d,,,open,https://iiif.library.ucla.edu/iiif/2/ark%3A%2F21198%2Fz1kq0n3m,ihc_americadeportiva_19460114,,14 de enero de 1946|~|1946-01-14,1946-01-14,15 pages,newspapers,spa,Havana (Cuba),Instituto de Historia de Cuba,text,unknown,"http://www.ihc.cu/, webmaster@ihc.cu",paged,,"Gomez Nieto y Elola, Daniel",Sports -- Cuba -- Periodicals|~|Cuba -- Social life and customs|~|Cuba -- Periodicals,https://iiif.library.ucla.edu/ark%3A%2F21198%2Fz1wt1cm7/manifest
Work,1946-02-04 (año 03 | no. 05),ark:/21198/z1s20mwt,ark:/21198/z13j5z8d,,,open,https://iiif.library.ucla.edu/iiif/2/ark%3A%2F21198%2Fz1qc2pgh,ihc_americadeportiva_19460204,,4 de febrero de 1946|~|1946-02-04,1946-02-04,15 pages,newspapers,spa,Havana (Cuba),Instituto de Historia de Cuba,text,unknown,"http://www.ihc.cu/, webmaster@ihc.cu",paged,,"Gomez Nieto y Elola, Daniel",Sports -- Cuba -- Periodicals|~|Cuba -- Social life and customs|~|Cuba -- Periodicals,https://iiif.library.ucla.edu/ark%3A%2F21198%2Fz1s20mwt/manifest
Work,1946-02-18 (año 03 | no. 07),ark:/21198/z1n89w32,ark:/21198/z13j5z8d,,,open,https://iiif.library.ucla.edu/iiif/2/ark%3A%2F21198%2Fz12g07jd,ihc_americadeportiva_19460218,,18 de febrero de 1946|~|1946-02-18,1946-02-18,15 pages,newspapers,spa,Havana (Cuba),Instituto de Historia de Cuba,text,unknown,"http://www.ihc.cu/, webmaster@ihc.cu",paged,,"Gomez Nieto y Elola, Daniel",Sports -- Cuba -- Periodicals|~|Cuba -- Social life and customs|~|Cuba -- Periodicals,https://iiif.library.ucla.edu/ark%3A%2F21198%2Fz1n89w32/manifest
Work,1946-03-11 (año 03 | no. 10),ark:/21198/z1hh94cq,ark:/21198/z13j5z8d,,,open,https://iiif.library.ucla.edu/iiif/2/ark%3A%2F21198%2Fz1zg9c62,ihc_americadeportiva_19460311,,11 de marzo de 1946|~|1946-03-11,1946-03-11,8 pages,newspapers,spa,Havana (Cuba),Instituto de Historia de Cuba,text,unknown,"http://www.ihc.cu/, webmaster@ihc.cu",paged,,"Gomez Nieto y Elola, Daniel",Sports -- Cuba -- Periodicals|~|Cuba -- Social life and customs|~|Cuba -- Periodicals,https://iiif.library.ucla.edu/ark%3A%2F21198%2Fz1hh94cq/manifest
Work,1946-03-18 (año 03 | no. 11),ark:/21198/z1cv732q,ark:/21198/z13j5z8d,,,open,https://iiif.library.ucla.edu/iiif/2/ark%3A%2F21198%2Fz14486g9,ihc_americadeportiva_19460318,,18 de marzo de 1946|~|1946-03-18,1946-03-18,17 pages,newspapers,spa,Havana (Cuba),Instituto de Historia de Cuba,text,unknown,"http://www.ihc.cu/, webmaster@ihc.cu",paged,,"Gomez Nieto y Elola, Daniel",Sports -- Cuba -- Periodicals|~|Cuba -- Social life and customs|~|Cuba -- Periodicals,https://iiif.library.ucla.edu/ark%3A%2F21198%2Fz1cv732q/manifest
Work,1946-03-25 (año 03 | no. 12),ark:/21198/z1836bcr,ark:/21198/z13j5z8d,,,open,https://iiif.library.ucla.edu/iiif/2/ark%3A%2F21198%2Fz13z0sqd,ihc_americadeportiva_19460325,,25 de marzo de 1946|~|1946-03-25,1946-03-25,15 pages,newspapers,spa,Havana (Cuba),Instituto de Historia de Cuba,text,unknown,"http://www.ihc.cu/, webmaster@ihc.cu",paged,,"Gomez Nieto y Elola, Daniel",Sports -- Cuba -- Periodicals|~|Cuba -- Social life and customs|~|Cuba -- Periodicals,https://iiif.library.ucla.edu/ark%3A%2F21198%2Fz1836bcr/manifest
Work,1946-04-01 (año 03 | no. 13),ark:/21198/z14b5kpg,ark:/21198/z13j5z8d,,,open,https://iiif.library.ucla.edu/iiif/2/ark%3A%2F21198%2Fz15q7g4x,ihc_americadeportiva_19460401,,1 de abril de 1946|~|1946-04-01,1946-04-01,8 pages,newspapers,spa,Havana (Cuba),Instituto de Historia de Cuba,text,unknown,"http://www.ihc.cu/, webmaster@ihc.cu",paged,,"Gomez Nieto y Elola, Daniel",Sports -- Cuba -- Periodicals|~|Cuba -- Social life and customs|~|Cuba -- Periodicals,https://iiif.library.ucla.edu/ark%3A%2F21198%2Fz14b5kpg/manifest
Work,1946-04-22 (año 03 | no. 16),ark:/21198/z10k4tzr,ark:/21198/z13j5z8d,,,open,https://iiif.library.ucla.edu/iiif/2/ark%3A%2F21198%2Fz14r0dz7,ihc_americadeportiva_19460422,,22 de abril de 1946|~|1946-04-22,1946-04-22,12 pages,newspapers,spa,Havana (Cuba),Instituto de Historia de Cuba,text,unknown,"http://www.ihc.cu/, webmaster@ihc.cu",paged,,"Gomez Nieto y Elola, Daniel",Sports -- Cuba -- Periodicals|~|Cuba -- Social life and customs|~|Cuba -- Periodicals,https://iiif.library.ucla.edu/ark%3A%2F21198%2Fz10k4tzr/manifest
Work,1946-04-29 (año 03 | no. 17),ark:/21198/z1vt4bgv,ark:/21198/z13j5z8d,,,open,https://iiif.library.ucla.edu/iiif/2/ark%3A%2F21198%2Fz1ks9bn5,ihc_americadeportiva_19460429,,29 de abril de 1946|~|1946-04-29,1946-04-29,12 pages,newspapers,spa,Havana (Cuba),Instituto de Historia de Cuba,text,unknown,"http://www.ihc.cu/, webmaster@ihc.cu",paged,,"Gomez Nieto y Elola, Daniel",Sports -- Cuba -- Periodicals|~|Cuba -- Social life and customs|~|Cuba -- Periodicals,https://iiif.library.ucla.edu/ark%3A%2F21198%2Fz1vt4bgv/manifest
Work,1946-05-06 (año 03 | no. 18),ark:/21198/z1r23kq0,ark:/21198/z13j5z8d,,,open,https://iiif.library.ucla.edu/iiif/2/ark%3A%2F21198%2Fz11v811q,ihc_americadeportiva_19460506,,6 de mayo de 1946|~|1946-05-06,1946-05-06,8 pages,newspapers,spa,Havana (Cuba),Instituto de Historia de Cuba,text,unknown,"http://www.ihc.cu/, webmaster@ihc.cu",paged,,"Gomez Nieto y Elola, Daniel",Sports -- Cuba -- Periodicals|~|Cuba -- Social life and customs|~|Cuba -- Periodicals,https://iiif.library.ucla.edu/ark%3A%2F21198%2Fz1r23kq0/manifest
Work,1946-05-13 (año 03 | no. 19),ark:/21198/z1m92tzt,ark:/21198/z13j5z8d,,,open,https://iiif.library.ucla.edu/iiif/2/ark%3A%2F21198%2Fz10w0zvn,ihc_americadeportiva_19460513,,13 de mayo de 1946|~|1946-05-13,1946-05-13,8 pages,newspapers,spa,Havana (Cuba),Instituto de Historia de Cuba,text,unknown,"http://www.ihc.cu/, webmaster@ihc.cu",paged,,"Gomez Nieto y Elola, Daniel",Sports -- Cuba -- Periodicals|~|Cuba -- Social life and customs|~|Cuba -- Periodicals,https://iiif.library.ucla.edu/ark%3A%2F21198%2Fz1m92tzt/manifest
Work,1946-05-20 (año 03 | no. 20),ark:/21198/z1gn0smc,ark:/21198/z13j5z8d,,,open,https://iiif.library.ucla.edu/iiif/2/ark%3A%2F21198%2Fz1zw45zp,ihc_americadeportiva_19460520,,20 de mayo de 1946|~|1946-05-20,1946-05-20,15 pages,newspapers,spa,Havana (Cuba),Instituto de Historia de Cuba,text,unknown,"http://www.ihc.cu/, webmaster@ihc.cu",paged,,"Gomez Nieto y Elola, Daniel",Sports -- Cuba -- Periodicals|~|Cuba -- Social life and customs|~|Cuba -- Periodicals,https://iiif.library.ucla.edu/ark%3A%2F21198%2Fz1gn0smc/manifest
Work,1946-05-27 (año 03 | no. 21),ark:/21198/z1bw01zx,ark:/21198/z13j5z8d,,,open,https://iiif.library.ucla.edu/iiif/2/ark%3A%2F21198%2Fz11p0m4b,ihc_americadeportiva_19460527,,27 de mayo de 1946|~|1946-05-27,1946-05-27,10 pages,newspapers,spa,Havana (Cuba),Instituto de Historia de Cuba,text,unknown,"http://www.ihc.cu/, webmaster@ihc.cu",paged,,"Gomez Nieto y Elola, Daniel",Sports -- Cuba -- Periodicals|~|Cuba -- Social life and customs|~|Cuba -- Periodicals,https://iiif.library.ucla.edu/ark%3A%2F21198%2Fz1bw01zx/manifest
Work,1946-06-03 (año 03 | no. 22),ark:/21198/z173998t,ark:/21198/z13j5z8d,,,open,https://iiif.library.ucla.edu/iiif/2/ark%3A%2F21198%2Fz1rr4j9g,ihc_americadeportiva_19460603,,3 de junio de 1946|~|1946-06-03,1946-06-03,12 pages,newspapers,spa,Havana (Cuba),Instituto de Historia de Cuba,text,unknown,"http://www.ihc.cu/, webmaster@ihc.cu",paged,,"Gomez Nieto y Elola, Daniel",Sports -- Cuba -- Periodicals|~|Cuba -- Social life and customs|~|Cuba -- Periodicals,https://iiif.library.ucla.edu/ark%3A%2F21198%2Fz173998t/manifest
Work,1946-06-10 (año 03 | no. 23),ark:/21198/z13b8jhn,ark:/21198/z13j5z8d,,,open,https://iiif.library.ucla.edu/iiif/2/ark%3A%2F21198%2Fz16t36rh,ihc_americadeportiva_19460610,,10 de junio de 1946|~|1946-06-10,1946-06-10,16 pages,newspapers,spa,Havana (Cuba),Instituto de Historia de Cuba,text,unknown,"http://www.ihc.cu/, webmaster@ihc.cu",paged,,"Gomez Nieto y Elola, Daniel",Sports -- Cuba -- Periodicals|~|Cuba -- Social life and customs|~|Cuba -- Periodicals,https://iiif.library.ucla.edu/ark%3A%2F21198%2Fz13b8jhn/manifest
Work,1946-06-17 (año 03 | no. 24),ark:/21198/z1zk821r,ark:/21198/z13j5z8d,,,open,https://iiif.library.ucla.edu/iiif/2/ark%3A%2F21198%2Fz14t94gr,ihc_americadeportiva_19460617,,17 de junio de 1946|~|1946-06-17,1946-06-17,12 pages,newspapers,spa,Havana (Cuba),Instituto de Historia de Cuba,text,unknown,"http://www.ihc.cu/, webmaster@ihc.cu",paged,,"Gomez Nieto y Elola, Daniel",Sports -- Cuba -- Periodicals|~|Cuba -- Social life and customs|~|Cuba -- Periodicals,https://iiif.library.ucla.edu/ark%3A%2F21198%2Fz1zk821r/manifest
Work,1946-06-24 (año 03 | no. 25),ark:/21198/z1tt7974,ark:/21198/z13j5z8d,,,open,https://iiif.library.ucla.edu/iiif/2/ark%3A%2F21198%2Fz1kw823b,ihc_americadeportiva_19460624,,24 de junio de 1946|~|1946-06-24,1946-06-24,12 pages,newspapers,spa,Havana (Cuba),Instituto de Historia de Cuba,text,unknown,"http://www.ihc.cu/, webmaster@ihc.cu",paged,,"Gomez Nieto y Elola, Daniel",Sports -- Cuba -- Periodicals|~|Cuba -- Social life and customs|~|Cuba -- Periodicals,https://iiif.library.ucla.edu/ark%3A%2F21198%2Fz1tt7974/manifest
Work,1946-07-01 (año 03 | no. 26),ark:/21198/z1q26jj5,ark:/21198/z13j5z8d,,,open,https://iiif.library.ucla.edu/iiif/2/ark%3A%2F21198%2Fz1jt29gw,ihc_americadeportiva_19460701,,1 de julio de 1946|~|1946-07-01,1946-07-01,12 pages,newspapers,spa,Havana (Cuba),Instituto de Historia de Cuba,text,unknown,"http://www.ihc.cu/, webmaster@ihc.cu",paged,,"Gomez Nieto y Elola, Daniel",Sports -- Cuba -- Periodicals|~|Cuba -- Social life and customs|~|Cuba -- Periodicals,https://iiif.library.ucla.edu/ark%3A%2F21198%2Fz1q26jj5/manifest
Work,1946-07-08 (año 03 | no. 27),ark:/21198/z1kd4h75,ark:/21198/z13j5z8d,,,open,https://iiif.library.ucla.edu/iiif/2/ark%3A%2F21198%2Fz10s28fq,ihc_americadeportiva_19460708,,8 de julio de 1946|~|1946-07-08,1946-07-08,12 pages,newspapers,spa,Havana (Cuba),Instituto de Historia de Cuba,text,unknown,"http://www.ihc.cu/, webmaster@ihc.cu",paged,,"Gomez Nieto y Elola, Daniel",Sports -- Cuba -- Periodicals|~|Cuba -- Social life and customs|~|Cuba -- Periodicals,https://iiif.library.ucla.edu/ark%3A%2F21198%2Fz1kd4h75/manifest
Work,1946-07-15 (año 03 | no. 28),ark:/21198/z1fn3rjw,ark:/21198/z13j5z8d,,,open,https://iiif.library.ucla.edu/iiif/2/ark%3A%2F21198%2Fz1fv163r,ihc_americadeportiva_19460715,,15 de julio de 1946|~|1946-07-15,1946-07-15,12 pages,newspapers,spa,Havana (Cuba),Instituto de Historia de Cuba,text,unknown,"http://www.ihc.cu/, webmaster@ihc.cu",paged,,"Gomez Nieto y Elola, Daniel",Sports -- Cuba -- Periodicals|~|Cuba -- Social life and customs|~|Cuba -- Periodicals,https://iiif.library.ucla.edu/ark%3A%2F21198%2Fz1fn3rjw/manifest
Work,1946-07-22 (año 03 | no. 29),ark:/21198/z19w30wf,ark:/21198/z13j5z8d,,,open,https://iiif.library.ucla.edu/iiif/2/ark%3A%2F21198%2Fz1wx03st,ihc_americadeportiva_19460722,,22 de julio de 1946|~|1946-07-22,1946-07-22,12 pages,newspapers,spa,Havana (Cuba),Instituto de Historia de Cuba,text,unknown,"http://www.ihc.cu/, webmaster@ihc.cu",paged,,"Gomez Nieto y Elola, Daniel",Sports -- Cuba -- Periodicals|~|Cuba -- Social life and customs|~|Cuba -- Periodicals,https://iiif.library.ucla.edu/ark%3A%2F21198%2Fz19w30wf/manifest
Work,1946-07-29 (año 03 | no. 30),ark:/21198/z164283j,ark:/21198/z13j5z8d,,,open,https://iiif.library.ucla.edu/iiif/2/ark%3A%2F21198%2Fz1bz8s3j,ihc_americadeportiva_19460729,,29 de julio de 1946|~|1946-07-29,1946-07-29,12 pages,newspapers,spa,Havana (Cuba),Instituto de Historia de Cuba,text,unknown,"http://www.ihc.cu/, webmaster@ihc.cu",paged,,"Gomez Nieto y Elola, Daniel",Sports -- Cuba -- Periodicals|~|Cuba -- Social life and customs|~|Cuba -- Periodicals,https://iiif.library.ucla.edu/ark%3A%2F21198%2Fz164283j/manifest
Work,1946-08-05 (año 03 | no. 31),ark:/21198/z12c1hd8,ark:/21198/z13j5z8d,,,open,https://iiif.library.ucla.edu/iiif/2/ark%3A%2F21198%2Fz1sx909s,ihc_americadeportiva_19460805,,5 de agosto de 1946|~|1946-08-05,1946-08-05,12 pages,newspapers,spa,Havana (Cuba),Instituto de Historia de Cuba,text,unknown,"http://www.ihc.cu/, webmaster@ihc.cu",paged,,"Gomez Nieto y Elola, Daniel",Sports -- Cuba -- Periodicals|~|Cuba -- Social life and customs|~|Cuba -- Periodicals,https://iiif.library.ucla.edu/ark%3A%2F21198%2Fz12c1hd8/manifest
Work,1946-08-12 (año 03 | no. 32),ark:/21198/z1xm10v2,ark:/21198/z13j5z8d,,,open,https://iiif.library.ucla.edu/iiif/2/ark%3A%2F21198%2Fz1807nq9,ihc_americadeportiva_19460812,,12 de agosto de 1946|~|1946-08-12,1946-08-12,12 pages,newspapers,spa,Havana (Cuba),Instituto de Historia de Cuba,text,unknown,"http://www.ihc.cu/, webmaster@ihc.cu",paged,,"Gomez Nieto y Elola, Daniel",Sports -- Cuba -- Periodicals|~|Cuba -- Social life and customs|~|Cuba -- Periodicals,https://iiif.library.ucla.edu/ark%3A%2F21198%2Fz1xm10v2/manifest
Work,1946-08-19 (año 03 | no. 33),ark:/21198/z1sv084r,ark:/21198/z13j5z8d,,,open,https://iiif.library.ucla.edu/iiif/2/ark%3A%2F21198%2Fz13n4phw,ihc_americadeportiva_19460819,,19 de agosto de 1946|~|1946-08-19,1946-08-19,12 pages,newspapers,spa,Havana (Cuba),Instituto de Historia de Cuba,text,unknown,"http://www.ihc.cu/, webmaster@ihc.cu",paged,,"Gomez Nieto y Elola, Daniel",Sports -- Cuba -- Periodicals|~|Cuba -- Social life and customs|~|Cuba -- Periodicals,https://iiif.library.ucla.edu/ark%3A%2F21198%2Fz1sv084r/manifest
Work,1946-08-26 (año 03 | no. 34),ark:/21198/z1p586t3,ark:/21198/z13j5z8d,,,open,https://iiif.library.ucla.edu/iiif/2/ark%3A%2F21198%2Fz1jq3m31,ihc_americadeportiva_19460826,,26 de agosto de 1946|~|1946-08-26,1946-08-26,12 pages,newspapers,spa,Havana (Cuba),Instituto de Historia de Cuba,text,unknown,"http://www.ihc.cu/, webmaster@ihc.cu",paged,,"Gomez Nieto y Elola, Daniel",Sports -- Cuba -- Periodicals|~|Cuba -- Social life and customs|~|Cuba -- Periodicals,https://iiif.library.ucla.edu/ark%3A%2F21198%2Fz1p586t3/manifest
Work,1946-09-02 (año 03 | no. 35),ark:/21198/z1jd7g47,ark:/21198/z13j5z8d,,,open,https://iiif.library.ucla.edu/iiif/2/ark%3A%2F21198%2Fz10s28g5,ihc_americadeportiva_19460902,,2 de septiembre de 1946|~|1946-09-02,1946-09-02,15 pages,newspapers,spa,Havana (Cuba),Instituto de Historia de Cuba,text,unknown,"http://www.ihc.cu/, webmaster@ihc.cu",paged,,"Gomez Nieto y Elola, Daniel",Sports -- Cuba -- Periodicals|~|Cuba -- Social life and customs|~|Cuba -- Periodicals,https://iiif.library.ucla.edu/ark%3A%2F21198%2Fz1jd7g47/manifest
Work,1946-09-09 (año 03 | no. 36),ark:/21198/z1dn6qdh,ark:/21198/z13j5z8d,,,open,https://iiif.library.ucla.edu/iiif/2/ark%3A%2F21198%2Fz1322g1h,ihc_americadeportiva_19460909,,9 de septiembre de 1946|~|1946-09-09,1946-09-09,12 pages,newspapers,spa,Havana (Cuba),Instituto de Historia de Cuba,text,unknown,"http://www.ihc.cu/, webmaster@ihc.cu",paged,,"Gomez Nieto y Elola, Daniel",Sports -- Cuba -- Periodicals|~|Cuba -- Social life and customs|~|Cuba -- Periodicals,https://iiif.library.ucla.edu/ark%3A%2F21198%2Fz1dn6qdh/manifest
Work,1946-09-16 (año 03 | no. 37),ark:/21198/z18w5zps,ark:/21198/z13j5z8d,,,open,https://iiif.library.ucla.edu/iiif/2/ark%3A%2F21198%2Fz1g479dc,ihc_americadeportiva_19460916,,16 de septiembre de 1946|~|1946-09-16,1946-09-16,13 pages,newspapers,spa,Havana (Cuba),Instituto de Historia de Cuba,text,unknown,"http://www.ihc.cu/, webmaster@ihc.cu",paged,,"Gomez Nieto y Elola, Daniel",Sports -- Cuba -- Periodicals|~|Cuba -- Social life and customs|~|Cuba -- Periodicals,https://iiif.library.ucla.edu/ark%3A%2F21198%2Fz18w5zps/manifest
Work,1946-09-23 (año 03 | no. 38),ark:/21198/z15456x9,ark:/21198/z13j5z8d,,,open,https://iiif.library.ucla.edu/iiif/2/ark%3A%2F21198%2Fz17h44nx,ihc_americadeportiva_19460923,,23 de septiembre de 1946|~|1946-09-23,1946-09-23,12 pages,newspapers,spa,Havana (Cuba),Instituto de Historia de Cuba,text,unknown,"http://www.ihc.cu/, webmaster@ihc.cu",paged,,"Gomez Nieto y Elola, Daniel",Sports -- Cuba -- Periodicals|~|Cuba -- Social life and customs|~|Cuba -- Periodicals,https://iiif.library.ucla.edu/ark%3A%2F21198%2Fz15456x9/manifest
Work,1946-09-30 (año 03 | no. 39),ark:/21198/z11c4g60,ark:/21198/z13j5z8d,,,open,https://iiif.library.ucla.edu/iiif/2/ark%3A%2F21198%2Fz1ht58dd,ihc_americadeportiva_19460930,,30 de septiembre de 1946|~|1946-09-30,1946-09-30,12 pages,newspapers,spa,Havana (Cuba),Instituto de Historia de Cuba,text,unknown,"http://www.ihc.cu/, webmaster@ihc.cu",paged,,"Gomez Nieto y Elola, Daniel",Sports -- Cuba -- Periodicals|~|Cuba -- Social life and customs|~|Cuba -- Periodicals,https://iiif.library.ucla.edu/ark%3A%2F21198%2Fz11c4g60/manifest
Work,1946-10-07 (año 03 | no. 40),ark:/21198/z1wm3zrr,ark:/21198/z13j5z8d,,,open,https://iiif.library.ucla.edu/iiif/2/ark%3A%2F21198%2Fz1dv4518,ihc_americadeportiva_19461007,,7 de octubre de 1946|~|1946-10-07,1946-10-07,12 pages,newspapers,spa,Havana (Cuba),Instituto de Historia de Cuba,text,unknown,"http://www.ihc.cu/, webmaster@ihc.cu",paged,,"Gomez Nieto y Elola, Daniel",Sports -- Cuba -- Periodicals|~|Cuba -- Social life and customs|~|Cuba -- Periodicals,https://iiif.library.ucla.edu/ark%3A%2F21198%2Fz1wm3zrr/manifest
Work,1946-10-14 (año 03 | no. 41),ark:/21198/z1rz1xbd,ark:/21198/z13j5z8d,,,open,https://iiif.library.ucla.edu/iiif/2/ark%3A%2F21198%2Fz1sx90cp,ihc_americadeportiva_19461014,,14 de octubre de 1946|~|1946-10-14,1946-10-14,12 pages,newspapers,spa,Havana (Cuba),Instituto de Historia de Cuba,text,unknown,"http://www.ihc.cu/, webmaster@ihc.cu",paged,,"Gomez Nieto y Elola, Daniel",Sports -- Cuba -- Periodicals|~|Cuba -- Social life and customs|~|Cuba -- Periodicals,https://iiif.library.ucla.edu/ark%3A%2F21198%2Fz1rz1xbd/manifest
Work,1946-10-21 (año 03 | no. 42),ark:/21198/z1n615qq,ark:/21198/z13j5z8d,,,open,https://iiif.library.ucla.edu/iiif/2/ark%3A%2F21198%2Fz1r23mj5,ihc_americadeportiva_19461021,,21 de octubre de 1946|~|1946-10-21,1946-10-21,12 pages,newspapers,spa,Havana (Cuba),Instituto de Historia de Cuba,text,unknown,"http://www.ihc.cu/, webmaster@ihc.cu",paged,,"Gomez Nieto y Elola, Daniel",Sports -- Cuba -- Periodicals|~|Cuba -- Social life and customs|~|Cuba -- Periodicals,https://iiif.library.ucla.edu/ark%3A%2F21198%2Fz1n615qq/manifest
Work,1946-10-26 (año 03 | no. desconocido),ark:/21198/z1hf0f1v,ark:/21198/z13j5z8d,,,open,https://iiif.library.ucla.edu/iiif/2/ark%3A%2F21198%2Fz1613kgj,ihc_americadeportiva_19461026,Numero Souvenir.,26 de octubre de 1946|~|1946-10-26,1946-10-26,61 pages,newspapers,spa,Havana (Cuba),Instituto de Historia de Cuba,text,unknown,"http://www.ihc.cu/, webmaster@ihc.cu",paged,,"Gomez Nieto y Elola, Daniel",Sports -- Cuba -- Periodicals|~|Cuba -- Social life and customs|~|Cuba -- Periodicals,https://iiif.library.ucla.edu/ark%3A%2F21198%2Fz1hf0f1v/manifest
Work,1946-10-28 (año 03 | no. 43),ark:/21198/z1cn9p84,ark:/21198/z13j5z8d,,,open,https://iiif.library.ucla.edu/iiif/2/ark%3A%2F21198%2Fz19g870f,ihc_americadeportiva_19461028,,28 de octubre de 1946|~|1946-10-28,1946-10-28,8 pages,newspapers,spa,Havana (Cuba),Instituto de Historia de Cuba,text,unknown,"http://www.ihc.cu/, webmaster@ihc.cu",paged,,"Gomez Nieto y Elola, Daniel",Sports -- Cuba -- Periodicals|~|Cuba -- Social life and customs|~|Cuba -- Periodicals,https://iiif.library.ucla.edu/ark%3A%2F21198%2Fz1cn9p84/manifest
Work,1946-11-04 (año 03 | no. 44),ark:/21198/z17w8xhz,ark:/21198/z13j5z8d,,,open,https://iiif.library.ucla.edu/iiif/2/ark%3A%2F21198%2Fz18h15v6,ihc_americadeportiva_19461104,Two issues numbered XLIV.,4 de noviembre de 1946|~|1946-11-04,1946-11-04,12 pages,newspapers,spa,Havana (Cuba),Instituto de Historia de Cuba,text,unknown,"http://www.ihc.cu/, webmaster@ihc.cu",paged,,"Gomez Nieto y Elola, Daniel",Sports -- Cuba -- Periodicals|~|Cuba -- Social life and customs|~|Cuba -- Periodicals,https://iiif.library.ucla.edu/ark%3A%2F21198%2Fz17w8xhz/manifest
Work,1946-11-11 (año 03 | no. 44),ark:/21198/z14485sx,ark:/21198/z13j5z8d,,,open,https://iiif.library.ucla.edu/iiif/2/ark%3A%2F21198%2Fz1qk03fb,ihc_americadeportiva_19461111,Two issues numbered XLIV.,11 de noviembre de 1946|~|1946-11-11,1946-11-11,12 pages,newspapers,spa,Havana (Cuba),Instituto de Historia de Cuba,text,unknown,"http://www.ihc.cu/, webmaster@ihc.cu",paged,,"Gomez Nieto y Elola, Daniel",Sports -- Cuba -- Periodicals|~|Cuba -- Social life and customs|~|Cuba -- Periodicals,https://iiif.library.ucla.edu/ark%3A%2F21198%2Fz14485sx/manifest
Work,1946-11-18 (año 03 | no. 45),ark:/21198/z10c7f32,ark:/21198/z13j5z8d,,,open,https://iiif.library.ucla.edu/iiif/2/ark%3A%2F21198%2Fz1nc8mdf,ihc_americadeportiva_19461118,,18 de noviembre de 1946|~|1946-11-18,1946-11-18,12 pages,newspapers,spa,Havana (Cuba),Instituto de Historia de Cuba,text,unknown,"http://www.ihc.cu/, webmaster@ihc.cu",paged,,"Gomez Nieto y Elola, Daniel",Sports -- Cuba -- Periodicals|~|Cuba -- Social life and customs|~|Cuba -- Periodicals,https://iiif.library.ucla.edu/ark%3A%2F21198%2Fz10c7f32/manifest
Work,1946-11-25 (año 03 | no. 46),ark:/21198/z1vq5mzs,ark:/21198/z13j5z8d,,,open,https://iiif.library.ucla.edu/iiif/2/ark%3A%2F21198%2Fz1225dx5,ihc_americadeportiva_19461125,,25 de noviembre de 1946|~|1946-11-25,1946-11-25,13 pages,newspapers,spa,Havana (Cuba),Instituto de Historia de Cuba,text,unknown,"http://www.ihc.cu/, webmaster@ihc.cu",paged,,"Gomez Nieto y Elola, Daniel",Sports -- Cuba -- Periodicals|~|Cuba -- Social life and customs|~|Cuba -- Periodicals,https://iiif.library.ucla.edu/ark%3A%2F21198%2Fz1vq5mzs/manifest
Work,1946-11 (año 03 | no. desconocido),ark:/21198/z1qz4w9c,ark:/21198/z13j5z8d,,,open,https://iiif.library.ucla.edu/iiif/2/ark%3A%2F21198%2Fz18h15wn,ihc_americadeportiva_194611souvenir,"Edicion especial ""Numero Souvenir"". No issue number.",noviembre de 1946|~|1946-11,1946-11,15 pages,newspapers,spa,Havana (Cuba),Instituto de Historia de Cuba,text,unknown,"http://www.ihc.cu/, webmaster@ihc.cu",paged,,"Gomez Nieto y Elola, Daniel",Sports -- Cuba -- Periodicals|~|Cuba -- Social life and customs|~|Cuba -- Periodicals,https://iiif.library.ucla.edu/ark%3A%2F21198%2Fz1qz4w9c/manifest
Work,1946-12-02 (año 03 | no. 47),ark:/21198/z1m644n7,ark:/21198/z13j5z8d,,,open,https://iiif.library.ucla.edu/iiif/2/ark%3A%2F21198%2Fz1rb9qr4,ihc_americadeportiva_19461202,Two issues numbered XLVII.,2 de diciembre de 1946|~|1946-12-02,1946-12-02,12 pages,newspapers,spa,Havana (Cuba),Instituto de Historia de Cuba,text,unknown,"http://www.ihc.cu/, webmaster@ihc.cu",paged,,"Gomez Nieto y Elola, Daniel",Sports -- Cuba -- Periodicals|~|Cuba -- Social life and customs|~|Cuba -- Periodicals,https://iiif.library.ucla.edu/ark%3A%2F21198%2Fz1m644n7/manifest
Work,1946-12-09 (año 03 | no. 47),ark:/21198/z1gf3cvm,ark:/21198/z13j5z8d,,,open,https://iiif.library.ucla.edu/iiif/2/ark%3A%2F21198%2Fz1wx03vq,ihc_americadeportiva_19461209,Two issues numbered XLVII.,9 de diciembre de 1946|~|1946-12-09,1946-12-09,12 pages,newspapers,spa,Havana (Cuba),Instituto de Historia de Cuba,text,unknown,"http://www.ihc.cu/, webmaster@ihc.cu",paged,,"Gomez Nieto y Elola, Daniel",Sports -- Cuba -- Periodicals|~|Cuba -- Social life and customs|~|Cuba -- Periodicals,https://iiif.library.ucla.edu/ark%3A%2F21198%2Fz1gf3cvm/manifest
Work,1946-12-16 (año 03 | no. 48),ark:/21198/z1bp2n49,ark:/21198/z13j5z8d,,,open,https://iiif.library.ucla.edu/iiif/2/ark%3A%2F21198%2Fz1t17pvt,ihc_americadeportiva_19461216,,16 de diciembre de 1946|~|1946-12-16,1946-12-16,13 pages,newspapers,spa,Havana (Cuba),Instituto de Historia de Cuba,text,unknown,"http://www.ihc.cu/, webmaster@ihc.cu",paged,,"Gomez Nieto y Elola, Daniel",Sports -- Cuba -- Periodicals|~|Cuba -- Social life and customs|~|Cuba -- Periodicals,https://iiif.library.ucla.edu/ark%3A%2F21198%2Fz1bp2n49/manifest
Work,1946-12-23 (año 03 | no. 49),ark:/21198/z16x1wc4,ark:/21198/z13j5z8d,,,open,https://iiif.library.ucla.edu/iiif/2/ark%3A%2F21198%2Fz1gj244z,ihc_americadeportiva_19461223,,23 de diciembre de 1946|~|1946-12-23,1946-12-23,12 pages,newspapers,spa,Havana (Cuba),Instituto de Historia de Cuba,text,unknown,"http://www.ihc.cu/, webmaster@ihc.cu",paged,,"Gomez Nieto y Elola, Daniel",Sports -- Cuba -- Periodicals|~|Cuba -- Social life and customs|~|Cuba -- Periodicals,https://iiif.library.ucla.edu/ark%3A%2F21198%2Fz16x1wc4/manifest
Work,1946-12-30 (año 03 | no. 50),ark:/21198/z1379v1f,ark:/21198/z13j5z8d,,,open,https://iiif.library.ucla.edu/iiif/2/ark%3A%2F21198%2Fz1xm11p7,ihc_americadeportiva_19461230,,30 de diciembre de 1946|~|1946-12-30,1946-12-30,12 pages,newspapers,spa,Havana (Cuba),Instituto de Historia de Cuba,text,unknown,"http://www.ihc.cu/, webmaster@ihc.cu",paged,,"Gomez Nieto y Elola, Daniel",Sports -- Cuba -- Periodicals|~|Cuba -- Social life and customs|~|Cuba -- Periodicals,https://iiif.library.ucla.edu/ark%3A%2F21198%2Fz1379v1f/manifest
Work,1948-01-05 (año 05 | no. 01),ark:/21198/z1zg9bj4,ark:/21198/z13j5z8d,,,open,https://iiif.library.ucla.edu/iiif/2/ark%3A%2F21198%2Fz1z91zn5,ihc_americadeportiva_19480105,,5 de enero de 1948|~|1948-01-05,1948-01-05,13 pages,newspapers,spa,Havana (Cuba),Instituto de Historia de Cuba,text,unknown,"http://www.ihc.cu/, webmaster@ihc.cu",paged,"Garcia, Carlos","Enriquez, Celso",Sports -- Cuba -- Periodicals|~|Cuba -- Social life and customs|~|Cuba -- Periodicals,https://iiif.library.ucla.edu/ark%3A%2F21198%2Fz1zg9bj4/manifest
Work,1948-01-12 (año 05 | no. 02),ark:/21198/z1tq8kxr,ark:/21198/z13j5z8d,,,open,https://iiif.library.ucla.edu/iiif/2/ark%3A%2F21198%2Fz1g479hq,ihc_americadeportiva_19480112,,12 de enero de 1948|~|1948-01-12,1948-01-12,12 pages,newspapers,spa,Havana (Cuba),Instituto de Historia de Cuba,text,unknown,"http://www.ihc.cu/, webmaster@ihc.cu",paged,"Garcia, Carlos","Enriquez, Celso",Sports -- Cuba -- Periodicals|~|Cuba -- Social life and customs|~|Cuba -- Periodicals,https://iiif.library.ucla.edu/ark%3A%2F21198%2Fz1tq8kxr/manifest
Work,1948-01-19 (año 05 | no. 03),ark:/21198/z1pz7v6f,ark:/21198/z13j5z8d,,,open,https://iiif.library.ucla.edu/iiif/2/ark%3A%2F21198%2Fz1d5373q,ihc_americadeportiva_19480119,,19 de enero de 1948|~|1948-01-19,1948-01-19,12 pages,newspapers,spa,Havana (Cuba),Instituto de Historia de Cuba,text,unknown,"http://www.ihc.cu/, webmaster@ihc.cu",paged,"Garcia, Carlos","Enriquez, Celso",Sports -- Cuba -- Periodicals|~|Cuba -- Social life and customs|~|Cuba -- Periodicals,https://iiif.library.ucla.edu/ark%3A%2F21198%2Fz1pz7v6f/manifest
Work,1948-01-26 (año 05 | no. 04),ark:/21198/z1k673gd,ark:/21198/z13j5z8d,,,open,https://iiif.library.ucla.edu/iiif/2/ark%3A%2F21198%2Fz1v724t7,ihc_americadeportiva_19480126,,26 de enero de 1948|~|1948-01-26,1948-01-26,13 pages,newspapers,spa,Havana (Cuba),Instituto de Historia de Cuba,text,unknown,"http://www.ihc.cu/, webmaster@ihc.cu",paged,"Garcia, Carlos","Enriquez, Celso",Sports -- Cuba -- Periodicals|~|Cuba -- Social life and customs|~|Cuba -- Periodicals,https://iiif.library.ucla.edu/ark%3A%2F21198%2Fz1k673gd/manifest
Work,1948-02-02 (año 05 | no. 05),ark:/21198/z1ff6bq7,ark:/21198/z13j5z8d,,,open,https://iiif.library.ucla.edu/iiif/2/ark%3A%2F21198%2Fz18w60js,ihc_americadeportiva_19480202,,2 de febrero de 1948|~|1948-02-02,1948-02-02,12 pages,newspapers,spa,Havana (Cuba),Instituto de Historia de Cuba,text,unknown,"http://www.ihc.cu/, webmaster@ihc.cu",paged,"Garcia, Carlos","Enriquez, Celso",Sports -- Cuba -- Periodicals|~|Cuba -- Social life and customs|~|Cuba -- Periodicals,https://iiif.library.ucla.edu/ark%3A%2F21198%2Fz1ff6bq7/manifest
Work,1948-02-09 (año 05 | no. 06),ark:/21198/z19p5m0x,ark:/21198/z13j5z8d,,,open,https://iiif.library.ucla.edu/iiif/2/ark%3A%2F21198%2Fz19s4b8v,ihc_americadeportiva_19480209,,9 de febrero de 1948|~|1948-02-09,1948-02-09,12 pages,newspapers,spa,Havana (Cuba),Instituto de Historia de Cuba,text,unknown,"http://www.ihc.cu/, webmaster@ihc.cu",paged,"Garcia, Carlos","Enriquez, Celso",Sports -- Cuba -- Periodicals|~|Cuba -- Social life and customs|~|Cuba -- Periodicals,https://iiif.library.ucla.edu/ark%3A%2F21198%2Fz19p5m0x/manifest
Work,1948-02-16 (año 05 | no. 07),ark:/21198/z1613jnc,ark:/21198/z13j5z8d,,,open,https://iiif.library.ucla.edu/iiif/2/ark%3A%2F21198%2Fz1cc3kzt,ihc_americadeportiva_19480216,,16 de febrero de 1948|~|1948-02-16,1948-02-16,12 pages,newspapers,spa,Havana (Cuba),Instituto de Historia de Cuba,text,unknown,"http://www.ihc.cu/, webmaster@ihc.cu",paged,"Garcia, Carlos","Enriquez, Celso",Sports -- Cuba -- Periodicals|~|Cuba -- Social life and customs|~|Cuba -- Periodicals,https://iiif.library.ucla.edu/ark%3A%2F21198%2Fz1613jnc/manifest
Work,1948-02-23 (año 05 | no. 08),ark:/21198/z1282sw6,ark:/21198/z13j5z8d,,,open,https://iiif.library.ucla.edu/iiif/2/ark%3A%2F21198%2Fz10z9pgh,ihc_americadeportiva_19480223,,23 de febrero de 1948|~|1948-02-23,1948-02-23,12 pages,newspapers,spa,Havana (Cuba),Instituto de Historia de Cuba,text,unknown,"http://www.ihc.cu/, webmaster@ihc.cu",paged,"Garcia, Carlos","Enriquez, Celso",Sports -- Cuba -- Periodicals|~|Cuba -- Social life and customs|~|Cuba -- Periodicals,https://iiif.library.ucla.edu/ark%3A%2F21198%2Fz1282sw6/manifest
Work,1948-03-01 (año 05 | no. 09),ark:/21198/z1xh29hn,ark:/21198/z13j5z8d,,,open,https://iiif.library.ucla.edu/iiif/2/ark%3A%2F21198%2Fz1w40gkr,ihc_americadeportiva_19480301,,1 de marzo de 1948|~|1948-03-01,1948-03-01,12 pages,newspapers,spa,Havana (Cuba),Instituto de Historia de Cuba,text,unknown,"http://www.ihc.cu/, webmaster@ihc.cu",paged,"Garcia, Carlos","Enriquez, Celso",Sports -- Cuba -- Periodicals|~|Cuba -- Social life and customs|~|Cuba -- Periodicals,https://iiif.library.ucla.edu/ark%3A%2F21198%2Fz1xh29hn/manifest
Work,1948-03-08 (año 05 | no. 11),ark:/21198/z1sr1jsx,ark:/21198/z13j5z8d,,,open,https://iiif.library.ucla.edu/iiif/2/ark%3A%2F21198%2Fz18652p4,ihc_americadeportiva_19480308,,8 de marzo de 1948|~|1948-03-08,1948-03-08,12 pages,newspapers,spa,Havana (Cuba),Instituto de Historia de Cuba,text,unknown,"http://www.ihc.cu/, webmaster@ihc.cu",paged,"Garcia, Carlos","Enriquez, Celso",Sports -- Cuba -- Periodicals|~|Cuba -- Social life and customs|~|Cuba -- Periodicals,https://iiif.library.ucla.edu/ark%3A%2F21198%2Fz1sr1jsx/manifest
Work,1948-03-15 (año 05 | no. 12),ark:/21198/z1p00t1g,ark:/21198/z13j5z8d,,,open,https://iiif.library.ucla.edu/iiif/2/ark%3A%2F21198%2Fz1jh66d5,ihc_americadeportiva_19480315,,15 de marzo de 1948|~|1948-03-15,1948-03-15,12 pages,newspapers,spa,Havana (Cuba),Instituto de Historia de Cuba,text,unknown,"http://www.ihc.cu/, webmaster@ihc.cu",paged,"Garcia, Carlos","Enriquez, Celso",Sports -- Cuba -- Periodicals|~|Cuba -- Social life and customs|~|Cuba -- Periodicals,https://iiif.library.ucla.edu/ark%3A%2F21198%2Fz1p00t1g/manifest
Work,1948-03-22 (año 05 | no. 13),ark:/21198/z1j70277,ark:/21198/z13j5z8d,,,open,https://iiif.library.ucla.edu/iiif/2/ark%3A%2F21198%2Fz14486p0,ihc_americadeportiva_19480322,,22 de marzo de 1948|~|1948-03-22,1948-03-22,12 pages,newspapers,spa,Havana (Cuba),Instituto de Historia de Cuba,text,unknown,"http://www.ihc.cu/, webmaster@ihc.cu",paged,"Garcia, Carlos","Enriquez, Celso",Sports -- Cuba -- Periodicals|~|Cuba -- Social life and customs|~|Cuba -- Periodicals,https://iiif.library.ucla.edu/ark%3A%2F21198%2Fz1j70277/manifest
Work,1948-03-29 (año 05 | no. 14),ark:/21198/z1df99hz,ark:/21198/z13j5z8d,,,open,https://iiif.library.ucla.edu/iiif/2/ark%3A%2F21198%2Fz1k674b1,ihc_americadeportiva_19480329,,29 de marzo de 1948|~|1948-03-29,1948-03-29,14 pages,newspapers,spa,Havana (Cuba),Instituto de Historia de Cuba,text,unknown,"http://www.ihc.cu/, webmaster@ihc.cu",paged,"Garcia, Carlos","Enriquez, Celso",Sports -- Cuba -- Periodicals|~|Cuba -- Social life and customs|~|Cuba -- Periodicals,https://iiif.library.ucla.edu/ark%3A%2F21198%2Fz1df99hz/manifest
Work,1948-04-05 (año 05 | no. 15),ark:/21198/z18s787d,ark:/21198/z13j5z8d,,,open,https://iiif.library.ucla.edu/iiif/2/ark%3A%2F21198%2Fz10p3k73,ihc_americadeportiva_19480405,,5 de abril de 1948|~|1948-04-05,1948-04-05,12 pages,newspapers,spa,Havana (Cuba),Instituto de Historia de Cuba,text,unknown,"http://www.ihc.cu/, webmaster@ihc.cu",paged,"Garcia, Carlos","Enriquez, Celso",Sports -- Cuba -- Periodicals|~|Cuba -- Social life and customs|~|Cuba -- Periodicals,https://iiif.library.ucla.edu/ark%3A%2F21198%2Fz18s787d/manifest
Work,1948-04-12 (año 05 | no. 16),ark:/21198/z1516hjf,ark:/21198/z13j5z8d,,,open,https://iiif.library.ucla.edu/iiif/2/ark%3A%2F21198%2Fz1fn3sc2,ihc_americadeportiva_19480412,,12 de abril de 1948|~|1948-04-12,1948-04-12,10 pages,newspapers,spa,Havana (Cuba),Instituto de Historia de Cuba,text,unknown,"http://www.ihc.cu/, webmaster@ihc.cu",paged,"Garcia, Carlos","Enriquez, Celso",Sports -- Cuba -- Periodicals|~|Cuba -- Social life and customs|~|Cuba -- Periodicals,https://iiif.library.ucla.edu/ark%3A%2F21198%2Fz1516hjf/manifest
Work,1948-04-19 (año 05 | no. 17),ark:/21198/z1185rv5,ark:/21198/z13j5z8d,,,open,https://iiif.library.ucla.edu/iiif/2/ark%3A%2F21198%2Fz1573z9m,ihc_americadeportiva_19480419,,19 de abril de 1948|~|1948-04-19,1948-04-19,12 pages,newspapers,spa,Havana (Cuba),Instituto de Historia de Cuba,text,unknown,"http://www.ihc.cu/, webmaster@ihc.cu",paged,"Garcia, Carlos","Enriquez, Celso",Sports -- Cuba -- Periodicals|~|Cuba -- Social life and customs|~|Cuba -- Periodicals,https://iiif.library.ucla.edu/ark%3A%2F21198%2Fz1185rv5/manifest
Work,1948-04-26 (año 05 | no. 18),ark:/21198/z1wh58c8,ark:/21198/z13j5z8d,,,open,https://iiif.library.ucla.edu/iiif/2/ark%3A%2F21198%2Fz1hb1rgr,ihc_americadeportiva_19480426,,26 de abril de 1948|~|1948-04-26,1948-04-26,12 pages,newspapers,spa,Havana (Cuba),Instituto de Historia de Cuba,text,unknown,"http://www.ihc.cu/, webmaster@ihc.cu",paged,"Garcia, Carlos","Enriquez, Celso",Sports -- Cuba -- Periodicals|~|Cuba -- Social life and customs|~|Cuba -- Periodicals,https://iiif.library.ucla.edu/ark%3A%2F21198%2Fz1wh58c8/manifest
Work,1948-05-03 (año 05 | no. 19),ark:/21198/z1rr4hkn,ark:/21198/z13j5z8d,,,open,https://iiif.library.ucla.edu/iiif/2/ark%3A%2F21198%2Fz1zd0p57,ihc_americadeportiva_19480503,,3 de mayo de 1948|~|1948-05-03,1948-05-03,12 pages,newspapers,spa,Havana (Cuba),Instituto de Historia de Cuba,text,unknown,"http://www.ihc.cu/, webmaster@ihc.cu",paged,"Garcia, Carlos","Enriquez, Celso",Sports -- Cuba -- Periodicals|~|Cuba -- Social life and customs|~|Cuba -- Periodicals,https://iiif.library.ucla.edu/ark%3A%2F21198%2Fz1rr4hkn/manifest
Work,1948-05-10 (año 05 | no. 20),ark:/21198/z1n03rv7,ark:/21198/z13j5z8d,,,open,https://iiif.library.ucla.edu/iiif/2/ark%3A%2F21198%2Fz1dc0n42,ihc_americadeportiva_19480510,,10 de mayo de 1948|~|1948-05-10,1948-05-10,12 pages,newspapers,spa,Havana (Cuba),Instituto de Historia de Cuba,text,unknown,"http://www.ihc.cu/, webmaster@ihc.cu",paged,"Garcia, Carlos","Enriquez, Celso",Sports -- Cuba -- Periodicals|~|Cuba -- Social life and customs|~|Cuba -- Periodicals,https://iiif.library.ucla.edu/ark%3A%2F21198%2Fz1n03rv7/manifest
Work,1948-05-17 (año 05 | no. 21),ark:/21198/z1h7313v,ark:/21198/z13j5z8d,,,open,https://iiif.library.ucla.edu/iiif/2/ark%3A%2F21198%2Fz1vd9jnb,ihc_americadeportiva_19480517,,17 de mayo de 1948|~|1948-05-17,1948-05-17,12 pages,newspapers,spa,Havana (Cuba),Instituto de Historia de Cuba,text,unknown,"http://www.ihc.cu/, webmaster@ihc.cu",paged,"Garcia, Carlos","Enriquez, Celso",Sports -- Cuba -- Periodicals|~|Cuba -- Social life and customs|~|Cuba -- Periodicals,https://iiif.library.ucla.edu/ark%3A%2F21198%2Fz1h7313v/manifest
Work,1948-05-24 (año 05 | no. 22),ark:/21198/z1ck0zth,ark:/21198/z13j5z8d,,,open,https://iiif.library.ucla.edu/iiif/2/ark%3A%2F21198%2Fz19g8747,ihc_americadeportiva_19480524,,24 de mayo de 1948|~|1948-05-24,1948-05-24,12 pages,newspapers,spa,Havana (Cuba),Instituto de Historia de Cuba,text,unknown,"http://www.ihc.cu/, webmaster@ihc.cu",paged,"Garcia, Carlos","Enriquez, Celso",Sports -- Cuba -- Periodicals|~|Cuba -- Social life and customs|~|Cuba -- Periodicals,https://iiif.library.ucla.edu/ark%3A%2F21198%2Fz1ck0zth/manifest
Work,1948-05-31 (año 05 | no. 23),ark:/21198/z17t073k,ark:/21198/z13j5z8d,,,open,https://iiif.library.ucla.edu/iiif/2/ark%3A%2F21198%2Fz1rj74rd,ihc_americadeportiva_19480531,,31 de mayo de 1948|~|1948-05-31,1948-05-31,13 pages,newspapers,spa,Havana (Cuba),Instituto de Historia de Cuba,text,unknown,"http://www.ihc.cu/, webmaster@ihc.cu",paged,"Garcia, Carlos","Enriquez, Celso",Sports -- Cuba -- Periodicals|~|Cuba -- Social life and customs|~|Cuba -- Periodicals,https://iiif.library.ucla.edu/ark%3A%2F21198%2Fz17t073k/manifest
Work,1948-06-07 (año 05 | no. 24),ark:/21198/z1419gfh,ark:/21198/z13j5z8d,,,open,https://iiif.library.ucla.edu/iiif/2/ark%3A%2F21198%2Fz12v52bb,ihc_americadeportiva_19480607,,7 de junio de 1948|~|1948-06-07,1948-06-07,12 pages,newspapers,spa,Havana (Cuba),Instituto de Historia de Cuba,text,unknown,"http://www.ihc.cu/, webmaster@ihc.cu",paged,"Garcia, Carlos","Enriquez, Celso",Sports -- Cuba -- Periodicals|~|Cuba -- Social life and customs|~|Cuba -- Periodicals,https://iiif.library.ucla.edu/ark%3A%2F21198%2Fz1419gfh/manifest
Work,1948-06-14 (año 05 | no. 25),ark:/21198/z1088qpb,ark:/21198/z13j5z8d,,,open,https://iiif.library.ucla.edu/iiif/2/ark%3A%2F21198%2Fz1bz8s97,ihc_americadeportiva_19480614,,14 de junio de 1948|~|1948-06-14,1948-06-14,12 pages,newspapers,spa,Havana (Cuba),Instituto de Historia de Cuba,text,unknown,"http://www.ihc.cu/, webmaster@ihc.cu",paged,"Garcia, Carlos","Enriquez, Celso",Sports -- Cuba -- Periodicals|~|Cuba -- Social life and customs|~|Cuba -- Periodicals,https://iiif.library.ucla.edu/ark%3A%2F21198%2Fz1088qpb/manifest
Work,1948-06-21 (año 05 | no. 26),ark:/21198/z1vh877w,ark:/21198/z13j5z8d,,,open,https://iiif.library.ucla.edu/iiif/2/ark%3A%2F21198%2Fz1t17pz5,ihc_americadeportiva_19480621,,21 de junio de 1948|~|1948-06-21,1948-06-21,12 pages,newspapers,spa,Havana (Cuba),Instituto de Historia de Cuba,text,unknown,"http://www.ihc.cu/, webmaster@ihc.cu",paged,"Garcia, Carlos","Enriquez, Celso",Sports -- Cuba -- Periodicals|~|Cuba -- Social life and customs|~|Cuba -- Periodicals,https://iiif.library.ucla.edu/ark%3A%2F21198%2Fz1vh877w/manifest
Work,1948-06-28 (año 05 | no. 27),ark:/21198/z1qr7gf8,ark:/21198/z13j5z8d,,,open,https://iiif.library.ucla.edu/iiif/2/ark%3A%2F21198%2Fz1836c8t,ihc_americadeportiva_19480628,,28 de junio de 1948|~|1948-06-28,1948-06-28,12 pages,newspapers,spa,Havana (Cuba),Instituto de Historia de Cuba,text,unknown,"http://www.ihc.cu/, webmaster@ihc.cu",paged,"Garcia, Carlos","Enriquez, Celso",Sports -- Cuba -- Periodicals|~|Cuba -- Social life and customs|~|Cuba -- Periodicals,https://iiif.library.ucla.edu/ark%3A%2F21198%2Fz1qr7gf8/manifest
Work,1948-07-05 (año 05 | no. 28),ark:/21198/z1m06qr9,ark:/21198/z13j5z8d,,,open,https://iiif.library.ucla.edu/iiif/2/ark%3A%2F21198%2Fz1q26kgp,ihc_americadeportiva_19480705,Two issues numbered XXVIII.,5 de julio de 1948|~|1948-07-05,1948-07-05,12 pages,newspapers,spa,Havana (Cuba),Instituto de Historia de Cuba,text,unknown,"http://www.ihc.cu/, webmaster@ihc.cu",paged,"Garcia, Carlos","Enriquez, Celso",Sports -- Cuba -- Periodicals|~|Cuba -- Social life and customs|~|Cuba -- Periodicals,https://iiif.library.ucla.edu/ark%3A%2F21198%2Fz1m06qr9/manifest
Work,1948-07-12 (año 05 | no. 28),ark:/21198/z1gb4pcd,ark:/21198/z13j5z8d,,,open,https://iiif.library.ucla.edu/iiif/2/ark%3A%2F21198%2Fz15457vt,ihc_americadeportiva_19480712,Two issues numbered XXVIII.,12 de julio de 1948|~|1948-07-12,1948-07-12,12 pages,newspapers,spa,Havana (Cuba),Instituto de Historia de Cuba,text,unknown,"http://www.ihc.cu/, webmaster@ihc.cu",paged,"Garcia, Carlos","Enriquez, Celso",Sports -- Cuba -- Periodicals|~|Cuba -- Social life and customs|~|Cuba -- Periodicals,https://iiif.library.ucla.edu/ark%3A%2F21198%2Fz1gb4pcd/manifest
Work,1948-07-19 (año 05 | no. 29),ark:/21198/z1bk3xp4,ark:/21198/z13j5z8d,,,open,https://iiif.library.ucla.edu/iiif/2/ark%3A%2F21198%2Fz1gf3ds4,ihc_americadeportiva_19480719,,19 de julio de 1948|~|1948-07-19,1948-07-19,12 pages,newspapers,spa,Havana (Cuba),Instituto de Historia de Cuba,text,unknown,"http://www.ihc.cu/, webmaster@ihc.cu",paged,"Garcia, Carlos","Enriquez, Celso",Sports -- Cuba -- Periodicals|~|Cuba -- Social life and customs|~|Cuba -- Periodicals,https://iiif.library.ucla.edu/ark%3A%2F21198%2Fz1bk3xp4/manifest
Work,1948-07-26 (año 05 | no. 30),ark:/21198/z16t3613,ark:/21198/z13j5z8d,,,open,https://iiif.library.ucla.edu/iiif/2/ark%3A%2F21198%2Fz1df9bd1,ihc_americadeportiva_19480726,,26 de julio de 1948|~|1948-07-26,1948-07-26,12 pages,newspapers,spa,Havana (Cuba),Instituto de Historia de Cuba,text,unknown,"http://www.ihc.cu/, webmaster@ihc.cu",paged,"Garcia, Carlos","Enriquez, Celso",Sports -- Cuba -- Periodicals|~|Cuba -- Social life and customs|~|Cuba -- Periodicals,https://iiif.library.ucla.edu/ark%3A%2F21198%2Fz16t3613/manifest
Work,1948-08-02 (año 05 | no. 31),ark:/21198/z1322f87,ark:/21198/z13j5z8d,,,open,https://iiif.library.ucla.edu/iiif/2/ark%3A%2F21198%2Fz1vh884z,ihc_americadeportiva_19480802,,2 de agosto de 1948|~|1948-08-02,1948-08-02,12 pages,newspapers,spa,Havana (Cuba),Instituto de Historia de Cuba,text,unknown,"http://www.ihc.cu/, webmaster@ihc.cu",paged,"Garcia, Carlos","Enriquez, Celso",Sports -- Cuba -- Periodicals|~|Cuba -- Social life and customs|~|Cuba -- Periodicals,https://iiif.library.ucla.edu/ark%3A%2F21198%2Fz1322f87/manifest
Work,1948-08-09 (año 05 | no. 32),ark:/21198/z1z91xsj,ark:/21198/z13j5z8d,,,open,https://iiif.library.ucla.edu/iiif/2/ark%3A%2F21198%2Fz19k6xhq,ihc_americadeportiva_19480809,,9 de agosto de 1948|~|1948-08-09,1948-08-09,12 pages,newspapers,spa,Havana (Cuba),Instituto de Historia de Cuba,text,unknown,"http://www.ihc.cu/, webmaster@ihc.cu",paged,"Garcia, Carlos","Enriquez, Celso",Sports -- Cuba -- Periodicals|~|Cuba -- Social life and customs|~|Cuba -- Periodicals,https://iiif.library.ucla.edu/ark%3A%2F21198%2Fz1z91xsj/manifest
Work,1948-08-16 (año 05 | no. 33),ark:/21198/z1tj160q,ark:/21198/z13j5z8d,,,open,https://iiif.library.ucla.edu/iiif/2/ark%3A%2F21198%2Fz1x08t8t,ihc_americadeportiva_19480816,,16 de agosto de 1948|~|1948-08-16,1948-08-16,12 pages,newspapers,spa,Havana (Cuba),Instituto de Historia de Cuba,text,unknown,"http://www.ihc.cu/, webmaster@ihc.cu",paged,"Garcia, Carlos","Enriquez, Celso",Sports -- Cuba -- Periodicals|~|Cuba -- Social life and customs|~|Cuba -- Periodicals,https://iiif.library.ucla.edu/ark%3A%2F21198%2Fz1tj160q/manifest
Work,1948-08-23 (año 05 | no. 34),ark:/21198/z1ps0f80,ark:/21198/z13j5z8d,,,open,https://iiif.library.ucla.edu/iiif/2/ark%3A%2F21198%2Fz12j8z30,ihc_americadeportiva_19480823,,23 de agosto de 1948|~|1948-08-23,1948-08-23,12 pages,newspapers,spa,Havana (Cuba),Instituto de Historia de Cuba,text,unknown,"http://www.ihc.cu/, webmaster@ihc.cu",paged,"Garcia, Carlos","Enriquez, Celso",Sports -- Cuba -- Periodicals|~|Cuba -- Social life and customs|~|Cuba -- Periodicals,https://iiif.library.ucla.edu/ark%3A%2F21198%2Fz1ps0f80/manifest
Work,1948-08-30 (año 05 | no. 35),ark:/21198/z1k38czb,ark:/21198/z13j5z8d,,,open,https://iiif.library.ucla.edu/iiif/2/ark%3A%2F21198%2Fz17681k6,ihc_americadeportiva_19480830,,30 de agosto de 1948|~|1948-08-30,1948-08-30,12 pages,newspapers,spa,Havana (Cuba),Instituto de Historia de Cuba,text,unknown,"http://www.ihc.cu/, webmaster@ihc.cu",paged,"Garcia, Carlos","Enriquez, Celso",Sports -- Cuba -- Periodicals|~|Cuba -- Social life and customs|~|Cuba -- Periodicals,https://iiif.library.ucla.edu/ark%3A%2F21198%2Fz1k38czb/manifest
Work,1948-09-06 (año 05 | no. 36),ark:/21198/z1fb7n8g,ark:/21198/z13j5z8d,,,open,https://iiif.library.ucla.edu/iiif/2/ark%3A%2F21198%2Fz10g65df,ihc_americadeportiva_19480906,,6 de septiembre de 1948|~|1948-09-06,1948-09-06,17 pages,newspapers,spa,Havana (Cuba),Instituto de Historia de Cuba,text,unknown,"http://www.ihc.cu/, webmaster@ihc.cu",paged,"Garcia, Carlos","Enriquez, Celso",Sports -- Cuba -- Periodicals|~|Cuba -- Social life and customs|~|Cuba -- Periodicals,https://iiif.library.ucla.edu/ark%3A%2F21198%2Fz1fb7n8g/manifest
Work,1948-09-13 (año 05 | no. 37),ark:/21198/z19k6wk6,ark:/21198/z13j5z8d,,,open,https://iiif.library.ucla.edu/iiif/2/ark%3A%2F21198%2Fz1hb1rh6,ihc_americadeportiva_19480913,,13 de septiembre de 1948|~|1948-09-13,1948-09-13,12 pages,newspapers,spa,Havana (Cuba),Instituto de Historia de Cuba,text,unknown,"http://www.ihc.cu/, webmaster@ihc.cu",paged,"Garcia, Carlos","Enriquez, Celso",Sports -- Cuba -- Periodicals|~|Cuba -- Social life and customs|~|Cuba -- Periodicals,https://iiif.library.ucla.edu/ark%3A%2F21198%2Fz19k6wk6/manifest
Work,1948-09-20 (año 05 | no. 38),ark:/21198/z15t64vv,ark:/21198/z13j5z8d,,,open,https://iiif.library.ucla.edu/iiif/2/ark%3A%2F21198%2Fz1df9bfg,ihc_americadeportiva_19480920,,20 de septiembre de 1948|~|1948-09-20,1948-09-20,12 pages,newspapers,spa,Havana (Cuba),Instituto de Historia de Cuba,text,unknown,"http://www.ihc.cu/, webmaster@ihc.cu",paged,"Garcia, Carlos","Enriquez, Celso",Sports -- Cuba -- Periodicals|~|Cuba -- Social life and customs|~|Cuba -- Periodicals,https://iiif.library.ucla.edu/ark%3A%2F21198%2Fz15t64vv/manifest
Work,1948-09-27 (año 05 | no. 39),ark:/21198/z1225d3d,ark:/21198/z13j5z8d,,,open,https://iiif.library.ucla.edu/iiif/2/ark%3A%2F21198%2Fz1f78zwm,ihc_americadeportiva_19480927,,27 de septiembre de 1948|~|1948-09-27,1948-09-27,12 pages,newspapers,spa,Havana (Cuba),Instituto de Historia de Cuba,text,unknown,"http://www.ihc.cu/, webmaster@ihc.cu",paged,"Garcia, Carlos","Enriquez, Celso",Sports -- Cuba -- Periodicals|~|Cuba -- Social life and customs|~|Cuba -- Periodicals,https://iiif.library.ucla.edu/ark%3A%2F21198%2Fz1225d3d/manifest
Work,1948-10-04 (año 05 | no. 40),ark:/21198/z1x94wmq,ark:/21198/z13j5z8d,,,open,https://iiif.library.ucla.edu/iiif/2/ark%3A%2F21198%2Fz1z34k05,ihc_americadeportiva_19481004,,4 de octubre de 1948|~|1948-10-04,1948-10-04,8 pages,newspapers,spa,Havana (Cuba),Instituto de Historia de Cuba,text,unknown,"http://www.ihc.cu/, webmaster@ihc.cu",paged,"Garcia, Carlos","Enriquez, Celso",Sports -- Cuba -- Periodicals|~|Cuba -- Social life and customs|~|Cuba -- Periodicals,https://iiif.library.ucla.edu/ark%3A%2F21198%2Fz1x94wmq/manifest
Work,1948-10-11 (año 05 | no. 41),ark:/21198/z1sj44xt,ark:/21198/z13j5z8d,,,open,https://iiif.library.ucla.edu/iiif/2/ark%3A%2F21198%2Fz1w40gnn,ihc_americadeportiva_19481011,,11 de octubre de 1948|~|1948-10-11,1948-10-11,8 pages,newspapers,spa,Havana (Cuba),Instituto de Historia de Cuba,text,unknown,"http://www.ihc.cu/, webmaster@ihc.cu",paged,"Garcia, Carlos","Enriquez, Celso",Sports -- Cuba -- Periodicals|~|Cuba -- Social life and customs|~|Cuba -- Periodicals,https://iiif.library.ucla.edu/ark%3A%2F21198%2Fz1sj44xt/manifest
Work,1948-10-18 (año 05 | no. 42),ark:/21198/z1nw23jx,ark:/21198/z13j5z8d,,,open,https://iiif.library.ucla.edu/iiif/2/ark%3A%2F21198%2Fz16d8d9x,ihc_americadeportiva_19481018,Two issues numbered XLII.,18 de octubre de 1948|~|1948-10-18,1948-10-18,8 pages,newspapers,spa,Havana (Cuba),Instituto de Historia de Cuba,text,unknown,"http://www.ihc.cu/, webmaster@ihc.cu",paged,"Garcia, Carlos","Enriquez, Celso",Sports -- Cuba -- Periodicals|~|Cuba -- Social life and customs|~|Cuba -- Periodicals,https://iiif.library.ucla.edu/ark%3A%2F21198%2Fz1nw23jx/manifest
Work,1948-10-25 (año 05 | no. 42),ark:/21198/z1j41bwd,ark:/21198/z13j5z8d,,,open,https://iiif.library.ucla.edu/iiif/2/ark%3A%2F21198%2Fz11p0mdx,ihc_americadeportiva_19481025,Two issues numbered XLII.,25 de octubre de 1948|~|1948-10-25,1948-10-25,8 pages,newspapers,spa,Havana (Cuba),Instituto de Historia de Cuba,text,unknown,"http://www.ihc.cu/, webmaster@ihc.cu",paged,"Garcia, Carlos","Enriquez, Celso",Sports -- Cuba -- Periodicals|~|Cuba -- Social life and customs|~|Cuba -- Periodicals,https://iiif.library.ucla.edu/ark%3A%2F21198%2Fz1j41bwd/manifest
Work,1948-11-01 (año 05 | no. 43),ark:/21198/z1dc0m70,ark:/21198/z13j5z8d,,,open,https://iiif.library.ucla.edu/iiif/2/ark%3A%2F21198%2Fz10s28pv,ihc_americadeportiva_19481101,,1 de noviembre de 1948|~|1948-11-01,1948-11-01,8 pages,newspapers,spa,Havana (Cuba),Instituto de Historia de Cuba,text,unknown,"http://www.ihc.cu/, webmaster@ihc.cu",paged,"Garcia, Carlos","Enriquez, Celso",Sports -- Cuba -- Periodicals|~|Cuba -- Social life and customs|~|Cuba -- Periodicals,https://iiif.library.ucla.edu/ark%3A%2F21198%2Fz1dc0m70/manifest
Work,1948-11-08 (año 05 | no. 45),ark:/21198/z18k9vft,ark:/21198/z13j5z8d,,,open,https://iiif.library.ucla.edu/iiif/2/ark%3A%2F21198%2Fz1zs5gtz,ihc_americadeportiva_19481108,,8 de noviembre de 1948|~|1948-11-08,1948-11-08,8 pages,newspapers,spa,Havana (Cuba),Instituto de Historia de Cuba,text,unknown,"http://www.ihc.cu/, webmaster@ihc.cu",paged,"Garcia, Carlos","Enriquez, Celso",Sports -- Cuba -- Periodicals|~|Cuba -- Social life and customs|~|Cuba -- Periodicals,https://iiif.library.ucla.edu/ark%3A%2F21198%2Fz18k9vft/manifest
Work,1948-11-15 (año 05 | no. 46),ark:/21198/z14t93rx,ark:/21198/z13j5z8d,,,open,https://iiif.library.ucla.edu/iiif/2/ark%3A%2F21198%2Fz1xs8fq1,ihc_americadeportiva_19481115,,15 de noviembre de 1948|~|1948-11-15,1948-11-15,8 pages,newspapers,spa,Havana (Cuba),Instituto de Historia de Cuba,text,unknown,"http://www.ihc.cu/, webmaster@ihc.cu",paged,"Garcia, Carlos","Enriquez, Celso",Sports -- Cuba -- Periodicals|~|Cuba -- Social life and customs|~|Cuba -- Periodicals,https://iiif.library.ucla.edu/ark%3A%2F21198%2Fz14t93rx/manifest
Work,1948-11-22 (año 05 | no. 47),ark:/21198/z1128c0g,ark:/21198/z13j5z8d,,,open,https://iiif.library.ucla.edu/iiif/2/ark%3A%2F21198%2Fz1dn6rcg,ihc_americadeportiva_19481122,,22 de noviembre de 1948|~|1948-11-22,1948-11-22,8 pages,newspapers,spa,Havana (Cuba),Instituto de Historia de Cuba,text,unknown,"http://www.ihc.cu/, webmaster@ihc.cu",paged,"Garcia, Carlos","Enriquez, Celso",Sports -- Cuba -- Periodicals|~|Cuba -- Social life and customs|~|Cuba -- Periodicals,https://iiif.library.ucla.edu/ark%3A%2F21198%2Fz1128c0g/manifest
Work,1948-11-29 (año 05 | no. desconocido),ark:/21198/z1w97vj7,ark:/21198/z13j5z8d,,,open,https://iiif.library.ucla.edu/iiif/2/ark%3A%2F21198%2Fz1qz4x8b,ihc_americadeportiva_19481129,"Magazine especial ""Homenaje a los cazadores"". Issue number is missing.",29 de noviembre de 1948|~|1948-11-29,1948-11-29,15 pages,newspapers,spa,Havana (Cuba),Instituto de Historia de Cuba,text,unknown,"http://www.ihc.cu/, webmaster@ihc.cu",paged,"Garcia, Carlos","Enriquez, Celso",Sports -- Cuba -- Periodicals|~|Cuba -- Social life and customs|~|Cuba -- Periodicals,https://iiif.library.ucla.edu/ark%3A%2F21198%2Fz1w97vj7/manifest
Work,1948-12-06 (año 05 | no. 49),ark:/21198/z1rn5t5b,ark:/21198/z13j5z8d,,,open,https://iiif.library.ucla.edu/iiif/2/ark%3A%2F21198%2Fz1bk3zn3,ihc_americadeportiva_19481206,,6 de diciembre de 1948|~|1948-12-06,1948-12-06,8 pages,newspapers,spa,Havana (Cuba),Instituto de Historia de Cuba,text,unknown,"http://www.ihc.cu/, webmaster@ihc.cu",paged,"Garcia, Carlos","Enriquez, Celso",Sports -- Cuba -- Periodicals|~|Cuba -- Social life and customs|~|Cuba -- Periodicals,https://iiif.library.ucla.edu/ark%3A%2F21198%2Fz1rn5t5b/manifest
Work,1948-12-13 (año 05 | no. 50),ark:/21198/z1mw52gf,ark:/21198/z13j5z8d,,,open,https://iiif.library.ucla.edu/iiif/2/ark%3A%2F21198%2Fz1wd6kw2,ihc_americadeportiva_19481213,,13 de diciembre de 1948|~|1948-12-13,1948-12-13,8 pages,newspapers,spa,Havana (Cuba),Instituto de Historia de Cuba,text,unknown,"http://www.ihc.cu/, webmaster@ihc.cu",paged,"Garcia, Carlos","Enriquez, Celso",Sports -- Cuba -- Periodicals|~|Cuba -- Social life and customs|~|Cuba -- Periodicals,https://iiif.library.ucla.edu/ark%3A%2F21198%2Fz1mw52gf/manifest
Work,1948-12-20 (año 05 | no. 51),ark:/21198/z1h449tx,ark:/21198/z13j5z8d,,,open,https://iiif.library.ucla.edu/iiif/2/ark%3A%2F21198%2Fz16m5t4k,ihc_americadeportiva_19481220,,20 de diciembre de 1948|~|1948-12-20,1948-12-20,8 pages,newspapers,spa,Havana (Cuba),Instituto de Historia de Cuba,text,unknown,"http://www.ihc.cu/, webmaster@ihc.cu",paged,"Garcia, Carlos","Enriquez, Celso",Sports -- Cuba -- Periodicals|~|Cuba -- Social life and customs|~|Cuba -- Periodicals,https://iiif.library.ucla.edu/ark%3A%2F21198%2Fz1h449tx/manifest
Work,1948-12-27 (año 05 | no. 52),ark:/21198/z1cc3k25,ark:/21198/z13j5z8d,,,open,https://iiif.library.ucla.edu/iiif/2/ark%3A%2F21198%2Fz1w69638,ihc_americadeportiva_19481227,,27 de diciembre de 1948|~|1948-12-27,1948-12-27,8 pages,newspapers,spa,Havana (Cuba),Instituto de Historia de Cuba,text,unknown,"http://www.ihc.cu/, webmaster@ihc.cu",paged,"Garcia, Carlos","Enriquez, Celso",Sports -- Cuba -- Periodicals|~|Cuba -- Social life and customs|~|Cuba -- Periodicals,https://iiif.library.ucla.edu/ark%3A%2F21198%2Fz1cc3k25/manifest