File Name,Object Type,Title,Item Sequence,Parent ARK,Item ARK,Bucketeer State,Visibility,IIIF Access URL
Masters/othermasters/DEPrevolucion/images/ihc_revolucion_19590102_001.tif,Page,Page 1,1,ark:/21198/z1185tq6,ark:/21198/z1j12qfg,succeeded,open,https://iiif.library.ucla.edu/iiif/2/ark%3A%2F21198%2Fz1j12qfg
Masters/othermasters/DEPrevolucion/images/ihc_revolucion_19590102_002.tif,Page,Page 2,2,ark:/21198/z1185tq6,ark:/21198/z1d81zp9,succeeded,open,https://iiif.library.ucla.edu/iiif/2/ark%3A%2F21198%2Fz1d81zp9
Masters/othermasters/DEPrevolucion/images/ihc_revolucion_19590102_003.tif,Page,Page 3,3,ark:/21198/z1185tq6,ark:/21198/z18h16xh,succeeded,open,https://iiif.library.ucla.edu/iiif/2/ark%3A%2F21198%2Fz18h16xh
Masters/othermasters/DEPrevolucion/images/ihc_revolucion_19590102_004.tif,Page,Page 4,4,ark:/21198/z1185tq6,ark:/21198/z14r0g49,succeeded,open,https://iiif.library.ucla.edu/iiif/2/ark%3A%2F21198%2Fz14r0g49
Masters/othermasters/DEPrevolucion/images/ihc_revolucion_19590104_001.tif,Page,Page 1,1,ark:/21198/z12545fn,ark:/21198/z10z9qhc,succeeded,open,https://iiif.library.ucla.edu/iiif/2/ark%3A%2F21198%2Fz10z9qhc
Masters/othermasters/DEPrevolucion/images/ihc_revolucion_19590104_002.tif,Page,Page 2,2,ark:/21198/z12545fn,ark:/21198/z1w97xct,succeeded,open,https://iiif.library.ucla.edu/iiif/2/ark%3A%2F21198%2Fz1w97xct
Masters/othermasters/DEPrevolucion/images/ihc_revolucion_19590104_003.tif,Page,Page 3,3,ark:/21198/z12545fn,ark:/21198/z1rj75qc,succeeded,open,https://iiif.library.ucla.edu/iiif/2/ark%3A%2F21198%2Fz1rj75qc
Masters/othermasters/DEPrevolucion/images/ihc_revolucion_19590104_004.tif,Page,Page 4,4,ark:/21198/z12545fn,ark:/21198/z1ms6f1h,succeeded,open,https://iiif.library.ucla.edu/iiif/2/ark%3A%2F21198%2Fz1ms6f1h
Masters/othermasters/DEPrevolucion/images/ihc_revolucion_19590105_001.tif,Page,Page 1,1,ark:/21198/z1qn8v0b,ark:/21198/z1h15p76,succeeded,open,https://iiif.library.ucla.edu/iiif/2/ark%3A%2F21198%2Fz1h15p76
Masters/othermasters/DEPrevolucion/images/ihc_revolucion_19590105_002.tif,Page,Page 2,2,ark:/21198/z1qn8v0b,ark:/21198/z1c84xhg,succeeded,open,https://iiif.library.ucla.edu/iiif/2/ark%3A%2F21198%2Fz1c84xhg
Masters/othermasters/DEPrevolucion/images/ihc_revolucion_19590105_003.tif,Page,Page 3,3,ark:/21198/z1qn8v0b,ark:/21198/z17h45q7,succeeded,open,https://iiif.library.ucla.edu/iiif/2/ark%3A%2F21198%2Fz17h45q7
Masters/othermasters/DEPrevolucion/images/ihc_revolucion_19590105_004.tif,Page,Page 4,4,ark:/21198/z1qn8v0b,ark:/21198/z13r3f2t,succeeded,open,https://iiif.library.ucla.edu/iiif/2/ark%3A%2F21198%2Fz13r3f2t
Masters/othermasters/DEPrevolucion/images/ihc_revolucion_19590107_001.tif,Page,Page 1,1,ark:/21198/z1m06smb,ark:/21198/z1031cpt,succeeded,open,https://iiif.library.ucla.edu/iiif/2/ark%3A%2F21198%2Fz1031cpt
Masters/othermasters/DEPrevolucion/images/ihc_revolucion_19590107_002.tif,Page,Page 2,2,ark:/21198/z1m06smb,ark:/21198/z1vb0w9w,succeeded,open,https://iiif.library.ucla.edu/iiif/2/ark%3A%2F21198%2Fz1vb0w9w
Masters/othermasters/DEPrevolucion/images/ihc_revolucion_19590107_003.tif,Page,Page 3,3,ark:/21198/z1m06smb,ark:/21198/z1qk04hn,succeeded,open,https://iiif.library.ucla.edu/iiif/2/ark%3A%2F21198%2Fz1qk04hn
Masters/othermasters/DEPrevolucion/images/ihc_revolucion_19590107_004.tif,Page,Page 4,4,ark:/21198/z1m06smb,ark:/21198/z1ks9csc,succeeded,open,https://iiif.library.ucla.edu/iiif/2/ark%3A%2F21198%2Fz1ks9csc
Masters/othermasters/DEPrevolucion/images/ihc_revolucion_19590107_005.tif,Page,Page 5,5,ark:/21198/z1m06smb,ark:/21198/z1g18n0g,succeeded,open,https://iiif.library.ucla.edu/iiif/2/ark%3A%2F21198%2Fz1g18n0g
Masters/othermasters/DEPrevolucion/images/ihc_revolucion_19590107_006.tif,Page,Page 6,6,ark:/21198/z1m06smb,ark:/21198/z1b87w8r,succeeded,open,https://iiif.library.ucla.edu/iiif/2/ark%3A%2F21198%2Fz1b87w8r
Masters/othermasters/DEPrevolucion/images/ihc_revolucion_19590107_007.tif,Page,Page 7,7,ark:/21198/z1m06smb,ark:/21198/z16h74m9,succeeded,open,https://iiif.library.ucla.edu/iiif/2/ark%3A%2F21198%2Fz16h74m9
Masters/othermasters/DEPrevolucion/images/ihc_revolucion_19590107_008.tif,Page,Page 8,8,ark:/21198/z1m06smb,ark:/21198/z12v5399,succeeded,open,https://iiif.library.ucla.edu/iiif/2/ark%3A%2F21198%2Fz12v5399
Masters/othermasters/DEPrevolucion/images/ihc_revolucion_19590107_009.tif,Page,Page 9,9,ark:/21198/z1m06smb,ark:/21198/z1z34kx8,succeeded,open,https://iiif.library.ucla.edu/iiif/2/ark%3A%2F21198%2Fz1z34kx8
Masters/othermasters/DEPrevolucion/images/ihc_revolucion_19590107_010.tif,Page,Page 10,10,ark:/21198/z1m06smb,ark:/21198/z1tb3v5h,succeeded,open,https://iiif.library.ucla.edu/iiif/2/ark%3A%2F21198%2Fz1tb3v5h
Masters/othermasters/DEPrevolucion/images/ihc_revolucion_19590112_001.tif,Page,Page 1,1,ark:/21198/z1g761xf,ark:/21198/z1pk33dq,succeeded,open,https://iiif.library.ucla.edu/iiif/2/ark%3A%2F21198%2Fz1pk33dq
Masters/othermasters/DEPrevolucion/images/ihc_revolucion_19590112_002.tif,Page,Page 2,2,ark:/21198/z1g761xf,ark:/21198/z1jt2bm3,succeeded,open,https://iiif.library.ucla.edu/iiif/2/ark%3A%2F21198%2Fz1jt2bm3
Masters/othermasters/DEPrevolucion/images/ihc_revolucion_19590112_003.tif,Page,Page 3,3,ark:/21198/z1g761xf,ark:/21198/z1f21kv7,succeeded,open,https://iiif.library.ucla.edu/iiif/2/ark%3A%2F21198%2Fz1f21kv7
Masters/othermasters/DEPrevolucion/images/ihc_revolucion_19590112_004.tif,Page,Page 4,4,ark:/21198/z1g761xf,ark:/21198/z1990v78,succeeded,open,https://iiif.library.ucla.edu/iiif/2/ark%3A%2F21198%2Fz1990v78
Masters/othermasters/DEPrevolucion/images/ihc_revolucion_19590112_005.tif,Page,Page 5,5,ark:/21198/z1g761xf,ark:/21198/z15m8swv,succeeded,open,https://iiif.library.ucla.edu/iiif/2/ark%3A%2F21198%2Fz15m8swv
Masters/othermasters/DEPrevolucion/images/ihc_revolucion_19590112_006.tif,Page,Page 6,6,ark:/21198/z1g761xf,ark:/21198/z11v826c,succeeded,open,https://iiif.library.ucla.edu/iiif/2/ark%3A%2F21198%2Fz11v826c
Masters/othermasters/DEPrevolucion/images/ihc_revolucion_19590112_007.tif,Page,Page 7,7,ark:/21198/z1g761xf,ark:/21198/z1x37jq0,succeeded,open,https://iiif.library.ucla.edu/iiif/2/ark%3A%2F21198%2Fz1x37jq0
Masters/othermasters/DEPrevolucion/images/ihc_revolucion_19590112_008.tif,Page,Page 8,8,ark:/21198/z1g761xf,ark:/21198/z1sb6szt,succeeded,open,https://iiif.library.ucla.edu/iiif/2/ark%3A%2F21198%2Fz1sb6szt
Masters/othermasters/DEPrevolucion/images/ihc_revolucion_19590112_009.tif,Page,Page 9,9,ark:/21198/z1g761xf,ark:/21198/z1nk626f,succeeded,open,https://iiif.library.ucla.edu/iiif/2/ark%3A%2F21198%2Fz1nk626f
Masters/othermasters/DEPrevolucion/images/ihc_revolucion_19590112_010.tif,Page,Page 10,10,ark:/21198/z1g761xf,ark:/21198/z1ht59h5,succeeded,open,https://iiif.library.ucla.edu/iiif/2/ark%3A%2F21198%2Fz1ht59h5
Masters/othermasters/DEPrevolucion/images/ihc_revolucion_19590112_011.tif,Page,Page 11,11,ark:/21198/z1g761xf,ark:/21198/z1d24jvn,succeeded,open,https://iiif.library.ucla.edu/iiif/2/ark%3A%2F21198%2Fz1d24jvn
Masters/othermasters/DEPrevolucion/images/ihc_revolucion_19590112_012.tif,Page,Page 12,12,ark:/21198/z1g761xf,ark:/21198/z18d2hdv,succeeded,open,https://iiif.library.ucla.edu/iiif/2/ark%3A%2F21198%2Fz18d2hdv
Masters/othermasters/DEPrevolucion/images/ihc_revolucion_19590112_013.tif,Page,Page 13,13,ark:/21198/z1g761xf,ark:/21198/z14n1rsg,succeeded,open,https://iiif.library.ucla.edu/iiif/2/ark%3A%2F21198%2Fz14n1rsg
Masters/othermasters/DEPrevolucion/images/ihc_revolucion_19590112_014.tif,Page,Page 14,14,ark:/21198/z1g761xf,ark:/21198/z10w110n,succeeded,open,https://iiif.library.ucla.edu/iiif/2/ark%3A%2F21198%2Fz10w110n
Masters/othermasters/DEPrevolucion/images/ihc_revolucion_19590112_015.tif,Page,Page 15,15,ark:/21198/z1g761xf,ark:/21198/z1w40hjq,succeeded,open,https://iiif.library.ucla.edu/iiif/2/ark%3A%2F21198%2Fz1w40hjq
Masters/othermasters/DEPrevolucion/images/ihc_revolucion_19590112_016.tif,Page,Page 16,16,ark:/21198/z1g761xf,ark:/21198/z1rb9rrj,succeeded,open,https://iiif.library.ucla.edu/iiif/2/ark%3A%2F21198%2Fz1rb9rrj
Masters/othermasters/DEPrevolucion/images/ihc_revolucion_19590112_017.tif,Page,Page 17,17,ark:/21198/z1g761xf,ark:/21198/z1mk9122,succeeded,open,https://iiif.library.ucla.edu/iiif/2/ark%3A%2F21198%2Fz1mk9122
Masters/othermasters/DEPrevolucion/images/ihc_revolucion_19590112_018.tif,Page,Page 18,18,ark:/21198/z1g761xf,ark:/21198/z1gt88d7,succeeded,open,https://iiif.library.ucla.edu/iiif/2/ark%3A%2F21198%2Fz1gt88d7
Masters/othermasters/DEPrevolucion/images/ihc_revolucion_19590112_019.tif,Page,Page 19,19,ark:/21198/z1g761xf,ark:/21198/z1c5671n,succeeded,open,https://iiif.library.ucla.edu/iiif/2/ark%3A%2F21198%2Fz1c5671n
Masters/othermasters/DEPrevolucion/images/ihc_revolucion_19590112_020.tif,Page,Page 20,20,ark:/21198/z1g761xf,ark:/21198/z17d5gd8,succeeded,open,https://iiif.library.ucla.edu/iiif/2/ark%3A%2F21198%2Fz17d5gd8
Masters/othermasters/DEPrevolucion/images/ihc_revolucion_19590112_021.tif,Page,Page 21,21,ark:/21198/z1g761xf,ark:/21198/z13n4qn3,succeeded,open,https://iiif.library.ucla.edu/iiif/2/ark%3A%2F21198%2Fz13n4qn3
Masters/othermasters/DEPrevolucion/images/ihc_revolucion_19590112_022.tif,Page,Page 22,22,ark:/21198/z1g761xf,ark:/21198/z1zw4756,succeeded,open,https://iiif.library.ucla.edu/iiif/2/ark%3A%2F21198%2Fz1zw4756
Masters/othermasters/DEPrevolucion/images/ihc_revolucion_19590112_023.tif,Page,Page 23,23,ark:/21198/z1g761xf,ark:/21198/z1v43gcw,succeeded,open,https://iiif.library.ucla.edu/iiif/2/ark%3A%2F21198%2Fz1v43gcw
Masters/othermasters/DEPrevolucion/images/ihc_revolucion_19590112_024.tif,Page,Page 24,24,ark:/21198/z1g761xf,ark:/21198/z1qc2qq2,succeeded,open,https://iiif.library.ucla.edu/iiif/2/ark%3A%2F21198%2Fz1qc2qq2
Masters/othermasters/DEPrevolucion/images/ihc_revolucion_19590113_001.tif,Page,Page 1,1,ark:/21198/z1bg5981,ark:/21198/z1kq0p9q,succeeded,open,https://iiif.library.ucla.edu/iiif/2/ark%3A%2F21198%2Fz1kq0p9q
Masters/othermasters/DEPrevolucion/images/ihc_revolucion_19590113_002.tif,Page,Page 2,2,ark:/21198/z1bg5981,ark:/21198/z1fx9xps,succeeded,open,https://iiif.library.ucla.edu/iiif/2/ark%3A%2F21198%2Fz1fx9xps
Masters/othermasters/DEPrevolucion/images/ihc_revolucion_19590113_003.tif,Page,Page 3,3,ark:/21198/z1bg5981,ark:/21198/z1b5960m,succeeded,open,https://iiif.library.ucla.edu/iiif/2/ark%3A%2F21198%2Fz1b5960m
Masters/othermasters/DEPrevolucion/images/ihc_revolucion_19590113_004.tif,Page,Page 4,4,ark:/21198/z1bg5981,ark:/21198/z16d8f8w,succeeded,open,https://iiif.library.ucla.edu/iiif/2/ark%3A%2F21198%2Fz16d8f8w
Masters/othermasters/DEPrevolucion/images/ihc_revolucion_19590113_005.tif,Page,Page 5,5,ark:/21198/z1bg5981,ark:/21198/z12n7phq,succeeded,open,https://iiif.library.ucla.edu/iiif/2/ark%3A%2F21198%2Fz12n7phq
Masters/othermasters/DEPrevolucion/images/ihc_revolucion_19590113_006.tif,Page,Page 6,6,ark:/21198/z1bg5981,ark:/21198/z1xw760c,succeeded,open,https://iiif.library.ucla.edu/iiif/2/ark%3A%2F21198%2Fz1xw760c
Masters/othermasters/DEPrevolucion/images/ihc_revolucion_19590113_007.tif,Page,Page 7,7,ark:/21198/z1bg5981,ark:/21198/z1t46f9d,succeeded,open,https://iiif.library.ucla.edu/iiif/2/ark%3A%2F21198%2Fz1t46f9d
Masters/othermasters/DEPrevolucion/images/ihc_revolucion_19590113_008.tif,Page,Page 8,8,ark:/21198/z1bg5981,ark:/21198/z1pg4cv6,succeeded,open,https://iiif.library.ucla.edu/iiif/2/ark%3A%2F21198%2Fz1pg4cv6
Masters/othermasters/DEPrevolucion/images/ihc_revolucion_19590113_009.tif,Page,Page 9,9,ark:/21198/z1bg5981,ark:/21198/z1jq3n6s,succeeded,open,https://iiif.library.ucla.edu/iiif/2/ark%3A%2F21198%2Fz1jq3n6s
Masters/othermasters/DEPrevolucion/images/ihc_revolucion_19590113_010.tif,Page,Page 10,10,ark:/21198/z1bg5981,ark:/21198/z1dz2wkd,succeeded,open,https://iiif.library.ucla.edu/iiif/2/ark%3A%2F21198%2Fz1dz2wkd
Masters/othermasters/DEPrevolucion/images/ihc_revolucion_19590113_011.tif,Page,Page 11,11,ark:/21198/z1bg5981,ark:/21198/z19624sg,succeeded,open,https://iiif.library.ucla.edu/iiif/2/ark%3A%2F21198%2Fz19624sg
Masters/othermasters/DEPrevolucion/images/ihc_revolucion_19590113_012.tif,Page,Page 12,12,ark:/21198/z1bg5981,ark:/21198/z15f1d3m,succeeded,open,https://iiif.library.ucla.edu/iiif/2/ark%3A%2F21198%2Fz15f1d3m
Masters/othermasters/DEPrevolucion/images/ihc_revolucion_19590113_013.tif,Page,Page 13,13,ark:/21198/z1bg5981,ark:/21198/z11p0n90,succeeded,open,https://iiif.library.ucla.edu/iiif/2/ark%3A%2F21198%2Fz11p0n90
Masters/othermasters/DEPrevolucion/images/ihc_revolucion_19590113_014.tif,Page,Page 14,14,ark:/21198/z1bg5981,ark:/21198/z1wx04wk,succeeded,open,https://iiif.library.ucla.edu/iiif/2/ark%3A%2F21198%2Fz1wx04wk
Masters/othermasters/DEPrevolucion/images/ihc_revolucion_19590114_001.tif,Page,Page 1,1,ark:/21198/z16q4jgd,ark:/21198/z1s783hf,succeeded,open,https://iiif.library.ucla.edu/iiif/2/ark%3A%2F21198%2Fz1s783hf
Masters/othermasters/DEPrevolucion/images/ihc_revolucion_19590114_002.tif,Page,Page 2,2,ark:/21198/z16q4jgd,ark:/21198/z1ng7bw2,succeeded,open,https://iiif.library.ucla.edu/iiif/2/ark%3A%2F21198%2Fz1ng7bw2
Masters/othermasters/DEPrevolucion/images/ihc_revolucion_19590114_003.tif,Page,Page 3,3,ark:/21198/z16q4jgd,ark:/21198/z1hq6m66,succeeded,open,https://iiif.library.ucla.edu/iiif/2/ark%3A%2F21198%2Fz1hq6m66
Masters/othermasters/DEPrevolucion/images/ihc_revolucion_19590114_004.tif,Page,Page 4,4,ark:/21198/z16q4jgd,ark:/21198/z1cz5vf1,succeeded,open,https://iiif.library.ucla.edu/iiif/2/ark%3A%2F21198%2Fz1cz5vf1
Masters/othermasters/DEPrevolucion/images/ihc_revolucion_19590114_005.tif,Page,Page 5,5,ark:/21198/z16q4jgd,ark:/21198/z18653pj,succeeded,open,https://iiif.library.ucla.edu/iiif/2/ark%3A%2F21198%2Fz18653pj
Masters/othermasters/DEPrevolucion/images/ihc_revolucion_19590114_006.tif,Page,Page 6,6,ark:/21198/z16q4jgd,ark:/21198/z14f4bwx,succeeded,open,https://iiif.library.ucla.edu/iiif/2/ark%3A%2F21198%2Fz14f4bwx
Masters/othermasters/DEPrevolucion/images/ihc_revolucion_19590114_007.tif,Page,Page 7,7,ark:/21198/z16q4jgd,ark:/21198/z10p3m7h,succeeded,open,https://iiif.library.ucla.edu/iiif/2/ark%3A%2F21198%2Fz10p3m7h
Masters/othermasters/DEPrevolucion/images/ihc_revolucion_19590114_008.tif,Page,Page 8,8,ark:/21198/z16q4jgd,ark:/21198/z1w11t3z,succeeded,open,https://iiif.library.ucla.edu/iiif/2/ark%3A%2F21198%2Fz1w11t3z
Masters/othermasters/DEPrevolucion/images/ihc_revolucion_19590114_009.tif,Page,Page 9,9,ark:/21198/z16q4jgd,ark:/21198/z1r812gz,succeeded,open,https://iiif.library.ucla.edu/iiif/2/ark%3A%2F21198%2Fz1r812gz
Masters/othermasters/DEPrevolucion/images/ihc_revolucion_19590114_010.tif,Page,Page 10,10,ark:/21198/z16q4jgd,ark:/21198/z1mh09r7,succeeded,open,https://iiif.library.ucla.edu/iiif/2/ark%3A%2F21198%2Fz1mh09r7
Masters/othermasters/DEPrevolucion/images/ihc_revolucion_19590114_011.tif,Page,Page 11,11,ark:/21198/z16q4jgd,ark:/21198/z1gq9k1c,succeeded,open,https://iiif.library.ucla.edu/iiif/2/ark%3A%2F21198%2Fz1gq9k1c
Masters/othermasters/DEPrevolucion/images/ihc_revolucion_19590114_012.tif,Page,Page 12,12,ark:/21198/z16q4jgd,ark:/21198/z1bz8t86,succeeded,open,https://iiif.library.ucla.edu/iiif/2/ark%3A%2F21198%2Fz1bz8t86
Masters/othermasters/DEPrevolucion/images/ihc_revolucion_19590114_013.tif,Page,Page 13,13,ark:/21198/z16q4jgd,ark:/21198/z17682hq,succeeded,open,https://iiif.library.ucla.edu/iiif/2/ark%3A%2F21198%2Fz17682hq
Masters/othermasters/DEPrevolucion/images/ihc_revolucion_19590114_014.tif,Page,Page 14,14,ark:/21198/z16q4jgd,ark:/21198/z13f79vw,succeeded,open,https://iiif.library.ucla.edu/iiif/2/ark%3A%2F21198%2Fz13f79vw
Masters/othermasters/DEPrevolucion/images/ihc_revolucion_19590115_001.tif,Page,Page 1,1,ark:/21198/z12z3srp,ark:/21198/z1zs5hpk,succeeded,open,https://iiif.library.ucla.edu/iiif/2/ark%3A%2F21198%2Fz1zs5hpk
Masters/othermasters/DEPrevolucion/images/ihc_revolucion_19590115_002.tif,Page,Page 2,2,ark:/21198/z12z3srp,ark:/21198/z1v14s1g,succeeded,open,https://iiif.library.ucla.edu/iiif/2/ark%3A%2F21198%2Fz1v14s1g
Masters/othermasters/DEPrevolucion/images/ihc_revolucion_19590115_003.tif,Page,Page 3,3,ark:/21198/z12z3srp,ark:/21198/z1q841bk,succeeded,open,https://iiif.library.ucla.edu/iiif/2/ark%3A%2F21198%2Fz1q841bk
Masters/othermasters/DEPrevolucion/images/ihc_revolucion_19590115_004.tif,Page,Page 4,4,ark:/21198/z12z3srp,ark:/21198/z1kh38jz,succeeded,open,https://iiif.library.ucla.edu/iiif/2/ark%3A%2F21198%2Fz1kh38jz
Masters/othermasters/DEPrevolucion/images/ihc_revolucion_19590115_005.tif,Page,Page 5,5,ark:/21198/z12z3srp,ark:/21198/z1fr2ht7,succeeded,open,https://iiif.library.ucla.edu/iiif/2/ark%3A%2F21198%2Fz1fr2ht7
Masters/othermasters/DEPrevolucion/images/ihc_revolucion_19590115_006.tif,Page,Page 6,6,ark:/21198/z12z3srp,ark:/21198/z1b01s1b,succeeded,open,https://iiif.library.ucla.edu/iiif/2/ark%3A%2F21198%2Fz1b01s1b
Masters/othermasters/DEPrevolucion/images/ihc_revolucion_19590115_007.tif,Page,Page 7,7,ark:/21198/z12z3srp,ark:/21198/z16711db,succeeded,open,https://iiif.library.ucla.edu/iiif/2/ark%3A%2F21198%2Fz16711db
Masters/othermasters/DEPrevolucion/images/ihc_revolucion_19590115_008.tif,Page,Page 8,8,ark:/21198/z12z3srp,ark:/21198/z12j901w,succeeded,open,https://iiif.library.ucla.edu/iiif/2/ark%3A%2F21198%2Fz12j901w
Masters/othermasters/DEPrevolucion/images/ihc_revolucion_19590115_009.tif,Page,Page 9,9,ark:/21198/z12z3srp,ark:/21198/z1xs8gnj,succeeded,open,https://iiif.library.ucla.edu/iiif/2/ark%3A%2F21198%2Fz1xs8gnj
Masters/othermasters/DEPrevolucion/images/ihc_revolucion_19590115_010.tif,Page,Page 10,10,ark:/21198/z12z3srp,ark:/21198/z1t17qx4,succeeded,open,https://iiif.library.ucla.edu/iiif/2/ark%3A%2F21198%2Fz1t17qx4
Masters/othermasters/DEPrevolucion/images/ihc_revolucion_19590115_011.tif,Page,Page 11,11,ark:/21198/z12z3srp,ark:/21198/z1p8705r,succeeded,open,https://iiif.library.ucla.edu/iiif/2/ark%3A%2F21198%2Fz1p8705r
Masters/othermasters/DEPrevolucion/images/ihc_revolucion_19590115_012.tif,Page,Page 12,12,ark:/21198/z12z3srp,ark:/21198/z1jh67dk,succeeded,open,https://iiif.library.ucla.edu/iiif/2/ark%3A%2F21198%2Fz1jh67dk
Masters/othermasters/DEPrevolucion/images/ihc_revolucion_19590115_013.tif,Page,Page 13,13,ark:/21198/z12z3srp,ark:/21198/z1dr5gnd,succeeded,open,https://iiif.library.ucla.edu/iiif/2/ark%3A%2F21198%2Fz1dr5gnd
Masters/othermasters/DEPrevolucion/images/ihc_revolucion_19590115_014.tif,Page,Page 14,14,ark:/21198/z12z3srp,ark:/21198/z1904r09,succeeded,open,https://iiif.library.ucla.edu/iiif/2/ark%3A%2F21198%2Fz1904r09
Masters/othermasters/DEPrevolucion/images/ihc_revolucion_19590115_015.tif,Page,Page 15,15,ark:/21198/z12z3srp,ark:/21198/z15b2pnf,succeeded,open,https://iiif.library.ucla.edu/iiif/2/ark%3A%2F21198%2Fz15b2pnf
Masters/othermasters/DEPrevolucion/images/ihc_revolucion_19590115_016.tif,Page,Page 16,16,ark:/21198/z12z3srp,ark:/21198/z11k1z1g,succeeded,open,https://iiif.library.ucla.edu/iiif/2/ark%3A%2F21198%2Fz11k1z1g
Masters/othermasters/DEPrevolucion/images/ihc_revolucion_19590116_001.tif,Page,Page 1,1,ark:/21198/z1z63966,ark:/21198/z1wt1fg8,succeeded,open,https://iiif.library.ucla.edu/iiif/2/ark%3A%2F21198%2Fz1wt1fg8
Masters/othermasters/DEPrevolucion/images/ihc_revolucion_19590116_002.tif,Page,Page 2,2,ark:/21198/z1z63966,ark:/21198/z1s20prv,succeeded,open,https://iiif.library.ucla.edu/iiif/2/ark%3A%2F21198%2Fz1s20prv
Masters/othermasters/DEPrevolucion/images/ihc_revolucion_19590116_003.tif,Page,Page 3,3,ark:/21198/z1z63966,ark:/21198/z1n89xzp,succeeded,open,https://iiif.library.ucla.edu/iiif/2/ark%3A%2F21198%2Fz1n89xzp
Masters/othermasters/DEPrevolucion/images/ihc_revolucion_19590116_004.tif,Page,Page 4,4,ark:/21198/z1z63966,ark:/21198/z1hh967r,succeeded,open,https://iiif.library.ucla.edu/iiif/2/ark%3A%2F21198%2Fz1hh967r
Masters/othermasters/DEPrevolucion/images/ihc_revolucion_19590116_005.tif,Page,Page 5,5,ark:/21198/z1z63966,ark:/21198/z1cr8fmc,succeeded,open,https://iiif.library.ucla.edu/iiif/2/ark%3A%2F21198%2Fz1cr8fmc
Masters/othermasters/DEPrevolucion/images/ihc_revolucion_19590116_006.tif,Page,Page 6,6,ark:/21198/z1z63966,ark:/21198/z1836d6b,succeeded,open,https://iiif.library.ucla.edu/iiif/2/ark%3A%2F21198%2Fz1836d6b
Masters/othermasters/DEPrevolucion/images/ihc_revolucion_19590116_007.tif,Page,Page 7,7,ark:/21198/z1z63966,ark:/21198/z14b5njh,succeeded,open,https://iiif.library.ucla.edu/iiif/2/ark%3A%2F21198%2Fz14b5njh
Masters/othermasters/DEPrevolucion/images/ihc_revolucion_19590116_008.tif,Page,Page 8,8,ark:/21198/z1z63966,ark:/21198/z10k4wts,succeeded,open,https://iiif.library.ucla.edu/iiif/2/ark%3A%2F21198%2Fz10k4wts
Masters/othermasters/DEPrevolucion/images/ihc_revolucion_19590116_009.tif,Page,Page 9,9,ark:/21198/z1z63966,ark:/21198/z1vt4dbw,succeeded,open,https://iiif.library.ucla.edu/iiif/2/ark%3A%2F21198%2Fz1vt4dbw
Masters/othermasters/DEPrevolucion/images/ihc_revolucion_19590116_010.tif,Page,Page 10,10,ark:/21198/z1z63966,ark:/21198/z1r23nk1,succeeded,open,https://iiif.library.ucla.edu/iiif/2/ark%3A%2F21198%2Fz1r23nk1
Masters/othermasters/DEPrevolucion/images/ihc_revolucion_19590116_011.tif,Page,Page 11,11,ark:/21198/z1z63966,ark:/21198/z1m92wtv,succeeded,open,https://iiif.library.ucla.edu/iiif/2/ark%3A%2F21198%2Fz1m92wtv
Masters/othermasters/DEPrevolucion/images/ihc_revolucion_19590116_012.tif,Page,Page 12,12,ark:/21198/z1z63966,ark:/21198/z1gj2568,succeeded,open,https://iiif.library.ucla.edu/iiif/2/ark%3A%2F21198%2Fz1gj2568
Masters/othermasters/DEPrevolucion/images/ihc_revolucion_19590116_013.tif,Page,Page 13,13,ark:/21198/z1z63966,ark:/21198/z1bw03tz,succeeded,open,https://iiif.library.ucla.edu/iiif/2/ark%3A%2F21198%2Fz1bw03tz
Masters/othermasters/DEPrevolucion/images/ihc_revolucion_19590116_014.tif,Page,Page 14,14,ark:/21198/z1z63966,ark:/21198/z1739c59,succeeded,open,https://iiif.library.ucla.edu/iiif/2/ark%3A%2F21198%2Fz1739c59
Masters/othermasters/DEPrevolucion/images/ihc_revolucion_19590116_015.tif,Page,Page 15,15,ark:/21198/z1z63966,ark:/21198/z13b8md4,succeeded,open,https://iiif.library.ucla.edu/iiif/2/ark%3A%2F21198%2Fz13b8md4
Masters/othermasters/DEPrevolucion/images/ihc_revolucion_19590116_016.tif,Page,Page 16,16,ark:/21198/z1z63966,ark:/21198/z1zk83xt,succeeded,open,https://iiif.library.ucla.edu/iiif/2/ark%3A%2F21198%2Fz1zk83xt
Masters/othermasters/DEPrevolucion/images/ihc_revolucion_19590116_017.tif,Page,Page 17,17,ark:/21198/z1z63966,ark:/21198/z1tt7c4m,succeeded,open,https://iiif.library.ucla.edu/iiif/2/ark%3A%2F21198%2Fz1tt7c4m
Masters/othermasters/DEPrevolucion/images/ihc_revolucion_19590116_018.tif,Page,Page 18,18,ark:/21198/z1z63966,ark:/21198/z1q26mfn,succeeded,open,https://iiif.library.ucla.edu/iiif/2/ark%3A%2F21198%2Fz1q26mfn
Masters/othermasters/DEPrevolucion/images/ihc_revolucion_19590117_001.tif,Page,Page 1,1,ark:/21198/z1tf2jjc,ark:/21198/z1kd4k36,succeeded,open,https://iiif.library.ucla.edu/iiif/2/ark%3A%2F21198%2Fz1kd4k36
Masters/othermasters/DEPrevolucion/images/ihc_revolucion_19590117_002.tif,Page,Page 2,2,ark:/21198/z1tf2jjc,ark:/21198/z1fn3tdx,succeeded,open,https://iiif.library.ucla.edu/iiif/2/ark%3A%2F21198%2Fz1fn3tdx
Masters/othermasters/DEPrevolucion/images/ihc_revolucion_19590117_003.tif,Page,Page 3,3,ark:/21198/z1tf2jjc,ark:/21198/z19w32sx,succeeded,open,https://iiif.library.ucla.edu/iiif/2/ark%3A%2F21198%2Fz19w32sx
Masters/othermasters/DEPrevolucion/images/ihc_revolucion_19590117_004.tif,Page,Page 4,4,ark:/21198/z1tf2jjc,ark:/21198/z1642b01,succeeded,open,https://iiif.library.ucla.edu/iiif/2/ark%3A%2F21198%2Fz1642b01
Masters/othermasters/DEPrevolucion/images/ihc_revolucion_19590117_005.tif,Page,Page 5,5,ark:/21198/z1tf2jjc,ark:/21198/z12c1k9r,succeeded,open,https://iiif.library.ucla.edu/iiif/2/ark%3A%2F21198%2Fz12c1k9r
Masters/othermasters/DEPrevolucion/images/ihc_revolucion_19590117_006.tif,Page,Page 6,6,ark:/21198/z1tf2jjc,ark:/21198/z1xm12rj,succeeded,open,https://iiif.library.ucla.edu/iiif/2/ark%3A%2F21198%2Fz1xm12rj
Masters/othermasters/DEPrevolucion/images/ihc_revolucion_19590117_007.tif,Page,Page 7,7,ark:/21198/z1tf2jjc,ark:/21198/z1sv0b17,succeeded,open,https://iiif.library.ucla.edu/iiif/2/ark%3A%2F21198%2Fz1sv0b17
Masters/othermasters/DEPrevolucion/images/ihc_revolucion_19590117_008.tif,Page,Page 8,8,ark:/21198/z1tf2jjc,ark:/21198/z1p588p4,succeeded,open,https://iiif.library.ucla.edu/iiif/2/ark%3A%2F21198%2Fz1p588p4
Masters/othermasters/DEPrevolucion/images/ihc_revolucion_19590117_009.tif,Page,Page 9,9,ark:/21198/z1tf2jjc,ark:/21198/z1jd7j08,succeeded,open,https://iiif.library.ucla.edu/iiif/2/ark%3A%2F21198%2Fz1jd7j08
Masters/othermasters/DEPrevolucion/images/ihc_revolucion_19590117_010.tif,Page,Page 10,10,ark:/21198/z1tf2jjc,ark:/21198/z1dn6s90,succeeded,open,https://iiif.library.ucla.edu/iiif/2/ark%3A%2F21198%2Fz1dn6s90
Masters/othermasters/DEPrevolucion/images/ihc_revolucion_19590117_011.tif,Page,Page 11,11,ark:/21198/z1tf2jjc,ark:/21198/z18w61kn,succeeded,open,https://iiif.library.ucla.edu/iiif/2/ark%3A%2F21198%2Fz18w61kn
Masters/othermasters/DEPrevolucion/images/ihc_revolucion_19590117_012.tif,Page,Page 12,12,ark:/21198/z1tf2jjc,ark:/21198/z15458ts,succeeded,open,https://iiif.library.ucla.edu/iiif/2/ark%3A%2F21198%2Fz15458ts
Masters/othermasters/DEPrevolucion/images/ihc_revolucion_19590117_013.tif,Page,Page 13,13,ark:/21198/z1tf2jjc,ark:/21198/z11c4j21,succeeded,open,https://iiif.library.ucla.edu/iiif/2/ark%3A%2F21198%2Fz11c4j21
Masters/othermasters/DEPrevolucion/images/ihc_revolucion_19590117_014.tif,Page,Page 14,14,ark:/21198/z1tf2jjc,ark:/21198/z1wm41m5,succeeded,open,https://iiif.library.ucla.edu/iiif/2/ark%3A%2F21198%2Fz1wm41m5
Masters/othermasters/DEPrevolucion/images/ihc_revolucion_19590117_015.tif,Page,Page 15,15,ark:/21198/z1tf2jjc,ark:/21198/z1rz2078,succeeded,open,https://iiif.library.ucla.edu/iiif/2/ark%3A%2F21198%2Fz1rz2078
Masters/othermasters/DEPrevolucion/images/ihc_revolucion_19590117_016.tif,Page,Page 16,16,ark:/21198/z1tf2jjc,ark:/21198/z1n617m6,succeeded,open,https://iiif.library.ucla.edu/iiif/2/ark%3A%2F21198%2Fz1n617m6
Masters/othermasters/DEPrevolucion/images/ihc_revolucion_19590117_017.tif,Page,Page 17,17,ark:/21198/z1tf2jjc,ark:/21198/z1hf0gxx,succeeded,open,https://iiif.library.ucla.edu/iiif/2/ark%3A%2F21198%2Fz1hf0gxx
Masters/othermasters/DEPrevolucion/images/ihc_revolucion_19590117_018.tif,Page,Page 18,18,ark:/21198/z1tf2jjc,ark:/21198/z1cn9r5m,succeeded,open,https://iiif.library.ucla.edu/iiif/2/ark%3A%2F21198%2Fz1cn9r5m
Masters/othermasters/DEPrevolucion/images/ihc_revolucion_19590120_001.tif,Page,Page 1,1,ark:/21198/z1ps0h41,ark:/21198/z17w90dt,succeeded,open,https://iiif.library.ucla.edu/iiif/2/ark%3A%2F21198%2Fz17w90dt
Masters/othermasters/DEPrevolucion/images/ihc_revolucion_19590120_002.tif,Page,Page 2,2,ark:/21198/z1ps0h41,ark:/21198/z14487nz,succeeded,open,https://iiif.library.ucla.edu/iiif/2/ark%3A%2F21198%2Fz14487nz
Masters/othermasters/DEPrevolucion/images/ihc_revolucion_19590120_003.tif,Page,Page 3,3,ark:/21198/z1ps0h41,ark:/21198/z10c7gzp,succeeded,open,https://iiif.library.ucla.edu/iiif/2/ark%3A%2F21198%2Fz10c7gzp
Masters/othermasters/DEPrevolucion/images/ihc_revolucion_19590120_004.tif,Page,Page 4,4,ark:/21198/z1ps0h41,ark:/21198/z1vq5pv8,succeeded,open,https://iiif.library.ucla.edu/iiif/2/ark%3A%2F21198%2Fz1vq5pv8
Masters/othermasters/DEPrevolucion/images/ihc_revolucion_19590120_005.tif,Page,Page 5,5,ark:/21198/z1ps0h41,ark:/21198/z1qz4z6v,succeeded,open,https://iiif.library.ucla.edu/iiif/2/ark%3A%2F21198%2Fz1qz4z6v
Masters/othermasters/DEPrevolucion/images/ihc_revolucion_19590120_006.tif,Page,Page 6,6,ark:/21198/z1ps0h41,ark:/21198/z1m646jq,succeeded,open,https://iiif.library.ucla.edu/iiif/2/ark%3A%2F21198%2Fz1m646jq
Masters/othermasters/DEPrevolucion/images/ihc_revolucion_19590120_007.tif,Page,Page 7,7,ark:/21198/z1ps0h41,ark:/21198/z1gf3fr3,succeeded,open,https://iiif.library.ucla.edu/iiif/2/ark%3A%2F21198%2Fz1gf3fr3
Masters/othermasters/DEPrevolucion/images/ihc_revolucion_19590120_008.tif,Page,Page 8,8,ark:/21198/z1ps0h41,ark:/21198/z1bp2q1s,succeeded,open,https://iiif.library.ucla.edu/iiif/2/ark%3A%2F21198%2Fz1bp2q1s
Masters/othermasters/DEPrevolucion/images/ihc_revolucion_19590120_009.tif,Page,Page 9,9,ark:/21198/z1ps0h41,ark:/21198/z16x1z75,succeeded,open,https://iiif.library.ucla.edu/iiif/2/ark%3A%2F21198%2Fz16x1z75
Masters/othermasters/DEPrevolucion/images/ihc_revolucion_19590120_010.tif,Page,Page 10,10,ark:/21198/z1ps0h41,ark:/21198/z13516k1,succeeded,open,https://iiif.library.ucla.edu/iiif/2/ark%3A%2F21198%2Fz13516k1
Masters/othermasters/DEPrevolucion/images/ihc_revolucion_19590120_011.tif,Page,Page 11,11,ark:/21198/z1ps0h41,ark:/21198/z1zg9dd5,succeeded,open,https://iiif.library.ucla.edu/iiif/2/ark%3A%2F21198%2Fz1zg9dd5
Masters/othermasters/DEPrevolucion/images/ihc_revolucion_19590120_012.tif,Page,Page 12,12,ark:/21198/z1ps0h41,ark:/21198/z1tq8nss,succeeded,open,https://iiif.library.ucla.edu/iiif/2/ark%3A%2F21198%2Fz1tq8nss
Masters/othermasters/DEPrevolucion/images/ihc_revolucion_19590120_013.tif,Page,Page 13,13,ark:/21198/z1ps0h41,ark:/21198/z1pz7x2g,succeeded,open,https://iiif.library.ucla.edu/iiif/2/ark%3A%2F21198%2Fz1pz7x2g
Masters/othermasters/DEPrevolucion/images/ihc_revolucion_19590120_014.tif,Page,Page 14,14,ark:/21198/z1ps0h41,ark:/21198/z1k675bf,succeeded,open,https://iiif.library.ucla.edu/iiif/2/ark%3A%2F21198%2Fz1k675bf
Masters/othermasters/DEPrevolucion/images/ihc_revolucion_19590121_001.tif,Page,Page 1,1,ark:/21198/z1k09rhd,ark:/21198/z1ff6dk8,succeeded,open,https://iiif.library.ucla.edu/iiif/2/ark%3A%2F21198%2Fz1ff6dk8
Masters/othermasters/DEPrevolucion/images/ihc_revolucion_19590121_002.tif,Page,Page 2,2,ark:/21198/z1k09rhd,ark:/21198/z19p5nt3,succeeded,open,https://iiif.library.ucla.edu/iiif/2/ark%3A%2F21198%2Fz19p5nt3
Masters/othermasters/DEPrevolucion/images/ihc_revolucion_19590121_003.tif,Page,Page 3,3,ark:/21198/z1k09rhd,ark:/21198/z15x4x47,succeeded,open,https://iiif.library.ucla.edu/iiif/2/ark%3A%2F21198%2Fz15x4x47
Masters/othermasters/DEPrevolucion/images/ihc_revolucion_19590121_004.tif,Page,Page 4,4,ark:/21198/z1k09rhd,ark:/21198/z1282vr7,succeeded,open,https://iiif.library.ucla.edu/iiif/2/ark%3A%2F21198%2Fz1282vr7
Masters/othermasters/DEPrevolucion/images/ihc_revolucion_19590121_005.tif,Page,Page 5,5,ark:/21198/z1k09rhd,ark:/21198/z1xh2ccp,succeeded,open,https://iiif.library.ucla.edu/iiif/2/ark%3A%2F21198%2Fz1xh2ccp
Masters/othermasters/DEPrevolucion/images/ihc_revolucion_19590121_006.tif,Page,Page 6,6,ark:/21198/z1k09rhd,ark:/21198/z1sr1mnz,succeeded,open,https://iiif.library.ucla.edu/iiif/2/ark%3A%2F21198%2Fz1sr1mnz
Masters/othermasters/DEPrevolucion/images/ihc_revolucion_19590121_007.tif,Page,Page 7,7,ark:/21198/z1k09rhd,ark:/21198/z1p00vw3,succeeded,open,https://iiif.library.ucla.edu/iiif/2/ark%3A%2F21198%2Fz1p00vw3
Masters/othermasters/DEPrevolucion/images/ihc_revolucion_19590121_008.tif,Page,Page 8,8,ark:/21198/z1k09rhd,ark:/21198/z1j7044q,succeeded,open,https://iiif.library.ucla.edu/iiif/2/ark%3A%2F21198%2Fz1j7044q
Masters/othermasters/DEPrevolucion/images/ihc_revolucion_19590121_009.tif,Page,Page 9,9,ark:/21198/z1k09rhd,ark:/21198/z1df9cc0,succeeded,open,https://iiif.library.ucla.edu/iiif/2/ark%3A%2F21198%2Fz1df9cc0
Masters/othermasters/DEPrevolucion/images/ihc_revolucion_19590121_010.tif,Page,Page 10,10,ark:/21198/z1k09rhd,ark:/21198/z18p8mrm,succeeded,open,https://iiif.library.ucla.edu/iiif/2/ark%3A%2F21198%2Fz18p8mrm
Masters/othermasters/DEPrevolucion/images/ihc_revolucion_19590121_011.tif,Page,Page 11,11,ark:/21198/z1k09rhd,ark:/21198/z1516kdg,succeeded,open,https://iiif.library.ucla.edu/iiif/2/ark%3A%2F21198%2Fz1516kdg
Masters/othermasters/DEPrevolucion/images/ihc_revolucion_19590121_012.tif,Page,Page 12,12,ark:/21198/z1k09rhd,ark:/21198/z1185trn,succeeded,open,https://iiif.library.ucla.edu/iiif/2/ark%3A%2F21198%2Fz1185trn
Masters/othermasters/DEPrevolucion/images/ihc_revolucion_19590121_013.tif,Page,Page 13,13,ark:/21198/z1k09rhd,ark:/21198/z1wh5b8r,succeeded,open,https://iiif.library.ucla.edu/iiif/2/ark%3A%2F21198%2Fz1wh5b8r
Masters/othermasters/DEPrevolucion/images/ihc_revolucion_19590121_014.tif,Page,Page 14,14,ark:/21198/z1k09rhd,ark:/21198/z1rr4kg4,succeeded,open,https://iiif.library.ucla.edu/iiif/2/ark%3A%2F21198%2Fz1rr4kg4
Masters/othermasters/DEPrevolucion/images/ihc_revolucion_19590121_015.tif,Page,Page 15,15,ark:/21198/z1k09rhd,ark:/21198/z1n03trq,succeeded,open,https://iiif.library.ucla.edu/iiif/2/ark%3A%2F21198%2Fz1n03trq
Masters/othermasters/DEPrevolucion/images/ihc_revolucion_19590121_016.tif,Page,Page 16,16,ark:/21198/z1k09rhd,ark:/21198/z1h7330b,succeeded,open,https://iiif.library.ucla.edu/iiif/2/ark%3A%2F21198%2Fz1h7330b
Masters/othermasters/DEPrevolucion/images/ihc_revolucion_19590123_001.tif,Page,Page 1,1,ark:/21198/z1f790s2,ark:/21198/z1cg2bbh,succeeded,open,https://iiif.library.ucla.edu/iiif/2/ark%3A%2F21198%2Fz1cg2bbh
Masters/othermasters/DEPrevolucion/images/ihc_revolucion_19590123_002.tif,Page,Page 2,2,ark:/21198/z1f790s2,ark:/21198/z17t08xr,succeeded,open,https://iiif.library.ucla.edu/iiif/2/ark%3A%2F21198%2Fz17t08xr
Masters/othermasters/DEPrevolucion/images/ihc_revolucion_19590123_003.tif,Page,Page 3,3,ark:/21198/z1f790s2,ark:/21198/z1419j9j,succeeded,open,https://iiif.library.ucla.edu/iiif/2/ark%3A%2F21198%2Fz1419j9j
Masters/othermasters/DEPrevolucion/images/ihc_revolucion_19590123_004.tif,Page,Page 4,4,ark:/21198/z1f790s2,ark:/21198/z1088sjc,succeeded,open,https://iiif.library.ucla.edu/iiif/2/ark%3A%2F21198%2Fz1088sjc
Masters/othermasters/DEPrevolucion/images/ihc_revolucion_19590123_005.tif,Page,Page 5,5,ark:/21198/z1f790s2,ark:/21198/z1vh893x,succeeded,open,https://iiif.library.ucla.edu/iiif/2/ark%3A%2F21198%2Fz1vh893x
Masters/othermasters/DEPrevolucion/images/ihc_revolucion_19590123_006.tif,Page,Page 6,6,ark:/21198/z1f790s2,ark:/21198/z1qr7jbr,succeeded,open,https://iiif.library.ucla.edu/iiif/2/ark%3A%2F21198%2Fz1qr7jbr
Masters/othermasters/DEPrevolucion/images/ihc_revolucion_19590123_007.tif,Page,Page 7,7,ark:/21198/z1f790s2,ark:/21198/z1m06sns,succeeded,open,https://iiif.library.ucla.edu/iiif/2/ark%3A%2F21198%2Fz1m06sns
Masters/othermasters/DEPrevolucion/images/ihc_revolucion_19590123_008.tif,Page,Page 8,8,ark:/21198/z1f790s2,ark:/21198/z1g761zw,succeeded,open,https://iiif.library.ucla.edu/iiif/2/ark%3A%2F21198%2Fz1g761zw
Masters/othermasters/DEPrevolucion/images/ihc_revolucion_19590123_009.tif,Page,Page 9,9,ark:/21198/z1f790s2,ark:/21198/z1bk40jj,succeeded,open,https://iiif.library.ucla.edu/iiif/2/ark%3A%2F21198%2Fz1bk40jj
Masters/othermasters/DEPrevolucion/images/ihc_revolucion_19590123_010.tif,Page,Page 10,10,ark:/21198/z1f790s2,ark:/21198/z16t37x5,succeeded,open,https://iiif.library.ucla.edu/iiif/2/ark%3A%2F21198%2Fz16t37x5
Masters/othermasters/DEPrevolucion/images/ihc_revolucion_19590123_011.tif,Page,Page 11,11,ark:/21198/z1f790s2,ark:/21198/z1322h5q,succeeded,open,https://iiif.library.ucla.edu/iiif/2/ark%3A%2F21198%2Fz1322h5q
Masters/othermasters/DEPrevolucion/images/ihc_revolucion_19590123_012.tif,Page,Page 12,12,ark:/21198/z1f790s2,ark:/21198/z1z920pd,succeeded,open,https://iiif.library.ucla.edu/iiif/2/ark%3A%2F21198%2Fz1z920pd
Masters/othermasters/DEPrevolucion/images/ihc_revolucion_19590123_013.tif,Page,Page 13,13,ark:/21198/z1f790s2,ark:/21198/z1tj17ws,succeeded,open,https://iiif.library.ucla.edu/iiif/2/ark%3A%2F21198%2Fz1tj17ws
Masters/othermasters/DEPrevolucion/images/ihc_revolucion_19590123_014.tif,Page,Page 14,14,ark:/21198/z1f790s2,ark:/21198/z1ps0h5g,succeeded,open,https://iiif.library.ucla.edu/iiif/2/ark%3A%2F21198%2Fz1ps0h5g
Masters/othermasters/DEPrevolucion/images/ihc_revolucion_19590123_015.tif,Page,Page 15,15,ark:/21198/z1f790s2,ark:/21198/z1k38fvt,succeeded,open,https://iiif.library.ucla.edu/iiif/2/ark%3A%2F21198%2Fz1k38fvt
Masters/othermasters/DEPrevolucion/images/ihc_revolucion_19590123_016.tif,Page,Page 16,16,ark:/21198/z1f790s2,ark:/21198/z1fb7q5z,succeeded,open,https://iiif.library.ucla.edu/iiif/2/ark%3A%2F21198%2Fz1fb7q5z
Masters/othermasters/DEPrevolucion/images/ihc_revolucion_19600805_001.tif,Page,Page 1,1,ark:/21198/z19g882r,ark:/21198/z19k6zh4,succeeded,open,https://iiif.library.ucla.edu/iiif/2/ark%3A%2F21198%2Fz19k6zh4
Masters/othermasters/DEPrevolucion/images/ihc_revolucion_19600805_002.tif,Page,Page 2,2,ark:/21198/z19g882r,ark:/21198/z15t66ss,succeeded,open,https://iiif.library.ucla.edu/iiif/2/ark%3A%2F21198%2Fz15t66ss
Masters/othermasters/DEPrevolucion/images/ihc_revolucion_19600805_003.tif,Page,Page 3,3,ark:/21198/z19g882r,ark:/21198/z1225g1b,succeeded,open,https://iiif.library.ucla.edu/iiif/2/ark%3A%2F21198%2Fz1225g1b
Masters/othermasters/DEPrevolucion/images/ihc_revolucion_19600805_004.tif,Page,Page 4,4,ark:/21198/z19g882r,ark:/21198/z1x94zjn,succeeded,open,https://iiif.library.ucla.edu/iiif/2/ark%3A%2F21198%2Fz1x94zjn
Masters/othermasters/DEPrevolucion/images/ihc_revolucion_19600805_005.tif,Page,Page 5,5,ark:/21198/z19g882r,ark:/21198/z1sj46t9,succeeded,open,https://iiif.library.ucla.edu/iiif/2/ark%3A%2F21198%2Fz1sj46t9
Masters/othermasters/DEPrevolucion/images/ihc_revolucion_19600805_006.tif,Page,Page 6,6,ark:/21198/z19g882r,ark:/21198/z1nw25fd,succeeded,open,https://iiif.library.ucla.edu/iiif/2/ark%3A%2F21198%2Fz1nw25fd
Masters/othermasters/DEPrevolucion/images/ihc_revolucion_19600805_007.tif,Page,Page 7,7,ark:/21198/z19g882r,ark:/21198/z1j41drf,succeeded,open,https://iiif.library.ucla.edu/iiif/2/ark%3A%2F21198%2Fz1j41drf
Masters/othermasters/DEPrevolucion/images/ihc_revolucion_19600805_008.tif,Page,Page 8,8,ark:/21198/z19g882r,ark:/21198/z1dc0p4g,succeeded,open,https://iiif.library.ucla.edu/iiif/2/ark%3A%2F21198%2Fz1dc0p4g
Masters/othermasters/DEPrevolucion/images/ihc_revolucion_19600805_009.tif,Page,Page 9,9,ark:/21198/z19g882r,ark:/21198/z18k9xb9,succeeded,open,https://iiif.library.ucla.edu/iiif/2/ark%3A%2F21198%2Fz18k9xb9
Masters/othermasters/DEPrevolucion/images/ihc_revolucion_19600805_010.tif,Page,Page 10,10,ark:/21198/z19g882r,ark:/21198/z14t95nd,succeeded,open,https://iiif.library.ucla.edu/iiif/2/ark%3A%2F21198%2Fz14t95nd
Masters/othermasters/DEPrevolucion/images/ihc_revolucion_19600805_011.tif,Page,Page 11,11,ark:/21198/z19g882r,ark:/21198/z1128dv3,succeeded,open,https://iiif.library.ucla.edu/iiif/2/ark%3A%2F21198%2Fz1128dv3
Masters/othermasters/DEPrevolucion/images/ihc_revolucion_19600805_012.tif,Page,Page 12,12,ark:/21198/z19g882r,ark:/21198/z1w97xd8,succeeded,open,https://iiif.library.ucla.edu/iiif/2/ark%3A%2F21198%2Fz1w97xd8
Masters/othermasters/DEPrevolucion/images/ihc_revolucion_19600805_013.tif,Page,Page 13,13,ark:/21198/z19g882r,ark:/21198/z1rn5w2t,succeeded,open,https://iiif.library.ucla.edu/iiif/2/ark%3A%2F21198%2Fz1rn5w2t
Masters/othermasters/DEPrevolucion/images/ihc_revolucion_19600805_014.tif,Page,Page 14,14,ark:/21198/z19g882r,ark:/21198/z1mw54cx,succeeded,open,https://iiif.library.ucla.edu/iiif/2/ark%3A%2F21198%2Fz1mw54cx
Masters/othermasters/DEPrevolucion/images/ihc_revolucion_19600805_015.tif,Page,Page 15,15,ark:/21198/z19g882r,ark:/21198/z1h44cqd,succeeded,open,https://iiif.library.ucla.edu/iiif/2/ark%3A%2F21198%2Fz1h44cqd
Masters/othermasters/DEPrevolucion/images/ihc_revolucion_19600805_016.tif,Page,Page 16,16,ark:/21198/z19g882r,ark:/21198/z1cc3mz7,succeeded,open,https://iiif.library.ucla.edu/iiif/2/ark%3A%2F21198%2Fz1cc3mz7
Masters/othermasters/DEPrevolucion/images/ihc_revolucion_19600929_001.tif,Page,Page 1,1,ark:/21198/z15q7h9k,ark:/21198/z17m2w6g,succeeded,open,https://iiif.library.ucla.edu/iiif/2/ark%3A%2F21198%2Fz17m2w6g
Masters/othermasters/DEPrevolucion/images/ihc_revolucion_19600929_002.tif,Page,Page 2,2,ark:/21198/z15q7h9k,ark:/21198/z13v24d7,succeeded,open,https://iiif.library.ucla.edu/iiif/2/ark%3A%2F21198%2Fz13v24d7
Masters/othermasters/DEPrevolucion/images/ihc_revolucion_19600929_003.tif,Page,Page 3,3,ark:/21198/z15q7h9k,ark:/21198/z1031cq8,succeeded,open,https://iiif.library.ucla.edu/iiif/2/ark%3A%2F21198%2Fz1031cq8
Masters/othermasters/DEPrevolucion/images/ihc_revolucion_19600929_004.tif,Page,Page 4,4,ark:/21198/z15q7h9k,ark:/21198/z1vd9kp6,succeeded,open,https://iiif.library.ucla.edu/iiif/2/ark%3A%2F21198%2Fz1vd9kp6
Masters/othermasters/DEPrevolucion/images/ihc_revolucion_19600929_005.tif,Page,Page 5,5,ark:/21198/z15q7h9k,ark:/21198/z1qn8v1s,succeeded,open,https://iiif.library.ucla.edu/iiif/2/ark%3A%2F21198%2Fz1qn8v1s
Masters/othermasters/DEPrevolucion/images/ihc_revolucion_19600929_006.tif,Page,Page 6,6,ark:/21198/z15q7h9k,ark:/21198/z1kw839f,succeeded,open,https://iiif.library.ucla.edu/iiif/2/ark%3A%2F21198%2Fz1kw839f
Masters/othermasters/DEPrevolucion/images/ihc_revolucion_19600929_007.tif,Page,Page 7,7,ark:/21198/z15q7h9k,ark:/21198/z1g47bk1,succeeded,open,https://iiif.library.ucla.edu/iiif/2/ark%3A%2F21198%2Fz1g47bk1
Masters/othermasters/DEPrevolucion/images/ihc_revolucion_19600929_008.tif,Page,Page 8,8,ark:/21198/z15q7h9k,ark:/21198/z1bc6ksd,succeeded,open,https://iiif.library.ucla.edu/iiif/2/ark%3A%2F21198%2Fz1bc6ksd
Masters/othermasters/DEPrevolucion/images/ihc_revolucion_19600929_009.tif,Page,Page 9,9,ark:/21198/z15q7h9k,ark:/21198/z16m5v1n,succeeded,open,https://iiif.library.ucla.edu/iiif/2/ark%3A%2F21198%2Fz16m5v1n
Masters/othermasters/DEPrevolucion/images/ihc_revolucion_19600929_010.tif,Page,Page 10,10,ark:/21198/z15q7h9k,ark:/21198/z12v53br,succeeded,open,https://iiif.library.ucla.edu/iiif/2/ark%3A%2F21198%2Fz12v53br
Masters/othermasters/DEPrevolucion/images/ihc_revolucion_19600929_011.tif,Page,Page 11,11,ark:/21198/z15q7h9k,ark:/21198/z1z6397n,succeeded,open,https://iiif.library.ucla.edu/iiif/2/ark%3A%2F21198%2Fz1z6397n
Masters/othermasters/DEPrevolucion/images/ihc_revolucion_19600929_012.tif,Page,Page 12,12,ark:/21198/z15q7h9k,ark:/21198/z1tf2jkt,succeeded,open,https://iiif.library.ucla.edu/iiif/2/ark%3A%2F21198%2Fz1tf2jkt
Masters/othermasters/DEPrevolucion/images/ihc_revolucion_19600929_013.tif,Page,Page 13,13,ark:/21198/z15q7h9k,ark:/21198/z1pp1sx0,succeeded,open,https://iiif.library.ucla.edu/iiif/2/ark%3A%2F21198%2Fz1pp1sx0
Masters/othermasters/DEPrevolucion/images/ihc_revolucion_19600929_014.tif,Page,Page 14,14,ark:/21198/z15q7h9k,ark:/21198/z1jx125m,succeeded,open,https://iiif.library.ucla.edu/iiif/2/ark%3A%2F21198%2Fz1jx125m
Masters/othermasters/DEPrevolucion/images/ihc_revolucion_19600929_015.tif,Page,Page 15,15,ark:/21198/z15q7h9k,ark:/21198/z1f509dr,succeeded,open,https://iiif.library.ucla.edu/iiif/2/ark%3A%2F21198%2Fz1f509dr
Masters/othermasters/DEPrevolucion/images/ihc_revolucion_19600929_016.tif,Page,Page 16,16,ark:/21198/z15q7h9k,ark:/21198/z19c9jmk,succeeded,open,https://iiif.library.ucla.edu/iiif/2/ark%3A%2F21198%2Fz19c9jmk
Masters/othermasters/DEPrevolucion/images/ihc_revolucion_19600930_001.tif,Page,Page 1,1,ark:/21198/z11z6rkv,ark:/21198/z15m8sx9,succeeded,open,https://iiif.library.ucla.edu/iiif/2/ark%3A%2F21198%2Fz15m8sx9
Masters/othermasters/DEPrevolucion/images/ihc_revolucion_19600930_002.tif,Page,Page 2,2,ark:/21198/z11z6rkv,ark:/21198/z11z6rm9,succeeded,open,https://iiif.library.ucla.edu/iiif/2/ark%3A%2F21198%2Fz11z6rm9
Masters/othermasters/DEPrevolucion/images/ihc_revolucion_19600930_003.tif,Page,Page 3,3,ark:/21198/z11z6rkv,ark:/21198/z1x66855,succeeded,open,https://iiif.library.ucla.edu/iiif/2/ark%3A%2F21198%2Fz1x66855
Masters/othermasters/DEPrevolucion/images/ihc_revolucion_19600930_004.tif,Page,Page 4,4,ark:/21198/z11z6rkv,ark:/21198/z1sf5hff,succeeded,open,https://iiif.library.ucla.edu/iiif/2/ark%3A%2F21198%2Fz1sf5hff
Masters/othermasters/DEPrevolucion/images/ihc_revolucion_19600930_005.tif,Page,Page 5,5,ark:/21198/z11z6rkv,ark:/21198/z1np4rnt,succeeded,open,https://iiif.library.ucla.edu/iiif/2/ark%3A%2F21198%2Fz1np4rnt
Masters/othermasters/DEPrevolucion/images/ihc_revolucion_19600930_006.tif,Page,Page 6,6,ark:/21198/z11z6rkv,ark:/21198/z1hx40w1,succeeded,open,https://iiif.library.ucla.edu/iiif/2/ark%3A%2F21198%2Fz1hx40w1
Masters/othermasters/DEPrevolucion/images/ihc_revolucion_19600930_007.tif,Page,Page 7,7,ark:/21198/z11z6rkv,ark:/21198/z1d53834,succeeded,open,https://iiif.library.ucla.edu/iiif/2/ark%3A%2F21198%2Fz1d53834
Masters/othermasters/DEPrevolucion/images/ihc_revolucion_19600930_008.tif,Page,Page 8,8,ark:/21198/z11z6rkv,ark:/21198/z18d2hf9,succeeded,open,https://iiif.library.ucla.edu/iiif/2/ark%3A%2F21198%2Fz18d2hf9
Masters/othermasters/DEPrevolucion/images/ihc_revolucion_19600930_009.tif,Page,Page 9,9,ark:/21198/z11z6rkv,ark:/21198/z14r0g5r,succeeded,open,https://iiif.library.ucla.edu/iiif/2/ark%3A%2F21198%2Fz14r0g5r
Masters/othermasters/DEPrevolucion/images/ihc_revolucion_19600930_010.tif,Page,Page 10,10,ark:/21198/z11z6rkv,ark:/21198/z10z9qjt,succeeded,open,https://iiif.library.ucla.edu/iiif/2/ark%3A%2F21198%2Fz10z9qjt
Masters/othermasters/DEPrevolucion/images/ihc_revolucion_19600930_011.tif,Page,Page 11,11,ark:/21198/z11z6rkv,ark:/21198/z1w6971s,succeeded,open,https://iiif.library.ucla.edu/iiif/2/ark%3A%2F21198%2Fz1w6971s
Masters/othermasters/DEPrevolucion/images/ihc_revolucion_19600930_012.tif,Page,Page 12,12,ark:/21198/z11z6rkv,ark:/21198/z1rf8g92,succeeded,open,https://iiif.library.ucla.edu/iiif/2/ark%3A%2F21198%2Fz1rf8g92
Masters/othermasters/DEPrevolucion/images/ihc_revolucion_19600930_013.tif,Page,Page 13,13,ark:/21198/z11z6rkv,ark:/21198/z1mp7qhf,succeeded,open,https://iiif.library.ucla.edu/iiif/2/ark%3A%2F21198%2Fz1mp7qhf
Masters/othermasters/DEPrevolucion/images/ihc_revolucion_19600930_014.tif,Page,Page 14,14,ark:/21198/z11z6rkv,ark:/21198/z1gx6zr8,succeeded,open,https://iiif.library.ucla.edu/iiif/2/ark%3A%2F21198%2Fz1gx6zr8
Masters/othermasters/DEPrevolucion/images/ihc_revolucion_19600930_015.tif,Page,Page 15,15,ark:/21198/z11z6rkv,ark:/21198/z1c56723,succeeded,open,https://iiif.library.ucla.edu/iiif/2/ark%3A%2F21198%2Fz1c56723
Masters/othermasters/DEPrevolucion/images/ihc_revolucion_19600930_016.tif,Page,Page 16,16,ark:/21198/z11z6rkv,ark:/21198/z17h45rp,succeeded,open,https://iiif.library.ucla.edu/iiif/2/ark%3A%2F21198%2Fz17h45rp
Masters/othermasters/DEPrevolucion/images/ihc_revolucion_19601122_001.tif,Page,Page 1,1,ark:/21198/z1x6684q,ark:/21198/z13r3f38,succeeded,open,https://iiif.library.ucla.edu/iiif/2/ark%3A%2F21198%2Fz13r3f38
Masters/othermasters/DEPrevolucion/images/ihc_revolucion_19601122_002.tif,Page,Page 2,2,ark:/21198/z1x6684q,ark:/21198/z1002pcv,succeeded,open,https://iiif.library.ucla.edu/iiif/2/ark%3A%2F21198%2Fz1002pcv
Masters/othermasters/DEPrevolucion/images/ihc_revolucion_19601122_003.tif,Page,Page 3,3,ark:/21198/z1x6684q,ark:/21198/z1v725v3,succeeded,open,https://iiif.library.ucla.edu/iiif/2/ark%3A%2F21198%2Fz1v725v3
Masters/othermasters/DEPrevolucion/images/ihc_revolucion_19601122_004.tif,Page,Page 4,4,ark:/21198/z1x6684q,ark:/21198/z1qg1f3b,succeeded,open,https://iiif.library.ucla.edu/iiif/2/ark%3A%2F21198%2Fz1qg1f3b
Masters/othermasters/DEPrevolucion/images/ihc_revolucion_19601122_005.tif,Page,Page 5,5,ark:/21198/z1x6684q,ark:/21198/z1kq0pb5,succeeded,open,https://iiif.library.ucla.edu/iiif/2/ark%3A%2F21198%2Fz1kq0pb5
Masters/othermasters/DEPrevolucion/images/ihc_revolucion_19601122_006.tif,Page,Page 6,6,ark:/21198/z1x6684q,ark:/21198/z1fx9xq7,succeeded,open,https://iiif.library.ucla.edu/iiif/2/ark%3A%2F21198%2Fz1fx9xq7
Masters/othermasters/DEPrevolucion/images/ihc_revolucion_19601122_007.tif,Page,Page 7,7,ark:/21198/z1x6684q,ark:/21198/z1b87w96,succeeded,open,https://iiif.library.ucla.edu/iiif/2/ark%3A%2F21198%2Fz1b87w96
Masters/othermasters/DEPrevolucion/images/ihc_revolucion_19601122_008.tif,Page,Page 8,8,ark:/21198/z1x6684q,ark:/21198/z16h74nr,succeeded,open,https://iiif.library.ucla.edu/iiif/2/ark%3A%2F21198%2Fz16h74nr
Masters/othermasters/DEPrevolucion/images/ihc_revolucion_19601122_009.tif,Page,Page 9,9,ark:/21198/z1x6684q,ark:/21198/z12r6cx1,succeeded,open,https://iiif.library.ucla.edu/iiif/2/ark%3A%2F21198%2Fz12r6cx1
Masters/othermasters/DEPrevolucion/images/ihc_revolucion_19601122_010.tif,Page,Page 10,10,ark:/21198/z1x6684q,ark:/21198/z1z05wc5,succeeded,open,https://iiif.library.ucla.edu/iiif/2/ark%3A%2F21198%2Fz1z05wc5
Masters/othermasters/DEPrevolucion/images/ihc_revolucion_19601122_011.tif,Page,Page 11,11,ark:/21198/z1x6684q,ark:/21198/z1t754nt,succeeded,open,https://iiif.library.ucla.edu/iiif/2/ark%3A%2F21198%2Fz1t754nt
Masters/othermasters/DEPrevolucion/images/ihc_revolucion_19601122_012.tif,Page,Page 12,12,ark:/21198/z1x6684q,ark:/21198/z1pg4cwn,succeeded,open,https://iiif.library.ucla.edu/iiif/2/ark%3A%2F21198%2Fz1pg4cwn
Masters/othermasters/DEPrevolucion/images/ihc_revolucion_19601122_013.tif,Page,Page 13,13,ark:/21198/z1x6684q,ark:/21198/z1jq3n77,succeeded,open,https://iiif.library.ucla.edu/iiif/2/ark%3A%2F21198%2Fz1jq3n77
Masters/othermasters/DEPrevolucion/images/ihc_revolucion_19601122_014.tif,Page,Page 14,14,ark:/21198/z1x6684q,ark:/21198/z1f21kwp,succeeded,open,https://iiif.library.ucla.edu/iiif/2/ark%3A%2F21198%2Fz1f21kwp
Masters/othermasters/DEPrevolucion/images/ihc_revolucion_19610626_001.tif,Page,Page 1,1,ark:/21198/z1sj46sv,ark:/21198/z1990v8q,succeeded,open,https://iiif.library.ucla.edu/iiif/2/ark%3A%2F21198%2Fz1990v8q
Masters/othermasters/DEPrevolucion/images/ihc_revolucion_19610626_002.tif,Page,Page 2,2,ark:/21198/z1sj46sv,ark:/21198/z15j03hx,succeeded,open,https://iiif.library.ucla.edu/iiif/2/ark%3A%2F21198%2Fz15j03hx
Masters/othermasters/DEPrevolucion/images/ihc_revolucion_19610626_003.tif,Page,Page 3,3,ark:/21198/z1sj46sv,ark:/21198/z11r9bsn,succeeded,open,https://iiif.library.ucla.edu/iiif/2/ark%3A%2F21198%2Fz11r9bsn
Masters/othermasters/DEPrevolucion/images/ihc_revolucion_19610626_004.tif,Page,Page 4,4,ark:/21198/z1sj46sv,ark:/21198/z1x08v87,succeeded,open,https://iiif.library.ucla.edu/iiif/2/ark%3A%2F21198%2Fz1x08v87
Masters/othermasters/DEPrevolucion/images/ihc_revolucion_19610626_005.tif,Page,Page 5,5,ark:/21198/z1sj46sv,ark:/21198/z1s783jw,succeeded,open,https://iiif.library.ucla.edu/iiif/2/ark%3A%2F21198%2Fz1s783jw
Masters/othermasters/DEPrevolucion/images/ihc_revolucion_19610626_006.tif,Page,Page 6,6,ark:/21198/z1sj46sv,ark:/21198/z1nk627w,succeeded,open,https://iiif.library.ucla.edu/iiif/2/ark%3A%2F21198%2Fz1nk627w
Masters/othermasters/DEPrevolucion/images/ihc_revolucion_19610626_007.tif,Page,Page 7,7,ark:/21198/z1sj46sv,ark:/21198/z1ht59jm,succeeded,open,https://iiif.library.ucla.edu/iiif/2/ark%3A%2F21198%2Fz1ht59jm
Masters/othermasters/DEPrevolucion/images/ihc_revolucion_19610626_008.tif,Page,Page 8,8,ark:/21198/z1sj46sv,ark:/21198/z1d24jw3,succeeded,open,https://iiif.library.ucla.edu/iiif/2/ark%3A%2F21198%2Fz1d24jw3
Masters/othermasters/DEPrevolucion/images/ihc_revolucion_19610626_009.tif,Page,Page 9,9,ark:/21198/z1sj46sv,ark:/21198/z1893t5s,succeeded,open,https://iiif.library.ucla.edu/iiif/2/ark%3A%2F21198%2Fz1893t5s
Masters/othermasters/DEPrevolucion/images/ihc_revolucion_19610626_010.tif,Page,Page 10,10,ark:/21198/z1sj46sv,ark:/21198/z14j32d0,succeeded,open,https://iiif.library.ucla.edu/iiif/2/ark%3A%2F21198%2Fz14j32d0
Masters/othermasters/DEPrevolucion/batch02/images/ihc_revolucion_19570201_001.tif,Page,Page 1,1,ark:/21198/z13j62h5,ark:/21198/z11p0pnw,succeeded,open,https://iiif.library.ucla.edu/iiif/2/ark%3A%2F21198%2Fz11p0pnw
Masters/othermasters/DEPrevolucion/batch02/images/ihc_revolucion_19570201_002.tif,Page,Page 2,2,ark:/21198/z13j62h5,ark:/21198/z1wx066f,succeeded,open,https://iiif.library.ucla.edu/iiif/2/ark%3A%2F21198%2Fz1wx066f
Masters/othermasters/DEPrevolucion/batch02/images/ihc_revolucion_19570201_003.tif,Page,Page 3,3,ark:/21198/z13j62h5,ark:/21198/z1s49fhx,succeeded,open,https://iiif.library.ucla.edu/iiif/2/ark%3A%2F21198%2Fz1s49fhx
Masters/othermasters/DEPrevolucion/batch02/images/ihc_revolucion_19570201_004.tif,Page,Page 4,4,ark:/21198/z13j62h5,ark:/21198/z1nc8prr,succeeded,open,https://iiif.library.ucla.edu/iiif/2/ark%3A%2F21198%2Fz1nc8prr
Masters/othermasters/DEPrevolucion/batch02/images/ihc_revolucion_19570201_005.tif,Page,Page 5,5,ark:/21198/z13j62h5,ark:/21198/z1hm7z00,succeeded,open,https://iiif.library.ucla.edu/iiif/2/ark%3A%2F21198%2Fz1hm7z00
Masters/othermasters/DEPrevolucion/batch02/images/ihc_revolucion_19570201_006.tif,Page,Page 6,6,ark:/21198/z13j62h5,ark:/21198/z1cz5wpk,succeeded,open,https://iiif.library.ucla.edu/iiif/2/ark%3A%2F21198%2Fz1cz5wpk
Masters/othermasters/DEPrevolucion/batch02/images/ihc_revolucion_19570201_007.tif,Page,Page 7,7,ark:/21198/z13j62h5,ark:/21198/z18654zj,succeeded,open,https://iiif.library.ucla.edu/iiif/2/ark%3A%2F21198%2Fz18654zj
Masters/othermasters/DEPrevolucion/batch02/images/ihc_revolucion_19570201_008.tif,Page,Page 8,8,ark:/21198/z13j62h5,ark:/21198/z14f4d6s,succeeded,open,https://iiif.library.ucla.edu/iiif/2/ark%3A%2F21198%2Fz14f4d6s
Masters/othermasters/DEPrevolucion/batch02/images/ihc_revolucion_19570201_009.tif,Page,Page 9,9,ark:/21198/z13j62h5,ark:/21198/z10p3nhh,succeeded,open,https://iiif.library.ucla.edu/iiif/2/ark%3A%2F21198%2Fz10p3nhh
Masters/othermasters/DEPrevolucion/batch02/images/ihc_revolucion_19570201_010.tif,Page,Page 10,10,ark:/21198/z13j62h5,ark:/21198/z1vx3522,succeeded,open,https://iiif.library.ucla.edu/iiif/2/ark%3A%2F21198%2Fz1vx3522
Masters/othermasters/DEPrevolucion/batch02/images/ihc_revolucion_19570201_011.tif,Page,Page 11,11,ark:/21198/z13j62h5,ark:/21198/z1r52d8r,succeeded,open,https://iiif.library.ucla.edu/iiif/2/ark%3A%2F21198%2Fz1r52d8r
Masters/othermasters/DEPrevolucion/batch02/images/ihc_revolucion_19570201_012.tif,Page,Page 12,12,ark:/21198/z13j62h5,ark:/21198/z1md1nkg,succeeded,open,https://iiif.library.ucla.edu/iiif/2/ark%3A%2F21198%2Fz1md1nkg
Masters/othermasters/DEPrevolucion/batch02/images/ihc_revolucion_19570201_012.tif,Page,Page 12,12,ark:/21198/z1796t62,ark:/21198/z1gq9m9c,succeeded,open,https://iiif.library.ucla.edu/iiif/2/ark%3A%2F21198%2Fz1gq9m9c
Masters/othermasters/DEPrevolucion/batch02/images/ihc_revolucion_195702_001.tif,Page,Page 1,1,ark:/21198/z1796t62,ark:/21198/z1bz8vkn,succeeded,open,https://iiif.library.ucla.edu/iiif/2/ark%3A%2F21198%2Fz1bz8vkn
Masters/othermasters/DEPrevolucion/batch02/images/ihc_revolucion_195702_002.tif,Page,Page 2,2,ark:/21198/z1796t62,ark:/21198/z17683t5,succeeded,open,https://iiif.library.ucla.edu/iiif/2/ark%3A%2F21198%2Fz17683t5
Masters/othermasters/DEPrevolucion/batch02/images/ihc_revolucion_195702_003.tif,Page,Page 3,3,ark:/21198/z1796t62,ark:/21198/z13f7c49,succeeded,open,https://iiif.library.ucla.edu/iiif/2/ark%3A%2F21198%2Fz13f7c49
Masters/othermasters/DEPrevolucion/batch02/images/ihc_revolucion_195702_004.tif,Page,Page 4,4,ark:/21198/z1796t62,ark:/21198/z1zp6vm5,succeeded,open,https://iiif.library.ucla.edu/iiif/2/ark%3A%2F21198%2Fz1zp6vm5
Masters/othermasters/DEPrevolucion/batch02/images/ihc_revolucion_195702_005.tif,Page,Page 5,5,ark:/21198/z1796t62,ark:/21198/z1tx63wt,succeeded,open,https://iiif.library.ucla.edu/iiif/2/ark%3A%2F21198%2Fz1tx63wt
Masters/othermasters/DEPrevolucion/batch02/images/ihc_revolucion_195702_006.tif,Page,Page 6,6,ark:/21198/z1796t62,ark:/21198/z1q55c4c,succeeded,open,https://iiif.library.ucla.edu/iiif/2/ark%3A%2F21198%2Fz1q55c4c
Masters/othermasters/DEPrevolucion/batch02/images/ihc_revolucion_195702_007.tif,Page,Page 7,7,ark:/21198/z1796t62,ark:/21198/z1kh39vd,succeeded,open,https://iiif.library.ucla.edu/iiif/2/ark%3A%2F21198%2Fz1kh39vd
Masters/othermasters/DEPrevolucion/batch02/images/ihc_revolucion_195702_008.tif,Page,Page 8,8,ark:/21198/z1796t62,ark:/21198/z1fr2k5j,succeeded,open,https://iiif.library.ucla.edu/iiif/2/ark%3A%2F21198%2Fz1fr2k5j
Masters/othermasters/DEPrevolucion/batch02/images/ihc_revolucion_19580617_001.tif,Page,Page 1,1,ark:/21198/z1zw48f6,ark:/21198/z1b01tc7,succeeded,open,https://iiif.library.ucla.edu/iiif/2/ark%3A%2F21198%2Fz1b01tc7
Masters/othermasters/DEPrevolucion/batch02/images/ihc_revolucion_19580617_002.tif,Page,Page 2,2,ark:/21198/z1zw48f6,ark:/21198/z16712qs,succeeded,open,https://iiif.library.ucla.edu/iiif/2/ark%3A%2F21198%2Fz16712qs
Masters/othermasters/DEPrevolucion/batch02/images/ihc_revolucion_19580617_003.tif,Page,Page 3,3,ark:/21198/z1zw48f6,ark:/21198/z12g0b0g,succeeded,open,https://iiif.library.ucla.edu/iiif/2/ark%3A%2F21198%2Fz12g0b0g
Masters/othermasters/DEPrevolucion/batch02/images/ihc_revolucion_19580617_004.tif,Page,Page 4,4,ark:/21198/z1zw48f6,ark:/21198/z1xp9tgs,succeeded,open,https://iiif.library.ucla.edu/iiif/2/ark%3A%2F21198%2Fz1xp9tgs
Masters/othermasters/DEPrevolucion/batch02/images/ihc_revolucion_19580617_005.tif,Page,Page 5,5,ark:/21198/z1zw48f6,ark:/21198/z1sx92rf,succeeded,open,https://iiif.library.ucla.edu/iiif/2/ark%3A%2F21198%2Fz1sx92rf
Masters/othermasters/DEPrevolucion/batch02/images/ihc_revolucion_19580617_006.tif,Page,Page 6,6,ark:/21198/z1zw48f6,ark:/21198/z1p871fr,succeeded,open,https://iiif.library.ucla.edu/iiif/2/ark%3A%2F21198%2Fz1p871fr
Masters/othermasters/DEPrevolucion/batch02/images/ihc_revolucion_19580617_007.tif,Page,Page 7,7,ark:/21198/z1zw48f6,ark:/21198/z1jh68q1,succeeded,open,https://iiif.library.ucla.edu/iiif/2/ark%3A%2F21198%2Fz1jh68q1
Masters/othermasters/DEPrevolucion/batch02/images/ihc_revolucion_19580625_001.tif,Page,Page 1,1,ark:/21198/z1v43hpb,ark:/21198/z1dr5hzv,succeeded,open,https://iiif.library.ucla.edu/iiif/2/ark%3A%2F21198%2Fz1dr5hzv
Masters/othermasters/DEPrevolucion/batch02/images/ihc_revolucion_19580625_002.tif,Page,Page 2,2,ark:/21198/z1v43hpb,ark:/21198/z1904s89,succeeded,open,https://iiif.library.ucla.edu/iiif/2/ark%3A%2F21198%2Fz1904s89
Masters/othermasters/DEPrevolucion/batch02/images/ihc_revolucion_19580625_003.tif,Page,Page 3,3,ark:/21198/z1v43hpb,ark:/21198/z15741jz,succeeded,open,https://iiif.library.ucla.edu/iiif/2/ark%3A%2F21198%2Fz15741jz
Masters/othermasters/DEPrevolucion/batch02/images/ihc_revolucion_19580625_004.tif,Page,Page 4,4,ark:/21198/z1v43hpb,ark:/21198/z11g38rb,succeeded,open,https://iiif.library.ucla.edu/iiif/2/ark%3A%2F21198%2Fz11g38rb
Masters/othermasters/DEPrevolucion/batch02/images/ihc_revolucion_19580625_005.tif,Page,Page 5,5,ark:/21198/z1v43hpb,ark:/21198/z1wq2s9h,succeeded,open,https://iiif.library.ucla.edu/iiif/2/ark%3A%2F21198%2Fz1wq2s9h
Masters/othermasters/DEPrevolucion/batch02/images/ihc_revolucion_19580625_006.tif,Page,Page 6,6,ark:/21198/z1v43hpb,ark:/21198/z1s20r18,succeeded,open,https://iiif.library.ucla.edu/iiif/2/ark%3A%2F21198%2Fz1s20r18
Masters/othermasters/DEPrevolucion/batch02/images/ihc_revolucion_19580625_007.tif,Page,Page 7,7,ark:/21198/z1v43hpb,ark:/21198/z1n9008g,succeeded,open,https://iiif.library.ucla.edu/iiif/2/ark%3A%2F21198%2Fz1n9008g
Masters/othermasters/DEPrevolucion/batch02/images/ihc_revolucion_19580714_001.tif,Page,Page 1,1,ark:/21198/z1qc2rzm,ark:/21198/z1hh97hr,succeeded,open,https://iiif.library.ucla.edu/iiif/2/ark%3A%2F21198%2Fz1hh97hr
Masters/othermasters/DEPrevolucion/batch02/images/ihc_revolucion_19580714_002.tif,Page,Page 2,2,ark:/21198/z1qc2rzm,ark:/21198/z1cr8gvx,succeeded,open,https://iiif.library.ucla.edu/iiif/2/ark%3A%2F21198%2Fz1cr8gvx
Masters/othermasters/DEPrevolucion/batch02/images/ihc_revolucion_19580714_003.tif,Page,Page 3,3,ark:/21198/z1qc2rzm,ark:/21198/z1807r4x,succeeded,open,https://iiif.library.ucla.edu/iiif/2/ark%3A%2F21198%2Fz1807r4x
Masters/othermasters/DEPrevolucion/batch02/images/ihc_revolucion_19580714_004.tif,Page,Page 4,4,ark:/21198/z1qc2rzm,ark:/21198/z14770c4,succeeded,open,https://iiif.library.ucla.edu/iiif/2/ark%3A%2F21198%2Fz14770c4
Masters/othermasters/DEPrevolucion/batch02/images/ihc_revolucion_19580714_005.tif,Page,Page 5,5,ark:/21198/z1qc2rzm,ark:/21198/z10g67nd,succeeded,open,https://iiif.library.ucla.edu/iiif/2/ark%3A%2F21198%2Fz10g67nd
Masters/othermasters/DEPrevolucion/batch02/images/ihc_revolucion_19580714_006.tif,Page,Page 6,6,ark:/21198/z1qc2rzm,ark:/21198/z1vt4fnb,succeeded,open,https://iiif.library.ucla.edu/iiif/2/ark%3A%2F21198%2Fz1vt4fnb
Masters/othermasters/DEPrevolucion/batch02/images/ihc_revolucion_19580714_007.tif,Page,Page 7,7,ark:/21198/z1qc2rzm,ark:/21198/z1r23pxx,succeeded,open,https://iiif.library.ucla.edu/iiif/2/ark%3A%2F21198%2Fz1r23pxx
Masters/othermasters/DEPrevolucion/batch02/images/ihc_revolucion_19580726_001.tif,Page,Page 1,1,ark:/21198/z1km219k,ark:/21198/z1m92z4q,succeeded,open,https://iiif.library.ucla.edu/iiif/2/ark%3A%2F21198%2Fz1m92z4q
Masters/othermasters/DEPrevolucion/batch02/images/ihc_revolucion_19580726_002.tif,Page,Page 2,2,ark:/21198/z1km219k,ark:/21198/z1gj26g8,succeeded,open,https://iiif.library.ucla.edu/iiif/2/ark%3A%2F21198%2Fz1gj26g8
Masters/othermasters/DEPrevolucion/batch02/images/ihc_revolucion_19580726_003.tif,Page,Page 3,3,ark:/21198/z1km219k,ark:/21198/z1bs1fpn,succeeded,open,https://iiif.library.ucla.edu/iiif/2/ark%3A%2F21198%2Fz1bs1fpn
Masters/othermasters/DEPrevolucion/batch02/images/ihc_revolucion_19580726_004.tif,Page,Page 4,4,ark:/21198/z1km219k,ark:/21198/z1710pz7,succeeded,open,https://iiif.library.ucla.edu/iiif/2/ark%3A%2F21198%2Fz1710pz7
Masters/othermasters/DEPrevolucion/batch02/images/ihc_revolucion_19580726_005.tif,Page,Page 5,5,ark:/21198/z1km219k,ark:/21198/z1379z7c,succeeded,open,https://iiif.library.ucla.edu/iiif/2/ark%3A%2F21198%2Fz1379z7c
Masters/othermasters/DEPrevolucion/batch02/images/ihc_revolucion_19580726_006.tif,Page,Page 6,6,ark:/21198/z1km219k,ark:/21198/z1zk8567,succeeded,open,https://iiif.library.ucla.edu/iiif/2/ark%3A%2F21198%2Fz1zk8567
Masters/othermasters/DEPrevolucion/batch02/images/ihc_revolucion_19580726_007.tif,Page,Page 7,7,ark:/21198/z1km219k,ark:/21198/z1tt7df2,succeeded,open,https://iiif.library.ucla.edu/iiif/2/ark%3A%2F21198%2Fz1tt7df2
Masters/othermasters/DEPrevolucion/batch02/images/ihc_revolucion_19580811_001.tif,Page,Page 1,1,ark:/21198/z1fv18hz,ark:/21198/z1q26nqn,succeeded,open,https://iiif.library.ucla.edu/iiif/2/ark%3A%2F21198%2Fz1q26nqn
Masters/othermasters/DEPrevolucion/batch02/images/ihc_revolucion_19580811_002.tif,Page,Page 2,2,ark:/21198/z1fv18hz,ark:/21198/z1k95x1s,succeeded,open,https://iiif.library.ucla.edu/iiif/2/ark%3A%2F21198%2Fz1k95x1s
Masters/othermasters/DEPrevolucion/batch02/images/ihc_revolucion_19580811_003.tif,Page,Page 3,3,ark:/21198/z1fv18hz,ark:/21198/z1fj559f,succeeded,open,https://iiif.library.ucla.edu/iiif/2/ark%3A%2F21198%2Fz1fj559f
Masters/othermasters/DEPrevolucion/batch02/images/ihc_revolucion_19580811_004.tif,Page,Page 4,4,ark:/21198/z1fv18hz,ark:/21198/z19s4dj8,succeeded,open,https://iiif.library.ucla.edu/iiif/2/ark%3A%2F21198%2Fz19s4dj8
Masters/othermasters/DEPrevolucion/batch02/images/ihc_revolucion_19580811_005.tif,Page,Page 5,5,ark:/21198/z1fv18hz,ark:/21198/z1613nv9,succeeded,open,https://iiif.library.ucla.edu/iiif/2/ark%3A%2F21198%2Fz1613nv9
Masters/othermasters/DEPrevolucion/batch02/images/ihc_revolucion_19580811_006.tif,Page,Page 6,6,ark:/21198/z1fv18hz,ark:/21198/z12c1mj9,succeeded,open,https://iiif.library.ucla.edu/iiif/2/ark%3A%2F21198%2Fz12c1mj9
Masters/othermasters/DEPrevolucion/batch02/images/ihc_revolucion_19580811_007.tif,Page,Page 7,7,ark:/21198/z1fv18hz,ark:/21198/z1xm141z,succeeded,open,https://iiif.library.ucla.edu/iiif/2/ark%3A%2F21198%2Fz1xm141z
Masters/othermasters/DEPrevolucion/batch02/images/ihc_revolucion_19580811_008.tif,Page,Page 8,8,ark:/21198/z1fv18hz,ark:/21198/z1sv0c8s,succeeded,open,https://iiif.library.ucla.edu/iiif/2/ark%3A%2F21198%2Fz1sv0c8s
Masters/othermasters/DEPrevolucion/batch02/images/ihc_revolucion_19580819_001.tif,Page,Page 1,1,ark:/21198/z1b30ht0,ark:/21198/z1p29mmq,succeeded,open,https://iiif.library.ucla.edu/iiif/2/ark%3A%2F21198%2Fz1p29mmq
Masters/othermasters/DEPrevolucion/batch02/images/ihc_revolucion_19580819_002.tif,Page,Page 2,2,ark:/21198/z1b30ht0,ark:/21198/z1j98vw0,succeeded,open,https://iiif.library.ucla.edu/iiif/2/ark%3A%2F21198%2Fz1j98vw0
Masters/othermasters/DEPrevolucion/batch02/images/ihc_revolucion_19580819_003.tif,Page,Page 3,3,ark:/21198/z1b30ht0,ark:/21198/z1dj8452,succeeded,open,https://iiif.library.ucla.edu/iiif/2/ark%3A%2F21198%2Fz1dj8452
Masters/othermasters/DEPrevolucion/batch02/images/ihc_revolucion_19580819_004.tif,Page,Page 4,4,ark:/21198/z1b30ht0,ark:/21198/z18s7cfb,succeeded,open,https://iiif.library.ucla.edu/iiif/2/ark%3A%2F21198%2Fz18s7cfb
Masters/othermasters/DEPrevolucion/batch02/images/ihc_revolucion_19580819_005.tif,Page,Page 5,5,ark:/21198/z1b30ht0,ark:/21198/z1545b4n,succeeded,open,https://iiif.library.ucla.edu/iiif/2/ark%3A%2F21198%2Fz1545b4n
Masters/othermasters/DEPrevolucion/batch02/images/ihc_revolucion_19580819_006.tif,Page,Page 6,6,ark:/21198/z1b30ht0,ark:/21198/z11c4kdx,succeeded,open,https://iiif.library.ucla.edu/iiif/2/ark%3A%2F21198%2Fz11c4kdx
Masters/othermasters/DEPrevolucion/batch02/images/ihc_revolucion_19580819_007.tif,Page,Page 7,7,ark:/21198/z1b30ht0,ark:/21198/z1wm42xm,succeeded,open,https://iiif.library.ucla.edu/iiif/2/ark%3A%2F21198%2Fz1wm42xm
Masters/othermasters/DEPrevolucion/batch02/images/ihc_revolucion_19580819_008.tif,Page,Page 8,8,ark:/21198/z1b30ht0,ark:/21198/z1rv3b86,succeeded,open,https://iiif.library.ucla.edu/iiif/2/ark%3A%2F21198%2Fz1rv3b86
Masters/othermasters/DEPrevolucion/batch02/images/ihc_revolucion_19580827_001.tif,Page,Page 1,1,ark:/21198/z1699s2p,ark:/21198/z1n32kgw,succeeded,open,https://iiif.library.ucla.edu/iiif/2/ark%3A%2F21198%2Fz1n32kgw
Masters/othermasters/DEPrevolucion/batch02/images/ihc_revolucion_19580827_002.tif,Page,Page 2,2,ark:/21198/z1699s2p,ark:/21198/z1hb1tsm,succeeded,open,https://iiif.library.ucla.edu/iiif/2/ark%3A%2F21198%2Fz1hb1tsm
Masters/othermasters/DEPrevolucion/batch02/images/ihc_revolucion_19580827_003.tif,Page,Page 3,3,ark:/21198/z1699s2p,ark:/21198/z1cn9sfm,succeeded,open,https://iiif.library.ucla.edu/iiif/2/ark%3A%2F21198%2Fz1cn9sfm
Masters/othermasters/DEPrevolucion/batch02/images/ihc_revolucion_19580827_004.tif,Page,Page 4,4,ark:/21198/z1699s2p,ark:/21198/z17w91q8,succeeded,open,https://iiif.library.ucla.edu/iiif/2/ark%3A%2F21198%2Fz17w91q8
Masters/othermasters/DEPrevolucion/batch02/images/ihc_revolucion_19580827_005.tif,Page,Page 5,5,ark:/21198/z1699s2p,ark:/21198/z1448908,succeeded,open,https://iiif.library.ucla.edu/iiif/2/ark%3A%2F21198%2Fz1448908
Masters/othermasters/DEPrevolucion/batch02/images/ihc_revolucion_19580827_006.tif,Page,Page 6,6,ark:/21198/z1699s2p,ark:/21198/z10c7j8j,succeeded,open,https://iiif.library.ucla.edu/iiif/2/ark%3A%2F21198%2Fz10c7j8j
Masters/othermasters/DEPrevolucion/batch02/images/ihc_revolucion_19580827_007.tif,Page,Page 7,7,ark:/21198/z1699s2p,ark:/21198/z1vm71s7,succeeded,open,https://iiif.library.ucla.edu/iiif/2/ark%3A%2F21198%2Fz1vm71s7
Masters/othermasters/DEPrevolucion/batch02/images/ihc_revolucion_19580827_008.tif,Page,Page 8,8,ark:/21198/z1699s2p,ark:/21198/z1qv692x,succeeded,open,https://iiif.library.ucla.edu/iiif/2/ark%3A%2F21198%2Fz1qv692x
Masters/othermasters/DEPrevolucion/batch02/images/ihc_revolucion_19580919_001.tif,Page,Page 1,1,ark:/21198/z12n7qsq,ark:/21198/z1m35j92,succeeded,open,https://iiif.library.ucla.edu/iiif/2/ark%3A%2F21198%2Fz1m35j92
Masters/othermasters/DEPrevolucion/batch02/images/ihc_revolucion_19580919_002.tif,Page,Page 2,2,ark:/21198/z12n7qsq,ark:/21198/z1gf3h02,succeeded,open,https://iiif.library.ucla.edu/iiif/2/ark%3A%2F21198%2Fz1gf3h02
Masters/othermasters/DEPrevolucion/batch02/images/ihc_revolucion_19580919_003.tif,Page,Page 3,3,ark:/21198/z12n7qsq,ark:/21198/z1bp2rb7,succeeded,open,https://iiif.library.ucla.edu/iiif/2/ark%3A%2F21198%2Fz1bp2rb7
Masters/othermasters/DEPrevolucion/batch02/images/ihc_revolucion_19581020_001.tif,Page,Page 1,1,ark:/21198/z1xw779t,ark:/21198/z16x20kf,succeeded,open,https://iiif.library.ucla.edu/iiif/2/ark%3A%2F21198%2Fz16x20kf
Masters/othermasters/DEPrevolucion/batch02/images/ihc_revolucion_19581020_002.tif,Page,Page 2,2,ark:/21198/z1xw779t,ark:/21198/z13517v1,succeeded,open,https://iiif.library.ucla.edu/iiif/2/ark%3A%2F21198%2Fz13517v1
Masters/othermasters/DEPrevolucion/batch02/images/ihc_revolucion_19581020_003.tif,Page,Page 3,3,ark:/21198/z1xw779t,ark:/21198/z1zd0rd6,succeeded,open,https://iiif.library.ucla.edu/iiif/2/ark%3A%2F21198%2Fz1zd0rd6
Masters/othermasters/DEPrevolucion/batch02/images/ihc_revolucion_19581020_004.tif,Page,Page 4,4,ark:/21198/z1xw779t,ark:/21198/z1tn00nd,succeeded,open,https://iiif.library.ucla.edu/iiif/2/ark%3A%2F21198%2Fz1tn00nd
Masters/othermasters/DEPrevolucion/batch02/images/ihc_revolucion_19581020_005.tif,Page,Page 5,5,ark:/21198/z1xw779t,ark:/21198/z1pv97x4,succeeded,open,https://iiif.library.ucla.edu/iiif/2/ark%3A%2F21198%2Fz1pv97x4
Masters/othermasters/DEPrevolucion/batch02/images/ihc_revolucion_19581020_006.tif,Page,Page 6,6,ark:/21198/z1xw779t,ark:/21198/z1k676nw,succeeded,open,https://iiif.library.ucla.edu/iiif/2/ark%3A%2F21198%2Fz1k676nw
Masters/othermasters/DEPrevolucion/batch02/images/ihc_revolucion_19581020_007.tif,Page,Page 7,7,ark:/21198/z1xw779t,ark:/21198/z1ff6fx5,succeeded,open,https://iiif.library.ucla.edu/iiif/2/ark%3A%2F21198%2Fz1ff6fx5
Masters/othermasters/DEPrevolucion/batch02/images/ihc_revolucion_19581020_008.tif,Page,Page 8,8,ark:/21198/z1xw779t,ark:/21198/z19p5q5d,succeeded,open,https://iiif.library.ucla.edu/iiif/2/ark%3A%2F21198%2Fz19p5q5d
Masters/othermasters/DEPrevolucion/batch02/images/ihc_revolucion_19581118_001.tif,Page,Page 1,1,ark:/21198/z1t46gkd,ark:/21198/z15x4zfp,succeeded,open,https://iiif.library.ucla.edu/iiif/2/ark%3A%2F21198%2Fz15x4zfp
Masters/othermasters/DEPrevolucion/batch02/images/ihc_revolucion_19581118_002.tif,Page,Page 2,2,ark:/21198/z1t46gkd,ark:/21198/z12546r3,succeeded,open,https://iiif.library.ucla.edu/iiif/2/ark%3A%2F21198%2Fz12546r3
Masters/othermasters/DEPrevolucion/batch02/images/ihc_revolucion_19581118_003.tif,Page,Page 3,3,ark:/21198/z1t46gkd,ark:/21198/z1xd3q6x,succeeded,open,https://iiif.library.ucla.edu/iiif/2/ark%3A%2F21198%2Fz1xd3q6x
Masters/othermasters/DEPrevolucion/batch02/images/ihc_revolucion_19581118_004.tif,Page,Page 4,4,ark:/21198/z1t46gkd,ark:/21198/z1sn2zj3,succeeded,open,https://iiif.library.ucla.edu/iiif/2/ark%3A%2F21198%2Fz1sn2zj3
Masters/othermasters/DEPrevolucion/batch02/images/ihc_revolucion_19581118_005.tif,Page,Page 5,5,ark:/21198/z1t46gkd,ark:/21198/z1p00x6z,succeeded,open,https://iiif.library.ucla.edu/iiif/2/ark%3A%2F21198%2Fz1p00x6z
Masters/othermasters/DEPrevolucion/batch02/images/ihc_revolucion_19581118_006.tif,Page,Page 6,6,ark:/21198/z1t46gkd,ark:/21198/z1j705gm,succeeded,open,https://iiif.library.ucla.edu/iiif/2/ark%3A%2F21198%2Fz1j705gm
Masters/othermasters/DEPrevolucion/batch02/images/ihc_revolucion_19581118_007.tif,Page,Page 7,7,ark:/21198/z1t46gkd,ark:/21198/z1df9dqw,succeeded,open,https://iiif.library.ucla.edu/iiif/2/ark%3A%2F21198%2Fz1df9dqw
Masters/othermasters/DEPrevolucion/batch02/images/ihc_revolucion_19581118_008.tif,Page,Page 8,8,ark:/21198/z1t46gkd,ark:/21198/z18p8p11,succeeded,open,https://iiif.library.ucla.edu/iiif/2/ark%3A%2F21198%2Fz18p8p11
Masters/othermasters/DEPrevolucion/batch02/images/ihc_revolucion_19581118_009.tif,Page,Page 9,9,ark:/21198/z1t46gkd,ark:/21198/z14x7x99,succeeded,open,https://iiif.library.ucla.edu/iiif/2/ark%3A%2F21198%2Fz14x7x99
Masters/othermasters/DEPrevolucion/batch02/images/ihc_revolucion_19581118_010.tif,Page,Page 10,10,ark:/21198/z1t46gkd,ark:/21198/z11575k8,succeeded,open,https://iiif.library.ucla.edu/iiif/2/ark%3A%2F21198%2Fz11575k8
Masters/othermasters/DEPrevolucion/batch02/images/ihc_revolucion_19581118_011.tif,Page,Page 11,11,ark:/21198/z1t46gkd,ark:/21198/z1wd6p30,succeeded,open,https://iiif.library.ucla.edu/iiif/2/ark%3A%2F21198%2Fz1wd6p30
Masters/othermasters/DEPrevolucion/batch02/images/ihc_revolucion_19581118_012.tif,Page,Page 12,12,ark:/21198/z1t46gkd,ark:/21198/z1rr4mr4,succeeded,open,https://iiif.library.ucla.edu/iiif/2/ark%3A%2F21198%2Fz1rr4mr4
Masters/othermasters/DEPrevolucion/batch02/images/ihc_revolucion_c1957_issue05_001.tif,Page,Page 1,1,ark:/21198/z1jm5056,ark:/21198/z1n03w2k,succeeded,open,https://iiif.library.ucla.edu/iiif/2/ark%3A%2F21198%2Fz1n03w2k
Masters/othermasters/DEPrevolucion/batch02/images/ihc_revolucion_c1957_issue05_002.tif,Page,Page 2,2,ark:/21198/z1jm5056,ark:/21198/z1h7348b,succeeded,open,https://iiif.library.ucla.edu/iiif/2/ark%3A%2F21198%2Fz1h7348b
Masters/othermasters/DEPrevolucion/batch02/images/ihc_revolucion_c1957_issue05_003.tif,Page,Page 3,3,ark:/21198/z1jm5056,ark:/21198/z1cg2ck2,succeeded,open,https://iiif.library.ucla.edu/iiif/2/ark%3A%2F21198%2Fz1cg2ck2
Masters/othermasters/DEPrevolucion/batch02/images/ihc_revolucion_c1957_issue05_004.tif,Page,Page 4,4,ark:/21198/z1jm5056,ark:/21198/z17q1mx7,succeeded,open,https://iiif.library.ucla.edu/iiif/2/ark%3A%2F21198%2Fz17q1mx7
Masters/othermasters/DEPrevolucion/batch02/images/ihc_revolucion_c1957_issue05_005.tif,Page,Page 5,5,ark:/21198/z1jm5056,ark:/21198/z13z0w5g,succeeded,open,https://iiif.library.ucla.edu/iiif/2/ark%3A%2F21198%2Fz13z0w5g
Masters/othermasters/DEPrevolucion/batch02/images/ihc_revolucion_c1957_issue05_006.tif,Page,Page 6,6,ark:/21198/z1jm5056,ark:/21198/z10604gw,succeeded,open,https://iiif.library.ucla.edu/iiif/2/ark%3A%2F21198%2Fz10604gw
Masters/othermasters/DEPrevolucion/batch02/images/ihc_revolucion_c1957_issue05_007.tif,Page,Page 7,7,ark:/21198/z1jm5056,ark:/21198/z1vh8bdc,succeeded,open,https://iiif.library.ucla.edu/iiif/2/ark%3A%2F21198%2Fz1vh8bdc
Masters/othermasters/DEPrevolucion/batch02/images/ihc_revolucion_c1957_issue05_008.tif,Page,Page 8,8,ark:/21198/z1jm5056,ark:/21198/z1qr7kpn,succeeded,open,https://iiif.library.ucla.edu/iiif/2/ark%3A%2F21198%2Fz1qr7kpn
Masters/othermasters/DEPrevolucion/batch02/images/ihc_revolucion_c1957_issue05_009.tif,Page,Page 9,9,ark:/21198/z1jm5056,ark:/21198/z1m06tz7,succeeded,open,https://iiif.library.ucla.edu/iiif/2/ark%3A%2F21198%2Fz1m06tz7
Masters/othermasters/DEPrevolucion/batch02/images/ihc_revolucion_c1957_issue05_010.tif,Page,Page 10,10,ark:/21198/z1jm5056,ark:/21198/z1g76379,succeeded,open,https://iiif.library.ucla.edu/iiif/2/ark%3A%2F21198%2Fz1g76379
Masters/othermasters/DEPrevolucion/batch02/images/ihc_revolucion_c1957_issue05_011.tif,Page,Page 11,11,ark:/21198/z1jm5056,ark:/21198/z1bg5bj1,succeeded,open,https://iiif.library.ucla.edu/iiif/2/ark%3A%2F21198%2Fz1bg5bj1
Masters/othermasters/DEPrevolucion/batch02/images/ihc_revolucion_c1957_issue05_012.tif,Page,Page 12,12,ark:/21198/z1jm5056,ark:/21198/z16q4krd,succeeded,open,https://iiif.library.ucla.edu/iiif/2/ark%3A%2F21198%2Fz16q4krd
Masters/othermasters/DEPrevolucion/batch02/images/ihc_revolucion_c1958_issue07_001.tif,Page,Page 1,1,ark:/21198/z1dv47fg,ark:/21198/z12z3v2j,succeeded,open,https://iiif.library.ucla.edu/iiif/2/ark%3A%2F21198%2Fz12z3v2j
Masters/othermasters/DEPrevolucion/batch02/images/ihc_revolucion_c1958_issue07_002.tif,Page,Page 2,2,ark:/21198/z1dv47fg,ark:/21198/z1z921zd,succeeded,open,https://iiif.library.ucla.edu/iiif/2/ark%3A%2F21198%2Fz1z921zd
Masters/othermasters/DEPrevolucion/batch02/images/ihc_revolucion_c1958_issue07_003.tif,Page,Page 3,3,ark:/21198/z1dv47fg,ark:/21198/z1tj196n,succeeded,open,https://iiif.library.ucla.edu/iiif/2/ark%3A%2F21198%2Fz1tj196n
Masters/othermasters/DEPrevolucion/batch02/images/ihc_revolucion_c1958_issue07_004.tif,Page,Page 4,4,ark:/21198/z1dv47fg,ark:/21198/z1ps0jfg,succeeded,open,https://iiif.library.ucla.edu/iiif/2/ark%3A%2F21198%2Fz1ps0jfg
Masters/othermasters/DEPrevolucion/batch02/images/ihc_revolucion_c1958_issue07_005.tif,Page,Page 5,5,ark:/21198/z1dv47fg,ark:/21198/z1k09ssd,succeeded,open,https://iiif.library.ucla.edu/iiif/2/ark%3A%2F21198%2Fz1k09ssd
Masters/othermasters/DEPrevolucion/batch02/images/ihc_revolucion_c1958_issue07_006.tif,Page,Page 6,6,ark:/21198/z1dv47fg,ark:/21198/z1f7922g,succeeded,open,https://iiif.library.ucla.edu/iiif/2/ark%3A%2F21198%2Fz1f7922g
Masters/othermasters/DEPrevolucion/batch02/images/ihc_revolucion_c1958_issue07_007.tif,Page,Page 7,7,ark:/21198/z1dv47fg,ark:/21198/z19g89c6,succeeded,open,https://iiif.library.ucla.edu/iiif/2/ark%3A%2F21198%2Fz19g89c6
Masters/othermasters/DEPrevolucion/batch02/images/ihc_revolucion_c1958_issue07_008.tif,Page,Page 8,8,ark:/21198/z1dv47fg,ark:/21198/z15q7jng,succeeded,open,https://iiif.library.ucla.edu/iiif/2/ark%3A%2F21198%2Fz15q7jng
Masters/othermasters/DEPrevolucion/batch02/images/ihc_revolucion_nd_001.tif,Page,Page 1,1,ark:/21198/z1pc5qw4,ark:/21198/z1225h8w,succeeded,open,https://iiif.library.ucla.edu/iiif/2/ark%3A%2F21198%2Fz1225h8w
Masters/othermasters/DEPrevolucion/batch02/images/ihc_revolucion_nd_002.tif,Page,Page 2,2,ark:/21198/z1pc5qw4,ark:/21198/z1x950t1,succeeded,open,https://iiif.library.ucla.edu/iiif/2/ark%3A%2F21198%2Fz1x950t1
Masters/othermasters/DEPrevolucion/batch02/images/ihc_revolucion_nd_003.tif,Page,Page 3,3,ark:/21198/z1pc5qw4,ark:/21198/z1sj4828,succeeded,open,https://iiif.library.ucla.edu/iiif/2/ark%3A%2F21198%2Fz1sj4828
Masters/othermasters/DEPrevolucion/batch02/images/ihc_revolucion_nd_004.tif,Page,Page 4,4,ark:/21198/z1pc5qw4,ark:/21198/z1ns3hdf,succeeded,open,https://iiif.library.ucla.edu/iiif/2/ark%3A%2F21198%2Fz1ns3hdf
Masters/othermasters/DEPrevolucion/batch02/images/ihc_revolucion_nd_005.tif,Page,Page 5,5,ark:/21198/z1pc5qw4,ark:/21198/z1j12rp1,succeeded,open,https://iiif.library.ucla.edu/iiif/2/ark%3A%2F21198%2Fz1j12rp1
Masters/othermasters/DEPrevolucion/batch02/images/ihc_revolucion_nd_006.tif,Page,Page 6,6,ark:/21198/z1pc5qw4,ark:/21198/z1d820zp,succeeded,open,https://iiif.library.ucla.edu/iiif/2/ark%3A%2F21198%2Fz1d820zp
Masters/othermasters/DEPrevolucion/batch02/images/ihc_revolucion_nd_007.tif,Page,Page 7,7,ark:/21198/z1pc5qw4,ark:/21198/z18h187c,succeeded,open,https://iiif.library.ucla.edu/iiif/2/ark%3A%2F21198%2Fz18h187c
Masters/othermasters/DEPrevolucion/batch02/images/ihc_revolucion_nd_008.tif,Page,Page 8,8,ark:/21198/z1pc5qw4,ark:/21198/z14t96xd,succeeded,open,https://iiif.library.ucla.edu/iiif/2/ark%3A%2F21198%2Fz14t96xd
Masters/othermasters/DEPrevolucion/batch02/images/ihc_revolucion_nd_009.tif,Page,Page 9,9,ark:/21198/z1pc5qw4,ark:/21198/z1128g5z,succeeded,open,https://iiif.library.ucla.edu/iiif/2/ark%3A%2F21198%2Fz1128g5z
Masters/othermasters/DEPrevolucion/batch02/images/ihc_revolucion_nd_010.tif,Page,Page 10,10,ark:/21198/z1pc5qw4,ark:/21198/z1w97zp8,succeeded,open,https://iiif.library.ucla.edu/iiif/2/ark%3A%2F21198%2Fz1w97zp8
Masters/othermasters/DEPrevolucion/batch02/images/ihc_revolucion_nd_011.tif,Page,Page 11,11,ark:/21198/z1pc5qw4,ark:/21198/z1rj770s,succeeded,open,https://iiif.library.ucla.edu/iiif/2/ark%3A%2F21198%2Fz1rj770s
Masters/othermasters/DEPrevolucion/batch02/images/ihc_revolucion_nd_suplemento_001.tif,Page,Page 1,1,ark:/21198/z196262w,ark:/21198/z1ms6g9h,succeeded,open,https://iiif.library.ucla.edu/iiif/2/ark%3A%2F21198%2Fz1ms6g9h
Masters/othermasters/DEPrevolucion/batch02/images/ihc_revolucion_nd_suplemento_002.tif,Page,Page 2,2,ark:/21198/z196262w,ark:/21198/z1h15qjn,succeeded,open,https://iiif.library.ucla.edu/iiif/2/ark%3A%2F21198%2Fz1h15qjn
Masters/othermasters/DEPrevolucion/batch02/images/ihc_revolucion_nd_suplemento_003.tif,Page,Page 3,3,ark:/21198/z196262w,ark:/21198/z1cc3p7n,succeeded,open,https://iiif.library.ucla.edu/iiif/2/ark%3A%2F21198%2Fz1cc3p7n
Masters/othermasters/DEPrevolucion/batch02/images/ihc_revolucion_nd_suplemento_004.tif,Page,Page 4,4,ark:/21198/z196262w,ark:/21198/z17m2xhx,succeeded,open,https://iiif.library.ucla.edu/iiif/2/ark%3A%2F21198%2Fz17m2xhx
Masters/othermasters/DEPrevolucion/batch02/images/ihc_revolucion_nd_suplemento_005.tif,Page,Page 5,5,ark:/21198/z196262w,ark:/21198/z13v25r4,succeeded,open,https://iiif.library.ucla.edu/iiif/2/ark%3A%2F21198%2Fz13v25r4
Masters/othermasters/DEPrevolucion/batch02/images/ihc_revolucion_nd_suplemento_006.tif,Page,Page 6,6,ark:/21198/z196262w,ark:/21198/z1031f14,succeeded,open,https://iiif.library.ucla.edu/iiif/2/ark%3A%2F21198%2Fz1031f14
Masters/othermasters/DEPrevolucion/batch02/images/ihc_revolucion_nd_suplemento_007.tif,Page,Page 7,7,ark:/21198/z196262w,ark:/21198/z1vb0xmb,succeeded,open,https://iiif.library.ucla.edu/iiif/2/ark%3A%2F21198%2Fz1vb0xmb
Masters/othermasters/DEPrevolucion/batch02/images/ihc_revolucion_nd_suplemento_008.tif,Page,Page 8,8,ark:/21198/z196262w,ark:/21198/z1qk05t3,succeeded,open,https://iiif.library.ucla.edu/iiif/2/ark%3A%2F21198%2Fz1qk05t3
Masters/othermasters/DEPrevolucion/batch02/images/ihc_revolucion_nd_suplemento_009.tif,Page,Page 9,9,ark:/21198/z196262w,ark:/21198/z1ks9f4p,succeeded,open,https://iiif.library.ucla.edu/iiif/2/ark%3A%2F21198%2Fz1ks9f4p
Masters/othermasters/DEPrevolucion/batch02/images/ihc_revolucion_nd_suplemento_010.tif,Page,Page 10,10,ark:/21198/z196262w,ark:/21198/z1g47ctk,succeeded,open,https://iiif.library.ucla.edu/iiif/2/ark%3A%2F21198%2Fz1g47ctk
Masters/othermasters/DEPrevolucion/batch02/images/ihc_revolucion_nd_suplemento_011.tif,Page,Page 11,11,ark:/21198/z196262w,ark:/21198/z1bc6n2t,succeeded,open,https://iiif.library.ucla.edu/iiif/2/ark%3A%2F21198%2Fz1bc6n2t
Masters/othermasters/DEPrevolucion/batch02/images/ihc_revolucion_nd_suplemento_012.tif,Page,Page 12,12,ark:/21198/z196262w,ark:/21198/z16m5wb3,succeeded,open,https://iiif.library.ucla.edu/iiif/2/ark%3A%2F21198%2Fz16m5wb3
Masters/othermasters/DEPrevolucion/batch02/images/ihc_revolucion_nd_suplemento_013.tif,Page,Page 13,13,ark:/21198/z196262w,ark:/21198/z12v54mr,succeeded,open,https://iiif.library.ucla.edu/iiif/2/ark%3A%2F21198%2Fz12v54mr
Masters/othermasters/DEPrevolucion/batch02/images/ihc_revolucion_nd_suplemento_014.tif,Page,Page 14,14,ark:/21198/z196262w,ark:/21198/z1z34n6p,succeeded,open,https://iiif.library.ucla.edu/iiif/2/ark%3A%2F21198%2Fz1z34n6p
Masters/othermasters/DEPrevolucion/batch02/images/ihc_revolucion_nd_suplemento_015.tif,Page,Page 15,15,ark:/21198/z196262w,ark:/21198/z1tb3wfh,succeeded,open,https://iiif.library.ucla.edu/iiif/2/ark%3A%2F21198%2Fz1tb3wfh
Masters/othermasters/DEPrevolucion/batch02/images/ihc_revolucion_nd_suplemento_016.tif,Page,Page 16,16,ark:/21198/z196262w,ark:/21198/z1pk34q5,succeeded,open,https://iiif.library.ucla.edu/iiif/2/ark%3A%2F21198%2Fz1pk34q5
Masters/othermasters/DEPrevolucion/batch02/images/ihc_revolucion_nd_suplemento_017.tif,Page,Page 17,17,ark:/21198/z196262w,ark:/21198/z1jx13fm,succeeded,open,https://iiif.library.ucla.edu/iiif/2/ark%3A%2F21198%2Fz1jx13fm
Masters/othermasters/DEPrevolucion/batch02/images/ihc_revolucion_nd_suplemento_018.tif,Page,Page 18,18,ark:/21198/z196262w,ark:/21198/z1f50bq6,succeeded,open,https://iiif.library.ucla.edu/iiif/2/ark%3A%2F21198%2Fz1f50bq6
