Object Type,Item ARK,Parent ARK,Title,Local identifier,File Name,Item Sequence,Thumbnail,Visibility,Contents note,Date.created,Date.normalized,Description.note,Format.extent,Genre,Language,Name.creator,Place of origin,Publisher.publisherName,Repository,Program,Type.typeOfResource,Rights.copyrightStatus,Rights.rightsHolderContact,viewingHint,Name.director,Subject topic,volume | issue,IIIF Manifest URL
Work,ark:/21198/z1rf8hk2,ark:/21198/z1hn2jw4,1932-12/1933-05,ihc_udelaire_193212_193305,,,https://iiif.library.ucla.edu/iiif/2/ark%3A%2F21198%2Fz18w62vn,open,,"diciembre, 1932-mayo, 1933|~|1932-12/1933-05",1932-12/1933-05,,672 pages,journals,spa,Universidad del Aire|~|Radio Salas C.M.B.Z y C.O.B.Z,Havana (Cuba),"Editorial Minerva, La Habana (Cuba)",Instituto de Historia de Cuba,International Digital Ephemera Project,text,unknown,"http://www.ihc.cu/, webmaster@ihc.cu",paged,"Mañach, Jorge, Dr.",Cuba--politics and government--1933-1959|~|Radio programs--Cuba--Havana--Periodicals,,https://iiif.library.ucla.edu/ark%3A%2F21198%2Fz1rf8hk2/manifest
Work,ark:/21198/z11v83gc,ark:/21198/z1hn2jw4,1933 no. 01,ihc_udelaire_1933_n01,,,https://iiif.library.ucla.edu/iiif/2/ark%3A%2F21198%2Fz1dn6tsp,open,,1933,1933,,44 pages,journals,spa,Universidad del Aire|~|Radio Salas C.M.B.Z y C.O.B.Z,Havana (Cuba),"Editorial Minerva, La Habana (Cuba)",Instituto de Historia de Cuba,International Digital Ephemera Project,text,unknown,"http://www.ihc.cu/, webmaster@ihc.cu",paged,"Mañach, Jorge, Dr.",Cuba--politics and government--1933-1959|~|Radio programs--Cuba--Havana--Periodicals,no. 01,https://iiif.library.ucla.edu/ark%3A%2F21198%2Fz11v83gc/manifest
Work,ark:/21198/z1x37m0d,ark:/21198/z1hn2jw4,1933 no. 02,ihc_udelaire_1933_n02,,,https://iiif.library.ucla.edu/iiif/2/ark%3A%2F21198%2Fz1qr7kwb,open,,1933,1933,,36 pages,journals,spa,Universidad del Aire|~|Radio Salas C.M.B.Z y C.O.B.Z,Havana (Cuba),"Editorial Minerva, La Habana (Cuba)",Instituto de Historia de Cuba,International Digital Ephemera Project,text,unknown,"http://www.ihc.cu/, webmaster@ihc.cu",paged,"Mañach, Jorge, Dr.",Cuba--politics and government--1933-1959|~|Radio programs--Cuba--Havana--Periodicals,no. 02,https://iiif.library.ucla.edu/ark%3A%2F21198%2Fz1x37m0d/manifest
Work,ark:/21198/z1sb6v8p,ark:/21198/z1hn2jw4,1933 no. 03,ihc_udelaire_1933_n03,,,https://iiif.library.ucla.edu/iiif/2/ark%3A%2F21198%2Fz12z3v9p,open,,1933,1933,,36 pages,journals,spa,Universidad del Aire|~|Radio Salas C.M.B.Z y C.O.B.Z,Havana (Cuba),"Editorial Minerva, La Habana (Cuba)",Instituto de Historia de Cuba,International Digital Ephemera Project,text,unknown,"http://www.ihc.cu/, webmaster@ihc.cu",paged,"Mañach, Jorge, Dr.",Cuba--politics and government--1933-1959|~|Radio programs--Cuba--Havana--Periodicals,no. 03,https://iiif.library.ucla.edu/ark%3A%2F21198%2Fz1sb6v8p/manifest
Work,ark:/21198/z1np4sz8,ark:/21198/z1hn2jw4,1933 no. 04,ihc_udelaire_1933_n04,,,https://iiif.library.ucla.edu/iiif/2/ark%3A%2F21198%2Fz1f21nd7,open,,1933,1933,,36 pages,journals,spa,Universidad del Aire|~|Radio Salas C.M.B.Z y C.O.B.Z,Havana (Cuba),"Editorial Minerva, La Habana (Cuba)",Instituto de Historia de Cuba,International Digital Ephemera Project,text,unknown,"http://www.ihc.cu/, webmaster@ihc.cu",paged,"Mañach, Jorge, Dr.",Cuba--politics and government--1933-1959|~|Radio programs--Cuba--Havana--Periodicals,no. 04,https://iiif.library.ucla.edu/ark%3A%2F21198%2Fz1np4sz8/manifest
Work,ark:/21198/z1hx427b,ark:/21198/z1hn2jw4,1933 no. 05,ihc_udelaire_1933_n05,,,https://iiif.library.ucla.edu/iiif/2/ark%3A%2F21198%2Fz1s49fr2,open,,1933,1933,,36 pages,journals,spa,Universidad del Aire|~|Radio Salas C.M.B.Z y C.O.B.Z,Havana (Cuba),"Editorial Minerva, La Habana (Cuba)",Instituto de Historia de Cuba,International Digital Ephemera Project,text,unknown,"http://www.ihc.cu/, webmaster@ihc.cu",paged,"Mañach, Jorge, Dr.",Cuba--politics and government--1933-1959|~|Radio programs--Cuba--Havana--Periodicals,no. 05,https://iiif.library.ucla.edu/ark%3A%2F21198%2Fz1hx427b/manifest
Work,ark:/21198/z1d539f1,ark:/21198/z1hn2jw4,1933 no. 06,ihc_udelaire_1933_n06,,,https://iiif.library.ucla.edu/iiif/2/ark%3A%2F21198%2Fz14770nq,open,,1933,1933,,36 pages,journals,spa,Universidad del Aire|~|Radio Salas C.M.B.Z y C.O.B.Z,Havana (Cuba),"Editorial Minerva, La Habana (Cuba)",Instituto de Historia de Cuba,International Digital Ephemera Project,text,unknown,"http://www.ihc.cu/, webmaster@ihc.cu",paged,"Mañach, Jorge, Dr.",Cuba--politics and government--1933-1959|~|Radio programs--Cuba--Havana--Periodicals,no. 06,https://iiif.library.ucla.edu/ark%3A%2F21198%2Fz1d539f1/manifest
Work,ark:/21198/z18d2jrr,ark:/21198/z1hn2jw4,1933 no. 07,ihc_udelaire_1933_n07,,,https://iiif.library.ucla.edu/iiif/2/ark%3A%2F21198%2Fz1gf3h8n,open,,1933,1933,,36 pages,journals,spa,Universidad del Aire|~|Radio Salas C.M.B.Z y C.O.B.Z,Havana (Cuba),"Editorial Minerva, La Habana (Cuba)",Instituto de Historia de Cuba,International Digital Ephemera Project,text,unknown,"http://www.ihc.cu/, webmaster@ihc.cu",paged,"Mañach, Jorge, Dr.",Cuba--politics and government--1933-1959|~|Radio programs--Cuba--Havana--Periodicals,no. 07,https://iiif.library.ucla.edu/ark%3A%2F21198%2Fz18d2jrr/manifest
Work,ark:/21198/z14n1t3b,ark:/21198/z1hn2jw4,1933 no. 08,ihc_udelaire_1933_n08,,,https://iiif.library.ucla.edu/iiif/2/ark%3A%2F21198%2Fz1tj19g7,open,,1933,1933,,36 pages,journals,spa,Universidad del Aire|~|Radio Salas C.M.B.Z y C.O.B.Z,Havana (Cuba),"Editorial Minerva, La Habana (Cuba)",Instituto de Historia de Cuba,International Digital Ephemera Project,text,unknown,"http://www.ihc.cu/, webmaster@ihc.cu",paged,"Mañach, Jorge, Dr.",Cuba--politics and government--1933-1959|~|Radio programs--Cuba--Havana--Periodicals,no. 08,https://iiif.library.ucla.edu/ark%3A%2F21198%2Fz14n1t3b/manifest
Work,ark:/21198/z10w1293,ark:/21198/z1hn2jw4,1933 no. 09,ihc_udelaire_1933_n09,,,https://iiif.library.ucla.edu/iiif/2/ark%3A%2F21198%2Fz15m8vfv,open,,1933,1933,,36 pages,journals,spa,Universidad del Aire|~|Radio Salas C.M.B.Z y C.O.B.Z,Havana (Cuba),"Editorial Minerva, La Habana (Cuba)",Instituto de Historia de Cuba,International Digital Ephemera Project,text,unknown,"http://www.ihc.cu/, webmaster@ihc.cu",paged,"Mañach, Jorge, Dr.",Cuba--politics and government--1933-1959|~|Radio programs--Cuba--Havana--Periodicals,no. 09,https://iiif.library.ucla.edu/ark%3A%2F21198%2Fz10w1293/manifest
Work,ark:/21198/z1w40jwm,ark:/21198/z1hn2jw4,1933 no. 10,ihc_udelaire_1933_n10,,,https://iiif.library.ucla.edu/iiif/2/ark%3A%2F21198%2Fz1hq6nqb,open,,1933,1933,,36 pages,journals,spa,Universidad del Aire|~|Radio Salas C.M.B.Z y C.O.B.Z,Havana (Cuba),"Editorial Minerva, La Habana (Cuba)",Instituto de Historia de Cuba,International Digital Ephemera Project,text,unknown,"http://www.ihc.cu/, webmaster@ihc.cu",paged,"Mañach, Jorge, Dr.",Cuba--politics and government--1933-1959|~|Radio programs--Cuba--Havana--Periodicals,no. 10,https://iiif.library.ucla.edu/ark%3A%2F21198%2Fz1w40jwm/manifest
Work,ark:/21198/z1mp7rtw,ark:/21198/z1hn2jw4,1933-03-25,ihc_udelaire_19330325,,,https://iiif.library.ucla.edu/iiif/2/ark%3A%2F21198%2Fz1g47czc,open,,"marzo 25, 1933|~|1933-03-25",1933-03-25,,36 pages,journals,spa,Universidad del Aire|~|Radio Salas C.M.B.Z y C.O.B.Z,Havana (Cuba),"Editorial Minerva, La Habana (Cuba)",Instituto de Historia de Cuba,International Digital Ephemera Project,text,unknown,"http://www.ihc.cu/, webmaster@ihc.cu",paged,"Mañach, Jorge, Dr.",Cuba--politics and government--1933-1959|~|Radio programs--Cuba--Havana--Periodicals,no. 11,https://iiif.library.ucla.edu/ark%3A%2F21198%2Fz1mp7rtw/manifest
Work,ark:/21198/z1gx712h,ark:/21198/z1hn2jw4,1933-04-01,ihc_udelaire_19330401,,,https://iiif.library.ucla.edu/iiif/2/ark%3A%2F21198%2Fz1t75621,open,,"abril 1, 1933|~|1933-04-01",1933-04-01,,36 pages,journals,spa,Universidad del Aire|~|Radio Salas C.M.B.Z y C.O.B.Z,Havana (Cuba),"Editorial Minerva, La Habana (Cuba)",Instituto de Historia de Cuba,International Digital Ephemera Project,text,unknown,"http://www.ihc.cu/, webmaster@ihc.cu",paged,"Mañach, Jorge, Dr.",Cuba--politics and government--1933-1959|~|Radio programs--Cuba--Havana--Periodicals,no. 12,https://iiif.library.ucla.edu/ark%3A%2F21198%2Fz1gx712h/manifest
Work,ark:/21198/z1c568b3,ark:/21198/z1hn2jw4,1933-04-08,ihc_udelaire_19330408,,,https://iiif.library.ucla.edu/iiif/2/ark%3A%2F21198%2Fz15b2r16,open,,"abril 8, 1933|~|1933-04-08",1933-04-08,,36 pages,journals,spa,Universidad del Aire|~|Radio Salas C.M.B.Z y C.O.B.Z,Havana (Cuba),"Editorial Minerva, La Habana (Cuba)",Instituto de Historia de Cuba,International Digital Ephemera Project,text,unknown,"http://www.ihc.cu/, webmaster@ihc.cu",paged,"Mañach, Jorge, Dr.",Cuba--politics and government--1933-1959|~|Radio programs--Cuba--Havana--Periodicals,no. 13,https://iiif.library.ucla.edu/ark%3A%2F21198%2Fz1c568b3/manifest
Work,ark:/21198/z17d5hp8,ark:/21198/z1hn2jw4,1933-04-15,ihc_udelaire_19330415,,,https://iiif.library.ucla.edu/iiif/2/ark%3A%2F21198%2Fz1hf0jb4,open,,"abril 15, 1933|~|1933-04-15",1933-04-15,,36 pages,journals,spa,Universidad del Aire|~|Radio Salas C.M.B.Z y C.O.B.Z,Havana (Cuba),"Editorial Minerva, La Habana (Cuba)",Instituto de Historia de Cuba,International Digital Ephemera Project,text,unknown,"http://www.ihc.cu/, webmaster@ihc.cu",paged,"Mañach, Jorge, Dr.",Cuba--politics and government--1933-1959|~|Radio programs--Cuba--Havana--Periodicals,no. 14,https://iiif.library.ucla.edu/ark%3A%2F21198%2Fz17d5hp8/manifest
Work,ark:/21198/z13n4rx3,ark:/21198/z1hn2jw4,1933-04-22,ihc_udelaire_19330422,,,https://iiif.library.ucla.edu/iiif/2/ark%3A%2F21198%2Fz1vm71x1,open,,"abril 22, 1933|~|1933-04-22",1933-04-22,,36 pages,journals,spa,Universidad del Aire|~|Radio Salas C.M.B.Z y C.O.B.Z,Havana (Cuba),"Editorial Minerva, La Habana (Cuba)",Instituto de Historia de Cuba,International Digital Ephemera Project,text,unknown,"http://www.ihc.cu/, webmaster@ihc.cu",paged,"Mañach, Jorge, Dr.",Cuba--politics and government--1933-1959|~|Radio programs--Cuba--Havana--Periodicals,no. 15,https://iiif.library.ucla.edu/ark%3A%2F21198%2Fz13n4rx3/manifest
Work,ark:/21198/z1zw48gn,ark:/21198/z1hn2jw4,1933-04-29,ihc_udelaire_19330429,,,https://iiif.library.ucla.edu/iiif/2/ark%3A%2F21198%2Fz16q4kw6,open,,"abril 29, 1933|~|1933-04-29",1933-04-29,,36 pages,journals,spa,Universidad del Aire|~|Radio Salas C.M.B.Z y C.O.B.Z,Havana (Cuba),"Editorial Minerva, La Habana (Cuba)",Instituto de Historia de Cuba,International Digital Ephemera Project,text,unknown,"http://www.ihc.cu/, webmaster@ihc.cu",paged,"Mañach, Jorge, Dr.",Cuba--politics and government--1933-1959|~|Radio programs--Cuba--Havana--Periodicals,no. 16,https://iiif.library.ucla.edu/ark%3A%2F21198%2Fz1zw48gn/manifest
Work,ark:/21198/z1v7274h,ark:/21198/z1hn2jw4,1933-05-06,ihc_udelaire_19330506,,,https://iiif.library.ucla.edu/iiif/2/ark%3A%2F21198%2Fz1jt2d19,open,,"mayo 6, 1933|~|1933-05-06",1933-05-06,,36 pages,journals,spa,Universidad del Aire|~|Radio Salas C.M.B.Z y C.O.B.Z,Havana (Cuba),"Editorial Minerva, La Habana (Cuba)",Instituto de Historia de Cuba,International Digital Ephemera Project,text,unknown,"http://www.ihc.cu/, webmaster@ihc.cu",paged,"Mañach, Jorge, Dr.",Cuba--politics and government--1933-1959|~|Radio programs--Cuba--Havana--Periodicals,no. 17,https://iiif.library.ucla.edu/ark%3A%2F21198%2Fz1v7274h/manifest
Work,ark:/21198/z1qg1gf7,ark:/21198/z1hn2jw4,1933-05-13,ihc_udelaire_19330513,,,https://iiif.library.ucla.edu/iiif/2/ark%3A%2F21198%2Fz1wx06b7,open,,"mayo 13, 1933|~|1933-05-13",1933-05-13,,36 pages,journals,spa,Universidad del Aire|~|Radio Salas C.M.B.Z y C.O.B.Z,Havana (Cuba),"Editorial Minerva, La Habana (Cuba)",Instituto de Historia de Cuba,International Digital Ephemera Project,text,unknown,"http://www.ihc.cu/, webmaster@ihc.cu",paged,"Mañach, Jorge, Dr.",Cuba--politics and government--1933-1959|~|Radio programs--Cuba--Havana--Periodicals,no. 18,https://iiif.library.ucla.edu/ark%3A%2F21198%2Fz1qg1gf7/manifest
Work,ark:/21198/z1kq0qnm,ark:/21198/z1hn2jw4,1933-05-20,ihc_udelaire_19330520,,,https://iiif.library.ucla.edu/iiif/2/ark%3A%2F21198%2Fz1836fnk,open,,"mayo 20, 1933|~|1933-05-20",1933-05-20,,36 pages,journals,spa,Universidad del Aire|~|Radio Salas C.M.B.Z y C.O.B.Z,Havana (Cuba),"Editorial Minerva, La Habana (Cuba)",Instituto de Historia de Cuba,International Digital Ephemera Project,text,unknown,"http://www.ihc.cu/, webmaster@ihc.cu",paged,"Mañach, Jorge, Dr.",Cuba--politics and government--1933-1959|~|Radio programs--Cuba--Havana--Periodicals,no. 19,https://iiif.library.ucla.edu/ark%3A%2F21198%2Fz1kq0qnm/manifest
Work,ark:/21198/z1fz000k,ark:/21198/z1hn2jw4,1933-05-27,ihc_udelaire_19330527,,,https://iiif.library.ucla.edu/iiif/2/ark%3A%2F21198%2Fz1m647zh,open,,"mayo 27, 1933|~|1933-05-27",1933-05-27,,36 pages,journals,spa,Universidad del Aire|~|Radio Salas C.M.B.Z y C.O.B.Z,Havana (Cuba),"Editorial Minerva, La Habana (Cuba)",Instituto de Historia de Cuba,International Digital Ephemera Project,text,unknown,"http://www.ihc.cu/, webmaster@ihc.cu",paged,"Mañach, Jorge, Dr.",Cuba--politics and government--1933-1959|~|Radio programs--Cuba--Havana--Periodicals,no. 20,https://iiif.library.ucla.edu/ark%3A%2F21198%2Fz1fz000k/manifest
Work,ark:/21198/z1b5978m,ark:/21198/z1hn2jw4,1933-06-03,ihc_udelaire_19330603,,,https://iiif.library.ucla.edu/iiif/2/ark%3A%2F21198%2Fz1z9223m,open,,"junio 3, 1933|~|1933-06-03",1933-06-03,,30 pages,journals,spa,Universidad del Aire|~|Radio Salas C.M.B.Z y C.O.B.Z,Havana (Cuba),"Editorial Minerva, La Habana (Cuba)",Instituto de Historia de Cuba,International Digital Ephemera Project,text,unknown,"http://www.ihc.cu/, webmaster@ihc.cu",paged,"Mañach, Jorge, Dr.",Cuba--politics and government--1933-1959|~|Radio programs--Cuba--Havana--Periodicals,no. 21,https://iiif.library.ucla.edu/ark%3A%2F21198%2Fz1b5978m/manifest
Work,ark:/21198/z16d8gjw,ark:/21198/z1hn2jw4,1933-06-17,ihc_udelaire_19330617,,,https://iiif.library.ucla.edu/iiif/2/ark%3A%2F21198%2Fz12v54rj,open,,"junio 17, 1933|~|1933-06-17",1933-06-17,,42 pages,journals,spa,Universidad del Aire|~|Radio Salas C.M.B.Z y C.O.B.Z,Havana (Cuba),"Editorial Minerva, La Habana (Cuba)",Instituto de Historia de Cuba,International Digital Ephemera Project,text,unknown,"http://www.ihc.cu/, webmaster@ihc.cu",paged,"Mañach, Jorge, Dr.",Cuba--politics and government--1933-1959|~|Radio programs--Cuba--Havana--Periodicals,no. 22,https://iiif.library.ucla.edu/ark%3A%2F21198%2Fz16d8gjw/manifest
Work,ark:/21198/z12n7qt5,ark:/21198/z1hn2jw4,1933-06-24,ihc_udelaire_19330624,,,https://iiif.library.ucla.edu/iiif/2/ark%3A%2F21198%2Fz1ng7d98,open,,"junio 24, 1933|~|1933-06-24",1933-06-24,,36 pages,journals,spa,Universidad del Aire|~|Radio Salas C.M.B.Z y C.O.B.Z,Havana (Cuba),"Editorial Minerva, La Habana (Cuba)",Instituto de Historia de Cuba,International Digital Ephemera Project,text,unknown,"http://www.ihc.cu/, webmaster@ihc.cu",paged,"Mañach, Jorge, Dr.",Cuba--politics and government--1933-1959|~|Radio programs--Cuba--Havana--Periodicals,no. 23,https://iiif.library.ucla.edu/ark%3A%2F21198%2Fz12n7qt5/manifest
Work,ark:/21198/z1z05xpm,ark:/21198/z1hn2jw4,1933-07-01,ihc_udelaire_19330701,,,https://iiif.library.ucla.edu/iiif/2/ark%3A%2F21198%2Fz10p3npr,open,,"julio 1, 1933|~|1933-07-01",1933-07-01,,38 pages,journals,spa,Universidad del Aire|~|Radio Salas C.M.B.Z y C.O.B.Z,Havana (Cuba),"Editorial Minerva, La Habana (Cuba)",Instituto de Historia de Cuba,International Digital Ephemera Project,text,unknown,"http://www.ihc.cu/, webmaster@ihc.cu",paged,"Mañach, Jorge, Dr.",Cuba--politics and government--1933-1959|~|Radio programs--Cuba--Havana--Periodicals,no. 24,https://iiif.library.ucla.edu/ark%3A%2F21198%2Fz1z05xpm/manifest
Work,ark:/21198/z1t75604,ark:/21198/z1hn2jw4,1933-07-08,ihc_udelaire_19330708,,,https://iiif.library.ucla.edu/iiif/2/ark%3A%2F21198%2Fz1379zc5,open,,"julio 8, 1933|~|1933-07-08",1933-07-08,,40 pages,journals,spa,Universidad del Aire|~|Radio Salas C.M.B.Z y C.O.B.Z,Havana (Cuba),"Editorial Minerva, La Habana (Cuba)",Instituto de Historia de Cuba,International Digital Ephemera Project,text,unknown,"http://www.ihc.cu/, webmaster@ihc.cu",paged,"Mañach, Jorge, Dr.",Cuba--politics and government--1933-1959|~|Radio programs--Cuba--Havana--Periodicals,no. 25,https://iiif.library.ucla.edu/ark%3A%2F21198%2Fz1t75604/manifest
Work,ark:/21198/z1pg4f6h,ark:/21198/z1hn2jw4,1933-07-15,ihc_udelaire_19330715,,,https://iiif.library.ucla.edu/iiif/2/ark%3A%2F21198%2Fz1xd3qc5,open,,"julio 15, 1933|~|1933-07-15",1933-07-15,,36 pages,journals,spa,Universidad del Aire|~|Radio Salas C.M.B.Z y C.O.B.Z,Havana (Cuba),"Editorial Minerva, La Habana (Cuba)",Instituto de Historia de Cuba,International Digital Ephemera Project,text,unknown,"http://www.ihc.cu/, webmaster@ihc.cu",paged,"Mañach, Jorge, Dr.",Cuba--politics and government--1933-1959|~|Radio programs--Cuba--Havana--Periodicals,no. 26,https://iiif.library.ucla.edu/ark%3A%2F21198%2Fz1pg4f6h/manifest
Work,ark:/21198/z1jq3ph7,ark:/21198/z1hn2jw4,1933-07-22,ihc_udelaire_19330722,,,https://iiif.library.ucla.edu/iiif/2/ark%3A%2F21198%2Fz18h18c5,open,,"julio 22, 1933|~|1933-07-22",1933-07-22,,38 pages,journals,spa,Universidad del Aire|~|Radio Salas C.M.B.Z y C.O.B.Z,Havana (Cuba),"Editorial Minerva, La Habana (Cuba)",Instituto de Historia de Cuba,International Digital Ephemera Project,text,unknown,"http://www.ihc.cu/, webmaster@ihc.cu",paged,"Mañach, Jorge, Dr.",Cuba--politics and government--1933-1959|~|Radio programs--Cuba--Havana--Periodicals,no. 27,https://iiif.library.ucla.edu/ark%3A%2F21198%2Fz1jq3ph7/manifest
Work,ark:/21198/z1dz2xvd,ark:/21198/z1hn2jw4,1933-07-29,ihc_udelaire_19330729,,,https://iiif.library.ucla.edu/iiif/2/ark%3A%2F21198%2Fz1c568hb,open,,"julio 29, 1933|~|1933-07-29",1933-07-29,,36 pages,journals,spa,Universidad del Aire|~|Radio Salas C.M.B.Z y C.O.B.Z,Havana (Cuba),"Editorial Minerva, La Habana (Cuba)",Instituto de Historia de Cuba,International Digital Ephemera Project,text,unknown,"http://www.ihc.cu/, webmaster@ihc.cu",paged,"Mañach, Jorge, Dr.",Cuba--politics and government--1933-1959|~|Radio programs--Cuba--Havana--Periodicals,no. 28,https://iiif.library.ucla.edu/ark%3A%2F21198%2Fz1dz2xvd/manifest
Work,ark:/21198/z196263b,ark:/21198/z1hn2jw4,1933-08-05,ihc_udelaire_19330805,,,https://iiif.library.ucla.edu/iiif/2/ark%3A%2F21198%2Fz1q842t8,open,,"agosto 5, 1933|~|1933-08-05",1933-08-05,,36 pages,journals,spa,Universidad del Aire|~|Radio Salas C.M.B.Z y C.O.B.Z,Havana (Cuba),"Editorial Minerva, La Habana (Cuba)",Instituto de Historia de Cuba,International Digital Ephemera Project,text,unknown,"http://www.ihc.cu/, webmaster@ihc.cu",paged,"Mañach, Jorge, Dr.",Cuba--politics and government--1933-1959|~|Radio programs--Cuba--Havana--Periodicals,no. 29,https://iiif.library.ucla.edu/ark%3A%2F21198%2Fz196263b/manifest
Work,ark:/21198/z15f1ffh,ark:/21198/z1hn2jw4,1933-08-26,ihc_udelaire_19330826,,,https://iiif.library.ucla.edu/iiif/2/ark%3A%2F21198%2Fz12c1mqj,open,,"agosto 26, 1933|~|1933-08-26",1933-08-26,,32 pages,journals,spa,Universidad del Aire|~|Radio Salas C.M.B.Z y C.O.B.Z,Havana (Cuba),"Editorial Minerva, La Habana (Cuba)",Instituto de Historia de Cuba,International Digital Ephemera Project,text,unknown,"http://www.ihc.cu/, webmaster@ihc.cu",paged,"Mañach, Jorge, Dr.",Cuba--politics and government--1933-1959|~|Radio programs--Cuba--Havana--Periodicals,no. 30,https://iiif.library.ucla.edu/ark%3A%2F21198%2Fz15f1ffh/manifest
Work,ark:/21198/z11r9d22,ark:/21198/z1hn2jw4,1933-09-02,ihc_udelaire_19330902,,,https://iiif.library.ucla.edu/iiif/2/ark%3A%2F21198%2Fz1xh2dvc,open,,"septiembre 2, 1933|~|1933-09-02",1933-09-02,,36 pages,journals,spa,Universidad del Aire|~|Radio Salas C.M.B.Z y C.O.B.Z,Havana (Cuba),"Editorial Minerva, La Habana (Cuba)",Instituto de Historia de Cuba,International Digital Ephemera Project,text,unknown,"http://www.ihc.cu/, webmaster@ihc.cu",paged,"Mañach, Jorge, Dr.",Cuba--politics and government--1933-1959|~|Radio programs--Cuba--Havana--Periodicals,no. 31,https://iiif.library.ucla.edu/ark%3A%2F21198%2Fz11r9d22/manifest
Work,ark:/21198/z1x08wkp,ark:/21198/z1hn2jw4,1933-09-09,ihc_udelaire_19330909,,,https://iiif.library.ucla.edu/iiif/2/ark%3A%2F21198%2Fz18k9zsj,open,,"septiembre 9, 1933|~|1933-09-09",1933-09-09,,36 pages,journals,spa,Universidad del Aire|~|Radio Salas C.M.B.Z y C.O.B.Z,Havana (Cuba),"Editorial Minerva, La Habana (Cuba)",Instituto de Historia de Cuba,International Digital Ephemera Project,text,unknown,"http://www.ihc.cu/, webmaster@ihc.cu",paged,"Mañach, Jorge, Dr.",Cuba--politics and government--1933-1959|~|Radio programs--Cuba--Havana--Periodicals,no. 32,https://iiif.library.ucla.edu/ark%3A%2F21198%2Fz1x08wkp/manifest
Work,ark:/21198/z1s784tw,ark:/21198/z1hn2jw4,1933-09-16,ihc_udelaire_19330916,,,https://iiif.library.ucla.edu/iiif/2/ark%3A%2F21198%2Fz1mp7rzp,open,,"septiembre 16, 1933|~|1933-09-16",1933-09-16,,36 pages,journals,spa,Universidad del Aire|~|Radio Salas C.M.B.Z y C.O.B.Z,Havana (Cuba),"Editorial Minerva, La Habana (Cuba)",Instituto de Historia de Cuba,International Digital Ephemera Project,text,unknown,"http://www.ihc.cu/, webmaster@ihc.cu",paged,"Mañach, Jorge, Dr.",Cuba--politics and government--1933-1959|~|Radio programs--Cuba--Havana--Periodicals,no. 33,https://iiif.library.ucla.edu/ark%3A%2F21198%2Fz1s784tw/manifest
Work,ark:/21198/z1ng7d41,ark:/21198/z1hn2jw4,1933-09-23,ihc_udelaire_19330923,,,https://iiif.library.ucla.edu/iiif/2/ark%3A%2F21198%2Fz1zw48nw,open,,"septiembre 23, 1933|~|1933-09-23",1933-09-23,,36 pages,journals,spa,Universidad del Aire|~|Radio Salas C.M.B.Z y C.O.B.Z,Havana (Cuba),"Editorial Minerva, La Habana (Cuba)",Instituto de Historia de Cuba,International Digital Ephemera Project,text,unknown,"http://www.ihc.cu/, webmaster@ihc.cu",paged,"Mañach, Jorge, Dr.",Cuba--politics and government--1933-1959|~|Radio programs--Cuba--Havana--Periodicals,no. 34,https://iiif.library.ucla.edu/ark%3A%2F21198%2Fz1ng7d41/manifest
Work,ark:/21198/z1hq6nfr,ark:/21198/z1hn2jw4,1933-09-30,ihc_udelaire_19330930,,,https://iiif.library.ucla.edu/iiif/2/ark%3A%2F21198%2Fz1b01tkx,open,,"septiembre 30, 1933|~|1933-09-30",1933-09-30,,36 pages,journals,spa,Universidad del Aire|~|Radio Salas C.M.B.Z y C.O.B.Z,Havana (Cuba),"Editorial Minerva, La Habana (Cuba)",Instituto de Historia de Cuba,International Digital Ephemera Project,text,unknown,"http://www.ihc.cu/, webmaster@ihc.cu",paged,"Mañach, Jorge, Dr.",Cuba--politics and government--1933-1959|~|Radio programs--Cuba--Havana--Periodicals,no. 35,https://iiif.library.ucla.edu/ark%3A%2F21198%2Fz1hq6nfr/manifest
Work,ark:/21198/z1cz5wq1,ark:/21198/z1hn2jw4,1933-10-07,ihc_udelaire_19331007,,,https://iiif.library.ucla.edu/iiif/2/ark%3A%2F21198%2Fz1p29mvv,open,,"octubre 7, 1933|~|1933-10-07",1933-10-07,,36 pages,journals,spa,Universidad del Aire|~|Radio Salas C.M.B.Z y C.O.B.Z,Havana (Cuba),"Editorial Minerva, La Habana (Cuba)",Instituto de Historia de Cuba,International Digital Ephemera Project,text,unknown,"http://www.ihc.cu/, webmaster@ihc.cu",paged,"Mañach, Jorge, Dr.",Cuba--politics and government--1933-1959|~|Radio programs--Cuba--Havana--Periodicals,no. 36,https://iiif.library.ucla.edu/ark%3A%2F21198%2Fz1cz5wq1/manifest
Work,ark:/21198/z186550d,ark:/21198/z1hn2jw4,1933-10-14,ihc_udelaire_19331014,,,https://iiif.library.ucla.edu/iiif/2/ark%3A%2F21198%2Fz11575sz,open,,"octubre 14, 1933|~|1933-10-14",1933-10-14,,36 pages,journals,spa,Universidad del Aire|~|Radio Salas C.M.B.Z y C.O.B.Z,Havana (Cuba),"Editorial Minerva, La Habana (Cuba)",Instituto de Historia de Cuba,International Digital Ephemera Project,text,unknown,"http://www.ihc.cu/, webmaster@ihc.cu",paged,"Mañach, Jorge, Dr.",Cuba--politics and government--1933-1959|~|Radio programs--Cuba--Havana--Periodicals,no. 37,https://iiif.library.ucla.edu/ark%3A%2F21198%2Fz186550d/manifest
Work,ark:/21198/z14j33p0,ark:/21198/z1hn2jw4,1933-10-21,ihc_udelaire_19331021,,,https://iiif.library.ucla.edu/iiif/2/ark%3A%2F21198%2Fz1c8501d,open,,"octubre 21, 1933|~|1933-10-21",1933-10-21,,36 pages,journals,spa,Universidad del Aire|~|Radio Salas C.M.B.Z y C.O.B.Z,Havana (Cuba),"Editorial Minerva, La Habana (Cuba)",Instituto de Historia de Cuba,International Digital Ephemera Project,text,unknown,"http://www.ihc.cu/, webmaster@ihc.cu",paged,"Mañach, Jorge, Dr.",Cuba--politics and government--1933-1959|~|Radio programs--Cuba--Havana--Periodicals,no. 38,https://iiif.library.ucla.edu/ark%3A%2F21198%2Fz14j33p0/manifest
Work,ark:/21198/z10s2bz8,ark:/21198/z1hn2jw4,1933-10-28,ihc_udelaire_19331028,,,https://iiif.library.ucla.edu/iiif/2/ark%3A%2F21198%2Fz1qg1gmg,open,,"octubre 28, 1933|~|1933-10-28",1933-10-28,,36 pages,journals,spa,Universidad del Aire|~|Radio Salas C.M.B.Z y C.O.B.Z,Havana (Cuba),"Editorial Minerva, La Habana (Cuba)",Instituto de Historia de Cuba,International Digital Ephemera Project,text,unknown,"http://www.ihc.cu/, webmaster@ihc.cu",paged,"Mañach, Jorge, Dr.",Cuba--politics and government--1933-1959|~|Radio programs--Cuba--Havana--Periodicals,no. 39,https://iiif.library.ucla.edu/ark%3A%2F21198%2Fz10s2bz8/manifest
Work,ark:/21198/z1w11vdd,ark:/21198/z1hn2jw4,1933-11-04,ihc_udelaire_19331104,,,https://iiif.library.ucla.edu/iiif/2/ark%3A%2F21198%2Fz12j91j1,open,,"noviembre 4, 1933|~|1933-11-04",1933-11-04,,36 pages,journals,spa,Universidad del Aire|~|Radio Salas C.M.B.Z y C.O.B.Z,Havana (Cuba),"Editorial Minerva, La Habana (Cuba)",Instituto de Historia de Cuba,International Digital Ephemera Project,text,unknown,"http://www.ihc.cu/, webmaster@ihc.cu",paged,"Mañach, Jorge, Dr.",Cuba--politics and government--1933-1959|~|Radio programs--Cuba--Havana--Periodicals,no. 40,https://iiif.library.ucla.edu/ark%3A%2F21198%2Fz1w11vdd/manifest
Work,ark:/21198/z1r813rz,ark:/21198/z1hn2jw4,1949-03-01,ihc_udelaire_194903_segunda,,,https://iiif.library.ucla.edu/iiif/2/ark%3A%2F21198%2Fz1vt4fxx,open,segunda edición,marzo de 1949|~|1949-03,1949-03,,58 pages,journals,spa,Universidad del Aire|~|Circuito CMQ Radiocentro Habana,Havana (Cuba),"Editorial Lex, La Habana (Cuba)",Instituto de Historia de Cuba,International Digital Ephemera Project,text,unknown,"http://www.ihc.cu/, webmaster@ihc.cu",paged,"Mañach, Jorge, Dr.",Cuba--politics and government--1933-1959|~|Radio programs--Cuba--Havana--Periodicals,no. 02,https://iiif.library.ucla.edu/ark%3A%2F21198%2Fz1r813rz/manifest
Work,ark:/21198/z1mh0c1n,ark:/21198/z1hn2jw4,1949-04-01,ihc_udelaire_194904,,,https://iiif.library.ucla.edu/iiif/2/ark%3A%2F21198%2Fz1ck138c,open,,abril de 1949|~|1949-04,1949-04,,60 pages,journals,spa,Universidad del Aire|~|Circuito CMQ Radiocentro Habana,Havana (Cuba),"Editorial Lex, La Habana (Cuba)",Instituto de Historia de Cuba,International Digital Ephemera Project,text,unknown,"http://www.ihc.cu/, webmaster@ihc.cu",paged,"Mañach, Jorge, Dr.",Cuba--politics and government--1933-1959|~|Radio programs--Cuba--Havana--Periodicals,no. 03,https://iiif.library.ucla.edu/ark%3A%2F21198%2Fz1mh0c1n/manifest
Work,ark:/21198/z1gq9mbt,ark:/21198/z1hn2jw4,1949-05-01,ihc_udelaire_194905,,,https://iiif.library.ucla.edu/iiif/2/ark%3A%2F21198%2Fz1ms6gk3,open,,mayo de 1949|~|1949-05,1949-05,,60 pages,journals,spa,Universidad del Aire|~|Circuito CMQ Radiocentro Habana,Havana (Cuba),"Editorial Lex, La Habana (Cuba)",Instituto de Historia de Cuba,International Digital Ephemera Project,text,unknown,"http://www.ihc.cu/, webmaster@ihc.cu",paged,"Mañach, Jorge, Dr.",Cuba--politics and government--1933-1959|~|Radio programs--Cuba--Havana--Periodicals,no. 04,https://iiif.library.ucla.edu/ark%3A%2F21198%2Fz1gq9mbt/manifest
Work,ark:/21198/z1c27k0p,ark:/21198/z1hn2jw4,1949-06-01,ihc_udelaire_194906,,,https://iiif.library.ucla.edu/iiif/2/ark%3A%2F21198%2Fz1vx35bn,open,,junio de 1949|~|1949-06,1949-06,,72 pages,journals,spa,Universidad del Aire|~|Circuito CMQ Radiocentro Habana,Havana (Cuba),"Editorial Lex, La Habana (Cuba)",Instituto de Historia de Cuba,International Digital Ephemera Project,text,unknown,"http://www.ihc.cu/, webmaster@ihc.cu",paged,"Mañach, Jorge, Dr.",Cuba--politics and government--1933-1959|~|Radio programs--Cuba--Havana--Periodicals,no. 05,https://iiif.library.ucla.edu/ark%3A%2F21198%2Fz1c27k0p/manifest
Work,ark:/21198/z1796t7h,ark:/21198/z1hn2jw4,1949-07-01,ihc_udelaire_194907,,,https://iiif.library.ucla.edu/iiif/2/ark%3A%2F21198%2Fz1k676zx,open,,julio de 1949|~|1949-07,1949-07,,48 pages,journals,spa,Universidad del Aire|~|Circuito CMQ Radiocentro Habana,Havana (Cuba),"Editorial Lex, La Habana (Cuba)",Instituto de Historia de Cuba,International Digital Ephemera Project,text,unknown,"http://www.ihc.cu/, webmaster@ihc.cu",paged,"Mañach, Jorge, Dr.",Cuba--politics and government--1933-1959|~|Radio programs--Cuba--Havana--Periodicals,no. 06,https://iiif.library.ucla.edu/ark%3A%2F21198%2Fz1796t7h/manifest
Work,ark:/21198/z13j62jm,ark:/21198/z1hn2jw4,1949-08-01,ihc_udelaire_194908,,,https://iiif.library.ucla.edu/iiif/2/ark%3A%2F21198%2Fz1cc3pk4,open,,agosto de 1949|~|1949-08,1949-08,,68 pages,journals,spa,Universidad del Aire|~|Circuito CMQ Radiocentro Habana,Havana (Cuba),"Editorial Lex, La Habana (Cuba)",Instituto de Historia de Cuba,International Digital Ephemera Project,text,unknown,"http://www.ihc.cu/, webmaster@ihc.cu",paged,"Mañach, Jorge, Dr.",Cuba--politics and government--1933-1959|~|Radio programs--Cuba--Havana--Periodicals,no. 07,https://iiif.library.ucla.edu/ark%3A%2F21198%2Fz13j62jm/manifest
Work,ark:/21198/z1zs5k1w,ark:/21198/z1hn2jw4,1949-09-01,ihc_udelaire_194909,,,https://iiif.library.ucla.edu/iiif/2/ark%3A%2F21198%2Fz1km21n2,open,,septiembre de 1949|~|1949-09,1949-09,,72 pages,journals,spa,Universidad del Aire|~|Circuito CMQ Radiocentro Habana,Havana (Cuba),"Editorial Lex, La Habana (Cuba)",Instituto de Historia de Cuba,International Digital Ephemera Project,text,unknown,"http://www.ihc.cu/, webmaster@ihc.cu",paged,"Mañach, Jorge, Dr.",Cuba--politics and government--1933-1959|~|Radio programs--Cuba--Havana--Periodicals,no. 08,https://iiif.library.ucla.edu/ark%3A%2F21198%2Fz1zs5k1w/manifest
Work,ark:/21198/z1v14tbx,ark:/21198/z1hn2jw4,1949-10-01,ihc_udelaire_194910,,,https://iiif.library.ucla.edu/iiif/2/ark%3A%2F21198%2Fz18s7crc,open,,octubre de 1949|~|1949-10,1949-10,,56 pages,journals,spa,Universidad del Aire|~|Circuito CMQ Radiocentro Habana,Havana (Cuba),"Editorial Lex, La Habana (Cuba)",Instituto de Historia de Cuba,International Digital Ephemera Project,text,unknown,"http://www.ihc.cu/, webmaster@ihc.cu",paged,"Mañach, Jorge, Dr.",Cuba--politics and government--1933-1959|~|Radio programs--Cuba--Havana--Periodicals,no. 09,https://iiif.library.ucla.edu/ark%3A%2F21198%2Fz1v14tbx/manifest
Work,ark:/21198/z1q842n1,ark:/21198/z1hn2jw4,1949-11-01,ihc_udelaire_194911,,,https://iiif.library.ucla.edu/iiif/2/ark%3A%2F21198%2Fz11z6t76,open,,noviembre de 1949|~|1949-11,1949-11,,64 pages,journals,spa,Universidad del Aire|~|Circuito CMQ Radiocentro Habana,Havana (Cuba),"Editorial Lex, La Habana (Cuba)",Instituto de Historia de Cuba,International Digital Ephemera Project,text,unknown,"http://www.ihc.cu/, webmaster@ihc.cu",paged,"Mañach, Jorge, Dr.",Cuba--politics and government--1933-1959|~|Radio programs--Cuba--Havana--Periodicals,no. 10,https://iiif.library.ucla.edu/ark%3A%2F21198%2Fz1q842n1/manifest
Work,ark:/21198/z1kh39wv,ark:/21198/z1hn2jw4,1949-12-01,ihc_udelaire_194912,,,https://iiif.library.ucla.edu/iiif/2/ark%3A%2F21198%2Fz1s49fvd,open,,diciembre de 1949|~|1949-12,1949-12,,108 pages,journals,spa,Universidad del Aire|~|Circuito CMQ Radiocentro Habana,Havana (Cuba),"Editorial Lex, La Habana (Cuba)",Instituto de Historia de Cuba,International Digital Ephemera Project,text,unknown,"http://www.ihc.cu/, webmaster@ihc.cu",paged,"Mañach, Jorge, Dr.",Cuba--politics and government--1933-1959|~|Radio programs--Cuba--Havana--Periodicals,no. 11,https://iiif.library.ucla.edu/ark%3A%2F21198%2Fz1kh39wv/manifest
Work,ark:/21198/z1fv18jd,ark:/21198/z1hn2jw4,1949-12-01 (segunda),ihc_udelaire_194912_segunda,,,https://iiif.library.ucla.edu/iiif/2/ark%3A%2F21198%2Fz1tj19j4,open,segunda edición,diciembre de 1949|~|1949-12,1949-12,,68 pages,journals,spa,Universidad del Aire|~|Circuito CMQ Radiocentro Habana,Havana (Cuba),"Editorial Lex, La Habana (Cuba)",Instituto de Historia de Cuba,International Digital Ephemera Project,text,unknown,"http://www.ihc.cu/, webmaster@ihc.cu",paged,"Mañach, Jorge, Dr.",Cuba--politics and government--1933-1959|~|Radio programs--Cuba--Havana--Periodicals,no. 01,https://iiif.library.ucla.edu/ark%3A%2F21198%2Fz1fv18jd/manifest
Work,ark:/21198/z1b30hvf,ark:/21198/z1hn2jw4,1950-01-01,ihc_udelaire_195001,,,https://iiif.library.ucla.edu/iiif/2/ark%3A%2F21198%2Fz11r9df0,open,,enero de 1950|~|1950-01,1950-01,,68 pages,journals,spa,Universidad del Aire|~|Circuito CMQ Radiocentro Habana,Havana (Cuba),"Editorial Lex, La Habana (Cuba)",Instituto de Historia de Cuba,International Digital Ephemera Project,text,unknown,"http://www.ihc.cu/, webmaster@ihc.cu",paged,"Mañach, Jorge, Dr.",Cuba--politics and government--1933-1959|~|Radio programs--Cuba--Havana--Periodicals,no. 12,https://iiif.library.ucla.edu/ark%3A%2F21198%2Fz1b30hvf/manifest
Work,ark:/21198/z1699s34,ark:/21198/z1hn2jw4,1950-02-01,ihc_udelaire_195002,,,https://iiif.library.ucla.edu/iiif/2/ark%3A%2F21198%2Fz1807rj9,open,,febrero de 1950|~|1950-02,1950-02,,88 pages,journals,spa,Universidad del Aire|~|Circuito CMQ Radiocentro Habana,Havana (Cuba),"Editorial Lex, La Habana (Cuba)",Instituto de Historia de Cuba,International Digital Ephemera Project,text,unknown,"http://www.ihc.cu/, webmaster@ihc.cu",paged,"Mañach, Jorge, Dr.",Cuba--politics and government--1933-1959|~|Radio programs--Cuba--Havana--Periodicals,no. 13,https://iiif.library.ucla.edu/ark%3A%2F21198%2Fz1699s34/manifest
Work,ark:/21198/z12j91bb,ark:/21198/z1hn2jw4,1950-03-01,ihc_udelaire_195003,,,https://iiif.library.ucla.edu/iiif/2/ark%3A%2F21198%2Fz1w9801j,open,,marzo de 1950|~|1950-03,1950-03,,88 pages,journals,spa,Universidad del Aire|~|Circuito CMQ Radiocentro Habana,Havana (Cuba),"Editorial Lex, La Habana (Cuba)",Instituto de Historia de Cuba,International Digital Ephemera Project,text,unknown,"http://www.ihc.cu/, webmaster@ihc.cu",paged,"Mañach, Jorge, Dr.",Cuba--politics and government--1933-1959|~|Radio programs--Cuba--Havana--Periodicals,no. 15,https://iiif.library.ucla.edu/ark%3A%2F21198%2Fz12j91bb/manifest
Work,ark:/21198/z1xs8hxj,ark:/21198/z1hn2jw4,1950-03-01 (segunda),ihc_udelaire_195003_2,,,https://iiif.library.ucla.edu/iiif/2/ark%3A%2F21198%2Fz1hh97wp,open,potential date misprint,marzo de 1950|~|1950-03,1950-03,,108 pages,journals,spa,Universidad del Aire|~|Circuito CMQ Radiocentro Habana,Havana (Cuba),"Editorial Lex, La Habana (Cuba)",Instituto de Historia de Cuba,International Digital Ephemera Project,text,unknown,"http://www.ihc.cu/, webmaster@ihc.cu",paged,"Mañach, Jorge, Dr.",Cuba--politics and government--1933-1959|~|Radio programs--Cuba--Havana--Periodicals,no. 14,https://iiif.library.ucla.edu/ark%3A%2F21198%2Fz1xs8hxj/manifest
Work,ark:/21198/z1t17s6j,ark:/21198/z1hn2jw4,1950-04-01,ihc_udelaire_195004,,,https://iiif.library.ucla.edu/iiif/2/ark%3A%2F21198%2Fz1jx13tj,open,,abril de 1950|~|1950-04,1950-04,,92 pages,journals,spa,Universidad del Aire|~|Circuito CMQ Radiocentro Habana,Havana (Cuba),"Editorial Lex, La Habana (Cuba)",Instituto de Historia de Cuba,International Digital Ephemera Project,text,unknown,"http://www.ihc.cu/, webmaster@ihc.cu",paged,"Mañach, Jorge, Dr.",Cuba--politics and government--1933-1959|~|Radio programs--Cuba--Havana--Periodicals,no. 16,https://iiif.library.ucla.edu/ark%3A%2F21198%2Fz1t17s6j/manifest
Work,ark:/21198/z1p871g6,ark:/21198/z1hn2jw4,1950-05-01,ihc_udelaire_195005,,,https://iiif.library.ucla.edu/iiif/2/ark%3A%2F21198%2Fz1p58bdc,open,,mayo de 1950|~|1950-05,1950-05,,104 pages,journals,spa,Universidad del Aire|~|Circuito CMQ Radiocentro Habana,Havana (Cuba),"Editorial Lex, La Habana (Cuba)",Instituto de Historia de Cuba,International Digital Ephemera Project,text,unknown,"http://www.ihc.cu/, webmaster@ihc.cu",paged,"Mañach, Jorge, Dr.",Cuba--politics and government--1933-1959|~|Radio programs--Cuba--Havana--Periodicals,no. 17,https://iiif.library.ucla.edu/ark%3A%2F21198%2Fz1p871g6/manifest
Work,ark:/21198/z1jm506n,ark:/21198/z1hn2jw4,1950-06-01,ihc_udelaire_195006,,,https://iiif.library.ucla.edu/iiif/2/ark%3A%2F21198%2Fz17h47fg,open,,junio de 1950|~|1950-06,1950-06,,84 pages,journals,spa,Universidad del Aire|~|Circuito CMQ Radiocentro Habana,Havana (Cuba),"Editorial Lex, La Habana (Cuba)",Instituto de Historia de Cuba,International Digital Ephemera Project,text,unknown,"http://www.ihc.cu/, webmaster@ihc.cu",paged,"Mañach, Jorge, Dr.",Cuba--politics and government--1933-1959|~|Radio programs--Cuba--Havana--Periodicals,no. 18,https://iiif.library.ucla.edu/ark%3A%2F21198%2Fz1jm506n/manifest
Work,ark:/21198/z1dv47gx,ark:/21198/z1hn2jw4,1950-07-01,ihc_udelaire_195007,,,https://iiif.library.ucla.edu/iiif/2/ark%3A%2F21198%2Fz1cv76nk,open,,julio de 1950|~|1950-07,1950-07,,96 pages,journals,spa,Universidad del Aire|~|Circuito CMQ Radiocentro Habana,Havana (Cuba),"Editorial Lex, La Habana (Cuba)",Instituto de Historia de Cuba,International Digital Ephemera Project,text,unknown,"http://www.ihc.cu/, webmaster@ihc.cu",paged,"Mañach, Jorge, Dr.",Cuba--politics and government--1933-1959|~|Radio programs--Cuba--Havana--Periodicals,no. 19,https://iiif.library.ucla.edu/ark%3A%2F21198%2Fz1dv47gx/manifest
Work,ark:/21198/z1933gq2,ark:/21198/z1hn2jw4,1950-08-01,ihc_udelaire_195008,,,https://iiif.library.ucla.edu/iiif/2/ark%3A%2F21198%2Fz10604xq,open,,agosto de 1950|~|1950-08,1950-08,,104 pages,journals,spa,Universidad del Aire|~|Circuito CMQ Radiocentro Habana,Havana (Cuba),"Editorial Lex, La Habana (Cuba)",Instituto de Historia de Cuba,International Digital Ephemera Project,text,unknown,"http://www.ihc.cu/, webmaster@ihc.cu",paged,"Mañach, Jorge, Dr.",Cuba--politics and government--1933-1959|~|Radio programs--Cuba--Havana--Periodicals,no. 20,https://iiif.library.ucla.edu/ark%3A%2F21198%2Fz1933gq2/manifest
Work,ark:/21198/z15b2qzw,ark:/21198/z1hn2jw4,1950-09-01,ihc_udelaire_195009,,,https://iiif.library.ucla.edu/iiif/2/ark%3A%2F21198%2Fz1jh6958,open,,septiembre de 1950|~|1950-09,1950-09,,96 pages,journals,spa,Universidad del Aire|~|Circuito CMQ Radiocentro Habana,Havana (Cuba),"Editorial Lex, La Habana (Cuba)",Instituto de Historia de Cuba,International Digital Ephemera Project,text,unknown,"http://www.ihc.cu/, webmaster@ihc.cu",paged,"Mañach, Jorge, Dr.",Cuba--politics and government--1933-1959|~|Radio programs--Cuba--Havana--Periodicals,no. 21,https://iiif.library.ucla.edu/ark%3A%2F21198%2Fz15b2qzw/manifest
Work,ark:/21198/z11k209v,ark:/21198/z1hn2jw4,1950-10-01,ihc_udelaire_195010,,,https://iiif.library.ucla.edu/iiif/2/ark%3A%2F21198%2Fz14t97cn,open,,octubre de 1950|~|1950-10,1950-10,,104 pages,journals,spa,Universidad del Aire|~|Circuito CMQ Radiocentro Habana,Havana (Cuba),"Editorial Lex, La Habana (Cuba)",Instituto de Historia de Cuba,International Digital Ephemera Project,text,unknown,"http://www.ihc.cu/, webmaster@ihc.cu",paged,"Mañach, Jorge, Dr.",Cuba--politics and government--1933-1959|~|Radio programs--Cuba--Havana--Periodicals,no. 22,https://iiif.library.ucla.edu/ark%3A%2F21198%2Fz11k209v/manifest
Work,ark:/21198/z1wt1gr8,ark:/21198/z1hn2jw4,1950-11-01,ihc_udelaire_195011,,,https://iiif.library.ucla.edu/iiif/2/ark%3A%2F21198%2Fz1q55cmn,open,,noviembre de 1950|~|1950-11,1950-11,,100 pages,journals,spa,Universidad del Aire|~|Circuito CMQ Radiocentro Habana,Havana (Cuba),"Editorial Lex, La Habana (Cuba)",Instituto de Historia de Cuba,International Digital Ephemera Project,text,unknown,"http://www.ihc.cu/, webmaster@ihc.cu",paged,"Mañach, Jorge, Dr.",Cuba--politics and government--1933-1959|~|Radio programs--Cuba--Havana--Periodicals,no. 23,https://iiif.library.ucla.edu/ark%3A%2F21198%2Fz1wt1gr8/manifest
Work,ark:/21198/z1s20r2q,ark:/21198/z1hn2jw4,1950-12-01,ihc_udelaire_195012,,,https://iiif.library.ucla.edu/iiif/2/ark%3A%2F21198%2Fz1sf5k64,open,,diciembre de 1950|~|1950-12,1950-12,,100 pages,journals,spa,Universidad del Aire|~|Circuito CMQ Radiocentro Habana,Havana (Cuba),"Editorial Lex, La Habana (Cuba)",Instituto de Historia de Cuba,International Digital Ephemera Project,text,unknown,"http://www.ihc.cu/, webmaster@ihc.cu",paged,"Mañach, Jorge, Dr.",Cuba--politics and government--1933-1959|~|Radio programs--Cuba--Havana--Periodicals,no. 24,https://iiif.library.ucla.edu/ark%3A%2F21198%2Fz1s20r2q/manifest
Work,ark:/21198/z1nc8ps6,ark:/21198/z1hn2jw4,1951-01-01,ihc_udelaire_195101,,,https://iiif.library.ucla.edu/iiif/2/ark%3A%2F21198%2Fz1vt4g5g,open,,enero de 1951|~|1951-01,1951-01,,100 pages,journals,spa,Universidad del Aire|~|Circuito CMQ Radiocentro Habana,Havana (Cuba),"Editorial Lex, La Habana (Cuba)",Instituto de Historia de Cuba,International Digital Ephemera Project,text,unknown,"http://www.ihc.cu/, webmaster@ihc.cu",paged,"Mañach, Jorge, Dr.",Cuba--politics and government--1933-1959|~|Radio programs--Cuba--Havana--Periodicals,no. 25,https://iiif.library.ucla.edu/ark%3A%2F21198%2Fz1nc8ps6/manifest
Work,ark:/21198/z1hm7z1f,ark:/21198/z1hn2jw4,1951-02-01,ihc_udelaire_195102,,,https://iiif.library.ucla.edu/iiif/2/ark%3A%2F21198%2Fz1z34npz,open,,febrero de 1951|~|1951-02,1951-02,,100 pages,journals,spa,Universidad del Aire|~|Circuito CMQ Radiocentro Habana,Havana (Cuba),"Editorial Lex, La Habana (Cuba)",Instituto de Historia de Cuba,International Digital Ephemera Project,text,unknown,"http://www.ihc.cu/, webmaster@ihc.cu",paged,"Mañach, Jorge, Dr.",Cuba--politics and government--1933-1959|~|Radio programs--Cuba--Havana--Periodicals,no. 26,https://iiif.library.ucla.edu/ark%3A%2F21198%2Fz1hm7z1f/manifest
Work,ark:/21198/z1cv768n,ark:/21198/z1hn2jw4,1951-03-01,ihc_udelaire_195103,,,https://iiif.library.ucla.edu/iiif/2/ark%3A%2F21198%2Fz11g39bc,open,,marzo de 1951|~|1951-03,1951-03,,98 pages,journals,spa,Universidad del Aire|~|Circuito CMQ Radiocentro Habana,Havana (Cuba),"Editorial Lex, La Habana (Cuba)",Instituto de Historia de Cuba,International Digital Ephemera Project,text,unknown,"http://www.ihc.cu/, webmaster@ihc.cu",paged,"Mañach, Jorge, Dr.",Cuba--politics and government--1933-1959|~|Radio programs--Cuba--Havana--Periodicals,no. 27,https://iiif.library.ucla.edu/ark%3A%2F21198%2Fz1cv768n/manifest
Work,ark:/21198/z1836fj7,ark:/21198/z1hn2jw4,1951-04-01,ihc_udelaire_195104,,,https://iiif.library.ucla.edu/iiif/2/ark%3A%2F21198%2Fz1c850bf,open,,abril de 1951|~|1951-04,1951-04,,100 pages,journals,spa,Universidad del Aire|~|Circuito CMQ Radiocentro Habana,Havana (Cuba),"Editorial Lex, La Habana (Cuba)",Instituto de Historia de Cuba,International Digital Ephemera Project,text,unknown,"http://www.ihc.cu/, webmaster@ihc.cu",paged,"Mañach, Jorge, Dr.",Cuba--politics and government--1933-1959|~|Radio programs--Cuba--Havana--Periodicals,no. 28,https://iiif.library.ucla.edu/ark%3A%2F21198%2Fz1836fj7/manifest
Work,ark:/21198/z14b5pvz,ark:/21198/z1hn2jw4,1951-06-01,ihc_udelaire_195106,,,https://iiif.library.ucla.edu/iiif/2/ark%3A%2F21198%2Fz1fj55w2,open,,junio de 1951|~|1951-06,1951-06,,100 pages,journals,spa,Universidad del Aire|~|Circuito CMQ Radiocentro Habana,Havana (Cuba),"Editorial Lex, La Habana (Cuba)",Instituto de Historia de Cuba,International Digital Ephemera Project,text,unknown,"http://www.ihc.cu/, webmaster@ihc.cu",paged,"Mañach, Jorge, Dr.",Cuba--politics and government--1933-1959|~|Radio programs--Cuba--Havana--Periodicals,no. 30,https://iiif.library.ucla.edu/ark%3A%2F21198%2Fz14b5pvz/manifest
Work,ark:/21198/z10k4z4n,ark:/21198/z1hn2jw4,1951-07-01,ihc_udelaire_195107,,,https://iiif.library.ucla.edu/iiif/2/ark%3A%2F21198%2Fz1hx42sh,open,,julio de 1951|~|1951-07,1951-07,,132 pages,journals,spa,Universidad del Aire|~|Circuito CMQ Radiocentro Habana,Havana (Cuba),"Editorial Lex, La Habana (Cuba)",Instituto de Historia de Cuba,International Digital Ephemera Project,text,unknown,"http://www.ihc.cu/, webmaster@ihc.cu",paged,"Mañach, Jorge, Dr.",Cuba--politics and government--1933-1959|~|Radio programs--Cuba--Havana--Periodicals,no. 29,https://iiif.library.ucla.edu/ark%3A%2F21198%2Fz10k4z4n/manifest
Work,ark:/21198/z1vt4fps,ark:/21198/z1hn2jw4,1951-08-01,ihc_udelaire_195108,,,https://iiif.library.ucla.edu/iiif/2/ark%3A%2F21198%2Fz1gb4t5c,open,,agosto de 1951|~|1951-08,1951-08,,132 pages,journals,spa,Universidad del Aire|~|Circuito CMQ Radiocentro Habana,Havana (Cuba),"Editorial Lex, La Habana (Cuba)",Instituto de Historia de Cuba,International Digital Ephemera Project,text,unknown,"http://www.ihc.cu/, webmaster@ihc.cu",paged,"Mañach, Jorge, Dr.",Cuba--politics and government--1933-1959|~|Radio programs--Cuba--Havana--Periodicals,no. 32,https://iiif.library.ucla.edu/ark%3A%2F21198%2Fz1vt4fps/manifest
Work,ark:/21198/z1r52d96,ark:/21198/z1hn2jw4,1951-08-01 (segunda),ihc_udelaire_195108_2,,,https://iiif.library.ucla.edu/iiif/2/ark%3A%2F21198%2Fz1dr5jjw,open,potential date misprint,agosto de 1951|~|1951-08,1951-08,,100 pages,journals,spa,Universidad del Aire|~|Circuito CMQ Radiocentro Habana,Havana (Cuba),"Editorial Lex, La Habana (Cuba)",Instituto de Historia de Cuba,International Digital Ephemera Project,text,unknown,"http://www.ihc.cu/, webmaster@ihc.cu",paged,"Mañach, Jorge, Dr.",Cuba--politics and government--1933-1959|~|Radio programs--Cuba--Havana--Periodicals,no. 31,https://iiif.library.ucla.edu/ark%3A%2F21198%2Fz1r52d96/manifest
Work,ark:/21198/z1md1nmx,ark:/21198/z1hn2jw4,1951-09-01,ihc_udelaire_195109,,,https://iiif.library.ucla.edu/iiif/2/ark%3A%2F21198%2Fz1h44fmw,open,,septiembre de 1951|~|1951-09,1951-09,,108 pages,journals,spa,Universidad del Aire|~|Circuito CMQ Radiocentro Habana,Havana (Cuba),"Editorial Lex, La Habana (Cuba)",Instituto de Historia de Cuba,International Digital Ephemera Project,text,unknown,"http://www.ihc.cu/, webmaster@ihc.cu",paged,"Mañach, Jorge, Dr.",Cuba--politics and government--1933-1959|~|Radio programs--Cuba--Havana--Periodicals,no. 33,https://iiif.library.ucla.edu/ark%3A%2F21198%2Fz1md1nmx/manifest
Work,ark:/21198/z1gn0wt9,ark:/21198/z1hn2jw4,1951-10-01,ihc_udelaire_195110,,,https://iiif.library.ucla.edu/iiif/2/ark%3A%2F21198%2Fz1jd7kwb,open,,octubre de 1951|~|1951-10,1951-10,,116 pages,journals,spa,Universidad del Aire|~|Circuito CMQ Radiocentro Habana,Havana (Cuba),"Editorial Lex, La Habana (Cuba)",Instituto de Historia de Cuba,International Digital Ephemera Project,text,unknown,"http://www.ihc.cu/, webmaster@ihc.cu",paged,"Mañach, Jorge, Dr.",Cuba--politics and government--1933-1959|~|Radio programs--Cuba--Havana--Periodicals,no. 34,https://iiif.library.ucla.edu/ark%3A%2F21198%2Fz1gn0wt9/manifest
Work,ark:/21198/z1bw054t,ark:/21198/z1hn2jw4,1951-11-01,ihc_udelaire_195111,,,https://iiif.library.ucla.edu/iiif/2/ark%3A%2F21198%2Fz1jt2dj1,open,,noviembre de 1951|~|1951-11,1951-11,,100 pages,journals,spa,Universidad del Aire|~|Circuito CMQ Radiocentro Habana,Havana (Cuba),"Editorial Lex, La Habana (Cuba)",Instituto de Historia de Cuba,International Digital Ephemera Project,text,unknown,"http://www.ihc.cu/, webmaster@ihc.cu",paged,"Mañach, Jorge, Dr.",Cuba--politics and government--1933-1959|~|Radio programs--Cuba--Havana--Periodicals,no. 35,https://iiif.library.ucla.edu/ark%3A%2F21198%2Fz1bw054t/manifest
Work,ark:/21198/z13b8np4,ark:/21198/z1hn2jw4,1951-12-01,ihc_udelaire_195112,,,https://iiif.library.ucla.edu/iiif/2/ark%3A%2F21198%2Fz12j9208,open,,diciembre de 1951|~|1951-12,1951-12,,136 pages,journals,spa,Universidad del Aire|~|Circuito CMQ Radiocentro Habana,Havana (Cuba),"Editorial Lex, La Habana (Cuba)",Instituto de Historia de Cuba,International Digital Ephemera Project,text,unknown,"http://www.ihc.cu/, webmaster@ihc.cu",paged,"Mañach, Jorge, Dr.",Cuba--politics and government--1933-1959|~|Radio programs--Cuba--Havana--Periodicals,no. 37,https://iiif.library.ucla.edu/ark%3A%2F21198%2Fz13b8np4/manifest
Work,ark:/21198/z1739df9,ark:/21198/z1hn2jw4,1951-12-01 (segunda),ihc_udelaire_195112_2,,,https://iiif.library.ucla.edu/iiif/2/ark%3A%2F21198%2Fz1n619j4,open,potential date misprint,diciembre de 1951|~|1951-12,1951-12,,100 pages,journals,spa,Universidad del Aire|~|Circuito CMQ Radiocentro Habana,Havana (Cuba),"Editorial Lex, La Habana (Cuba)",Instituto de Historia de Cuba,International Digital Ephemera Project,text,unknown,"http://www.ihc.cu/, webmaster@ihc.cu",paged,"Mañach, Jorge, Dr.",Cuba--politics and government--1933-1959|~|Radio programs--Cuba--Havana--Periodicals,no. 36,https://iiif.library.ucla.edu/ark%3A%2F21198%2Fz1739df9/manifest
Work,ark:/21198/z1zk857p,ark:/21198/z1hn2jw4,1952-01-01,ihc_udelaire_195201,,,https://iiif.library.ucla.edu/iiif/2/ark%3A%2F21198%2Fz14x7z0p,open,,enero de 1952|~|1952-01,1952-01,,97 pages,journals,spa,Universidad del Aire|~|Circuito CMQ Radiocentro Habana,Havana (Cuba),"Editorial Lex, La Habana (Cuba)",Instituto de Historia de Cuba,International Digital Ephemera Project,text,unknown,"http://www.ihc.cu/, webmaster@ihc.cu",paged,"Mañach, Jorge, Dr.",Cuba--politics and government--1933-1959|~|Radio programs--Cuba--Havana--Periodicals,no. 38,https://iiif.library.ucla.edu/ark%3A%2F21198%2Fz1zk857p/manifest
Work,ark:/21198/z1tx63x8,ark:/21198/z1hn2jw4,1952-02-01,ihc_udelaire_195202,,,https://iiif.library.ucla.edu/iiif/2/ark%3A%2F21198%2Fz1mh0cp5,open,,febrero de 1952|~|1952-02,1952-02,,98 pages,journals,spa,Universidad del Aire|~|Circuito CMQ Radiocentro Habana,Havana (Cuba),"Editorial Lex, La Habana (Cuba)",Instituto de Historia de Cuba,International Digital Ephemera Project,text,unknown,"http://www.ihc.cu/, webmaster@ihc.cu",paged,"Mañach, Jorge, Dr.",Cuba--politics and government--1933-1959|~|Radio programs--Cuba--Havana--Periodicals,no. 39,https://iiif.library.ucla.edu/ark%3A%2F21198%2Fz1tx63x8/manifest
Work,ark:/21198/z1q55c5t,ark:/21198/z1hn2jw4,1952-03-01,ihc_udelaire_195203,,,https://iiif.library.ucla.edu/iiif/2/ark%3A%2F21198%2Fz1z922ns,open,,marzo de 1952|~|1952-03,1952-03,,96 pages,journals,spa,Universidad del Aire|~|Circuito CMQ Radiocentro Habana,Havana (Cuba),"Editorial Lex, La Habana (Cuba)",Instituto de Historia de Cuba,International Digital Ephemera Project,text,unknown,"http://www.ihc.cu/, webmaster@ihc.cu",paged,"Mañach, Jorge, Dr.",Cuba--politics and government--1933-1959|~|Radio programs--Cuba--Havana--Periodicals,no. 40,https://iiif.library.ucla.edu/ark%3A%2F21198%2Fz1q55c5t/manifest
Work,ark:/21198/z1kd4mdn,ark:/21198/z1hn2jw4,1952-04-01,ihc_udelaire_195204,,,https://iiif.library.ucla.edu/iiif/2/ark%3A%2F21198%2Fz1jm50v5,open,,abril de 1952|~|1952-04,1952-04,,102 pages,journals,spa,Universidad del Aire|~|Circuito CMQ Radiocentro Habana,Havana (Cuba),"Editorial Lex, La Habana (Cuba)",Instituto de Historia de Cuba,International Digital Ephemera Project,text,unknown,"http://www.ihc.cu/, webmaster@ihc.cu",paged,"Mañach, Jorge, Dr.",Cuba--politics and government--1933-1959|~|Radio programs--Cuba--Havana--Periodicals,no. 41,https://iiif.library.ucla.edu/ark%3A%2F21198%2Fz1kd4mdn/manifest
Work,ark:/21198/z1fn3vpx,ark:/21198/z1hn2jw4,1952-05-01,ihc_udelaire_195205,,,https://iiif.library.ucla.edu/iiif/2/ark%3A%2F21198%2Fz1cg2d9w,open,,mayo de 1952|~|1952-05,1952-05,,120 pages,journals,spa,Universidad del Aire|~|Circuito CMQ Radiocentro Habana,Havana (Cuba),"Editorial Lex, La Habana (Cuba)",Instituto de Historia de Cuba,International Digital Ephemera Project,text,unknown,"http://www.ihc.cu/, webmaster@ihc.cu",paged,"Mañach, Jorge, Dr.",Cuba--politics and government--1933-1959|~|Radio programs--Cuba--Havana--Periodicals,no. 42,https://iiif.library.ucla.edu/ark%3A%2F21198%2Fz1fn3vpx/manifest
Work,ark:/21198/z19w341w,ark:/21198/z1hn2jw4,1952-06-01,ihc_udelaire_195206,,,https://iiif.library.ucla.edu/iiif/2/ark%3A%2F21198%2Fz1vt4gc5,open,,junio de 1952|~|1952-06,1952-06,,86 pages,journals,spa,Universidad del Aire|~|Circuito CMQ Radiocentro Habana,Havana (Cuba),"Editorial Lex, La Habana (Cuba)",Instituto de Historia de Cuba,International Digital Ephemera Project,text,unknown,"http://www.ihc.cu/, webmaster@ihc.cu",paged,"Mañach, Jorge, Dr.",Cuba--politics and government--1933-1959|~|Radio programs--Cuba--Havana--Periodicals,no. 43,https://iiif.library.ucla.edu/ark%3A%2F21198%2Fz19w341w/manifest
Work,ark:/21198/z1642c7k,ark:/21198/z1hn2jw4,1952-07-01,ihc_udelaire_195207,,,https://iiif.library.ucla.edu/iiif/2/ark%3A%2F21198%2Fz1rn5z33,open,,julio de 1952|~|1952-07,1952-07,,80 pages,journals,spa,Universidad del Aire|~|Circuito CMQ Radiocentro Habana,Havana (Cuba),"Editorial Lex, La Habana (Cuba)",Instituto de Historia de Cuba,International Digital Ephemera Project,text,unknown,"http://www.ihc.cu/, webmaster@ihc.cu",paged,"Mañach, Jorge, Dr.",Cuba--politics and government--1933-1959|~|Radio programs--Cuba--Havana--Periodicals,no. 44,https://iiif.library.ucla.edu/ark%3A%2F21198%2Fz1642c7k/manifest
Work,ark:/21198/z12c1mkr,ark:/21198/z1hn2jw4,1952-08-01,ihc_udelaire_195208,,,https://iiif.library.ucla.edu/iiif/2/ark%3A%2F21198%2Fz1dv486r,open,,agosto de 1952|~|1952-08,1952-08,,92 pages,journals,spa,Universidad del Aire|~|Circuito CMQ Radiocentro Habana,Havana (Cuba),"Editorial Lex, La Habana (Cuba)",Instituto de Historia de Cuba,International Digital Ephemera Project,text,unknown,"http://www.ihc.cu/, webmaster@ihc.cu",paged,"Mañach, Jorge, Dr.",Cuba--politics and government--1933-1959|~|Radio programs--Cuba--Havana--Periodicals,no. 45,https://iiif.library.ucla.edu/ark%3A%2F21198%2Fz12c1mkr/manifest
Work,ark:/21198/z1xp9th7,ark:/21198/z1hn2jw4,1952-09-01,ihc_udelaire_195209,,,https://iiif.library.ucla.edu/iiif/2/ark%3A%2F21198%2Fz1j7067w,open,,septiembre de 1952|~|1952-09,1952-09,,76 pages,journals,spa,Universidad del Aire|~|Circuito CMQ Radiocentro Habana,Havana (Cuba),"Editorial Lex, La Habana (Cuba)",Instituto de Historia de Cuba,International Digital Ephemera Project,text,unknown,"http://www.ihc.cu/, webmaster@ihc.cu",paged,"Mañach, Jorge, Dr.",Cuba--politics and government--1933-1959|~|Radio programs--Cuba--Havana--Periodicals,no. 46,https://iiif.library.ucla.edu/ark%3A%2F21198%2Fz1xp9th7/manifest
Work,ark:/21198/z1sx92sw,ark:/21198/z1hn2jw4,1952-10-01,ihc_udelaire_195210,,,https://iiif.library.ucla.edu/iiif/2/ark%3A%2F21198%2Fz1qg1h6h,open,,octubre de 1952|~|1952-10,1952-10,,48 pages,journals,spa,Universidad del Aire|~|Circuito CMQ Radiocentro Habana,Havana (Cuba),"Editorial Lex, La Habana (Cuba)",Instituto de Historia de Cuba,International Digital Ephemera Project,text,unknown,"http://www.ihc.cu/, webmaster@ihc.cu",paged,"Mañach, Jorge, Dr.",Cuba--politics and government--1933-1959|~|Radio programs--Cuba--Havana--Periodicals,no. 47,https://iiif.library.ucla.edu/ark%3A%2F21198%2Fz1sx92sw/manifest
Work,ark:/21198/z1p58b1f,ark:/21198/z1hn2jw4,1952-11-01,ihc_udelaire_195211,,,https://iiif.library.ucla.edu/iiif/2/ark%3A%2F21198%2Fz1hm7zrv,open,,noviembre de 1952|~|1952-11,1952-11,,44 pages,journals,spa,Universidad del Aire|~|Circuito CMQ Radiocentro Habana,Havana (Cuba),"Editorial Lex, La Habana (Cuba)",Instituto de Historia de Cuba,International Digital Ephemera Project,text,unknown,"http://www.ihc.cu/, webmaster@ihc.cu",paged,"Mañach, Jorge, Dr.",Cuba--politics and government--1933-1959|~|Radio programs--Cuba--Havana--Periodicals,no. 48,https://iiif.library.ucla.edu/ark%3A%2F21198%2Fz1p58b1f/manifest
Work,ark:/21198/z1jd7k9q,ark:/21198/z1hn2jw4,1952-12-01,ihc_udelaire_195212,,,https://iiif.library.ucla.edu/iiif/2/ark%3A%2F21198%2Fz1tq8qt2,open,,diciembre de 1952|~|1952-12,1952-12,,38 pages,journals,spa,Universidad del Aire|~|Circuito CMQ Radiocentro Habana,Havana (Cuba),"Editorial Lex, La Habana (Cuba)",Instituto de Historia de Cuba,International Digital Ephemera Project,text,unknown,"http://www.ihc.cu/, webmaster@ihc.cu",paged,"Mañach, Jorge, Dr.",Cuba--politics and government--1933-1959|~|Radio programs--Cuba--Havana--Periodicals,no. 49,https://iiif.library.ucla.edu/ark%3A%2F21198%2Fz1jd7k9q/manifest