Object Type,Title,Item ARK,Parent ARK,File Name,Visibility,Item Sequence,Thumbnail,Contents note,Date.created,Date.normalized,Format.extent,Genre,Language,Local identifier,Place of origin,Repository,Type.typeOfResource,Rights.copyrightStatus,Rights.rightsHolderContact,viewingHint,Subject,Contributor.correspondent,IIIF Manifest URL
Work,1920-09-03 (vol. 01 | no. 01),ark:/21198/z1rb9rs0,ark:/21198/z10s29nt,,open,,https://iiif.library.ucla.edu/iiif/2/ark%3A%2F21198%2Fz1wd6mtk,,3 de septiembre de 1920|~|1920-09-03,1920-09-03,8 pages,newspapers,spa,ihc_progreso_19200903,Havana (Cuba),Instituto de Historia de Cuba,text,unknown,"http://www.ihc.cu/, webmaster@ihc.cu",paged,Cuba -- Politics and government -- 1909-1933|~|Cuba -- Social life and customs|~|Cuba -- Periodicals,"Dominguez, José",https://iiif.library.ucla.edu/ark%3A%2F21198%2Fz1rb9rs0/manifest
Work,1920-09-24 (vol. 01 | no. 04),ark:/21198/z1mk913h,ark:/21198/z10s29nt,,open,,https://iiif.library.ucla.edu/iiif/2/ark%3A%2F21198%2Fz1vd9kqn,,24 de septiembre de 1920|~|1920-09-24,1920-09-24,6 pages,newspapers,spa,ihc_progreso_19200924,Havana (Cuba),Instituto de Historia de Cuba,text,unknown,"http://www.ihc.cu/, webmaster@ihc.cu",paged,Cuba -- Politics and government -- 1909-1933|~|Cuba -- Social life and customs|~|Cuba -- Periodicals,"Dominguez, José",https://iiif.library.ucla.edu/ark%3A%2F21198%2Fz1mk913h/manifest
Work,1920-10-01 (vol. 01 | no. 05),ark:/21198/z1gt88fp,ark:/21198/z10s29nt,,open,,https://iiif.library.ucla.edu/iiif/2/ark%3A%2F21198%2Fz12z3ss4,,1 de octubre de 1920|~|1920-10-01,1920-10-01,4 pages,newspapers,spa,ihc_progreso_19201001,Havana (Cuba),Instituto de Historia de Cuba,text,unknown,"http://www.ihc.cu/, webmaster@ihc.cu",paged,Cuba -- Politics and government -- 1909-1933|~|Cuba -- Social life and customs|~|Cuba -- Periodicals,"Dominguez, José",https://iiif.library.ucla.edu/ark%3A%2F21198%2Fz1gt88fp/manifest
Work,1920-10-22 (vol. 01 | no. 07),ark:/21198/z1c27hq8,ark:/21198/z10s29nt,,open,,https://iiif.library.ucla.edu/iiif/2/ark%3A%2F21198%2Fz1k09rjv,,22 de octubre de 1920|~|1920-10-22,1920-10-22,4 pages,newspapers,spa,ihc_progreso_19201022,Havana (Cuba),Instituto de Historia de Cuba,text,unknown,"http://www.ihc.cu/, webmaster@ihc.cu",paged,Cuba -- Politics and government -- 1909-1933|~|Cuba -- Social life and customs|~|Cuba -- Periodicals,"Dominguez, José",https://iiif.library.ucla.edu/ark%3A%2F21198%2Fz1c27hq8/manifest
Work,1920-12-03 (vol. 01 | no. 13),ark:/21198/z1796rxn,ark:/21198/z10s29nt,,open,,https://iiif.library.ucla.edu/iiif/2/ark%3A%2F21198%2Fz11z6rnr,,3 de diciembre de 1920|~|1920-12-03,1920-12-03,4 pages,newspapers,spa,ihc_progreso_19201203,Havana (Cuba),Instituto de Historia de Cuba,text,unknown,"http://www.ihc.cu/, webmaster@ihc.cu",paged,Cuba -- Politics and government -- 1909-1933|~|Cuba -- Social life and customs|~|Cuba -- Periodicals,"Dominguez, José",https://iiif.library.ucla.edu/ark%3A%2F21198%2Fz1796rxn/manifest
Work,1921-01-21 (vol. 02 | no. 19),ark:/21198/z13j616q,ark:/21198/z10s29nt,,open,,https://iiif.library.ucla.edu/iiif/2/ark%3A%2F21198%2Fz1j12qgx,,21 de enero de 1921|~|1921-01-21,1921-01-21,4 pages,newspapers,spa,ihc_progreso_19210121,Havana (Cuba),Instituto de Historia de Cuba,text,unknown,"http://www.ihc.cu/, webmaster@ihc.cu",paged,Cuba -- Politics and government -- 1909-1933|~|Cuba -- Social life and customs|~|Cuba -- Periodicals,"Brea, Manuel",https://iiif.library.ucla.edu/ark%3A%2F21198%2Fz13j616q/manifest
Work,1921-02-18 (vol. 02 | no. 23),ark:/21198/z1zs5hq1,ark:/21198/z10s29nt,,open,,https://iiif.library.ucla.edu/iiif/2/ark%3A%2F21198%2Fz1128dwj,,18 de febrero de 1921|~|1921-02-18,1921-02-18,4 pages,newspapers,spa,ihc_progreso_19210218,Havana (Cuba),Instituto de Historia de Cuba,text,unknown,"http://www.ihc.cu/, webmaster@ihc.cu",paged,Cuba -- Politics and government -- 1909-1933|~|Cuba -- Social life and customs|~|Cuba -- Periodicals,"Brea, Manuel",https://iiif.library.ucla.edu/ark%3A%2F21198%2Fz1zs5hq1/manifest
Work,1921-03-18 (vol. 02 | no. 27),ark:/21198/z1v43gdb,ark:/21198/z10s29nt,,open,,https://iiif.library.ucla.edu/iiif/2/ark%3A%2F21198%2Fz1h15p8n,,18 de marzo de 1921|~|1921-03-18,1921-03-18,4 pages,newspapers,spa,ihc_progreso_19210318,Havana (Cuba),Instituto de Historia de Cuba,text,unknown,"http://www.ihc.cu/, webmaster@ihc.cu",paged,Cuba -- Politics and government -- 1909-1933|~|Cuba -- Social life and customs|~|Cuba -- Periodicals,"Brea, Manuel",https://iiif.library.ucla.edu/ark%3A%2F21198%2Fz1v43gdb/manifest
Work,1921-05-27 (vol. 02 | no. 37),ark:/21198/z1qc2qrh,ark:/21198/z10s29nt,,open,,https://iiif.library.ucla.edu/iiif/2/ark%3A%2F21198%2Fz1031crq,,27 de mayo de 1921|~|1921-05-27,1921-05-27,4 pages,newspapers,spa,ihc_progreso_19210527,Havana (Cuba),Instituto de Historia de Cuba,text,unknown,"http://www.ihc.cu/, webmaster@ihc.cu",paged,Cuba -- Politics and government -- 1909-1933|~|Cuba -- Social life and customs|~|Cuba -- Periodicals,"Brea, Manuel",https://iiif.library.ucla.edu/ark%3A%2F21198%2Fz1qc2qrh/manifest
Work,1921-06-09 (vol. 02 | no. 39),ark:/21198/z1km203g,ark:/21198/z10s29nt,,open,,https://iiif.library.ucla.edu/iiif/2/ark%3A%2F21198%2Fz1g18n1x,,9 de junio de 1921|~|1921-06-09,1921-06-09,8 pages,newspapers,spa,ihc_progreso_19210609,Havana (Cuba),Instituto de Historia de Cuba,text,unknown,"http://www.ihc.cu/, webmaster@ihc.cu",paged,Cuba -- Politics and government -- 1909-1933|~|Cuba -- Social life and customs|~|Cuba -- Periodicals,"Brea, Manuel",https://iiif.library.ucla.edu/ark%3A%2F21198%2Fz1km203g/manifest
Work,1921-06-23 (vol. 02 | no. 41),ark:/21198/z1fv179v,ark:/21198/z10s29nt,,open,,https://iiif.library.ucla.edu/iiif/2/ark%3A%2F21198%2Fz1f21kx4,,23 de junio de 1921|~|1921-06-23,1921-06-23,4 pages,newspapers,spa,ihc_progreso_19210623,Havana (Cuba),Instituto de Historia de Cuba,text,unknown,"http://www.ihc.cu/, webmaster@ihc.cu",paged,Cuba -- Politics and government -- 1909-1933|~|Cuba -- Social life and customs|~|Cuba -- Periodicals,"Zapata, Felipe",https://iiif.library.ucla.edu/ark%3A%2F21198%2Fz1fv179v/manifest
Work,1921-06-30 (vol. 02 | no. 42),ark:/21198/z1b30gkf,ark:/21198/z10s29nt,,open,,https://iiif.library.ucla.edu/iiif/2/ark%3A%2F21198%2Fz1x37jrf,,30 de junio de 1921|~|1921-06-30,1921-06-30,4 pages,newspapers,spa,ihc_progreso_19210630,Havana (Cuba),Instituto de Historia de Cuba,text,unknown,"http://www.ihc.cu/, webmaster@ihc.cu",paged,Cuba -- Politics and government -- 1909-1933|~|Cuba -- Social life and customs|~|Cuba -- Periodicals,"Zapata, Felipe",https://iiif.library.ucla.edu/ark%3A%2F21198%2Fz1b30gkf/manifest
Work,1921-07-07 (vol. 02 | no. 43),ark:/21198/z1699qs8,ark:/21198/z10s29nt,,open,,https://iiif.library.ucla.edu/iiif/2/ark%3A%2F21198%2Fz1d5384k,,7 de julio de 1921|~|1921-07-07,1921-07-07,4 pages,newspapers,spa,ihc_progreso_19210707,Havana (Cuba),Instituto de Historia de Cuba,text,unknown,"http://www.ihc.cu/, webmaster@ihc.cu",paged,Cuba -- Politics and government -- 1909-1933|~|Cuba -- Social life and customs|~|Cuba -- Periodicals,"Zapata, Felipe",https://iiif.library.ucla.edu/ark%3A%2F21198%2Fz1699qs8/manifest
Work,1921-07-14 (vol. 02 | no. 44),ark:/21198/z12j902b,ark:/21198/z10s29nt,,open,,https://iiif.library.ucla.edu/iiif/2/ark%3A%2F21198%2Fz1w40hk5,,14 de julio de 1921|~|1921-07-14,1921-07-14,4 pages,newspapers,spa,ihc_progreso_19210714,Havana (Cuba),Instituto de Historia de Cuba,text,unknown,"http://www.ihc.cu/, webmaster@ihc.cu",paged,Cuba -- Politics and government -- 1909-1933|~|Cuba -- Social life and customs|~|Cuba -- Periodicals,"Zapata, Felipe",https://iiif.library.ucla.edu/ark%3A%2F21198%2Fz12j902b/manifest
Work,1921-07-21 (vol. 02 | no. 45),ark:/21198/z1xw761t,ark:/21198/z10s29nt,,open,,https://iiif.library.ucla.edu/iiif/2/ark%3A%2F21198%2Fz1c5673j,,21 de julio de 1921|~|1921-07-21,1921-07-21,4 pages,newspapers,spa,ihc_progreso_19210721,Havana (Cuba),Instituto de Historia de Cuba,text,unknown,"http://www.ihc.cu/, webmaster@ihc.cu",paged,Cuba -- Politics and government -- 1909-1933|~|Cuba -- Social life and customs|~|Cuba -- Periodicals,"Zapata, Felipe",https://iiif.library.ucla.edu/ark%3A%2F21198%2Fz1xw761t/manifest
Work,1921-07-28 (vol. 02 | no. 46),ark:/21198/z1t46fbv,ark:/21198/z10s29nt,,open,,https://iiif.library.ucla.edu/iiif/2/ark%3A%2F21198%2Fz1v43gfs,,28 de julio de 1921|~|1921-07-28,1921-07-28,4 pages,newspapers,spa,ihc_progreso_19210728,Havana (Cuba),Instituto de Historia de Cuba,text,unknown,"http://www.ihc.cu/, webmaster@ihc.cu",paged,Cuba -- Politics and government -- 1909-1933|~|Cuba -- Social life and customs|~|Cuba -- Periodicals,"Zapata, Felipe",https://iiif.library.ucla.edu/ark%3A%2F21198%2Fz1t46fbv/manifest
Work,1921-08-11 (vol. 02 | no. 48),ark:/21198/z1pc5pnk,ark:/21198/z10s29nt,,open,,https://iiif.library.ucla.edu/iiif/2/ark%3A%2F21198%2Fz1b59612,,11 de agosto de 1921|~|1921-08-11,1921-08-11,4 pages,newspapers,spa,ihc_progreso_19210811,Havana (Cuba),Instituto de Historia de Cuba,text,unknown,"http://www.ihc.cu/, webmaster@ihc.cu",paged,Cuba -- Politics and government -- 1909-1933|~|Cuba -- Social life and customs|~|Cuba -- Periodicals,"Zapata, Felipe",https://iiif.library.ucla.edu/ark%3A%2F21198%2Fz1pc5pnk/manifest
Work,1921-08-18 (vol. 02 | no. 49),ark:/21198/z1jm4xxv,ark:/21198/z10s29nt,,open,,https://iiif.library.ucla.edu/iiif/2/ark%3A%2F21198%2Fz1t754p8,,18 de agosto de 1921|~|1921-08-18,1921-08-18,4 pages,newspapers,spa,ihc_progreso_19210818,Havana (Cuba),Instituto de Historia de Cuba,text,unknown,"http://www.ihc.cu/, webmaster@ihc.cu",paged,Cuba -- Politics and government -- 1909-1933|~|Cuba -- Social life and customs|~|Cuba -- Periodicals,"Zapata, Felipe",https://iiif.library.ucla.edu/ark%3A%2F21198%2Fz1jm4xxv/manifest
Work,1921-08-25 (vol. 02 | no. 50),ark:/21198/z1dv465g,ark:/21198/z10s29nt,,open,,https://iiif.library.ucla.edu/iiif/2/ark%3A%2F21198%2Fz19624tx,,25 de agosto de 1921|~|1921-08-25,1921-08-25,4 pages,newspapers,spa,ihc_progreso_19210825,Havana (Cuba),Instituto de Historia de Cuba,text,unknown,"http://www.ihc.cu/, webmaster@ihc.cu",paged,Cuba -- Politics and government -- 1909-1933|~|Cuba -- Social life and customs|~|Cuba -- Periodicals,"Zapata, Felipe",https://iiif.library.ucla.edu/ark%3A%2F21198%2Fz1dv465g/manifest
Work,1921-09-08 (vol. 02 | no. 52),ark:/21198/z1933fdm,ark:/21198/z10s29nt,,open,,https://iiif.library.ucla.edu/iiif/2/ark%3A%2F21198%2Fz1s783kb,,8 de septiembre de 1921|~|1921-09-08,1921-09-08,4 pages,newspapers,spa,ihc_progreso_19210908,Havana (Cuba),Instituto de Historia de Cuba,text,unknown,"http://www.ihc.cu/, webmaster@ihc.cu",paged,Cuba -- Politics and government -- 1909-1933|~|Cuba -- Social life and customs|~|Cuba -- Periodicals,"Zapata, Felipe",https://iiif.library.ucla.edu/ark%3A%2F21198%2Fz1933fdm/manifest
Work,1921-09-15 (vol. 03 | no. 01),ark:/21198/z15b2ppw,ark:/21198/z10s29nt,,open,,https://iiif.library.ucla.edu/iiif/2/ark%3A%2F21198%2Fz18653q0,,15 de septiembre de 1921|~|1921-09-15,1921-09-15,4 pages,newspapers,spa,ihc_progreso_19210915,Havana (Cuba),Instituto de Historia de Cuba,text,unknown,"http://www.ihc.cu/, webmaster@ihc.cu",paged,Cuba -- Politics and government -- 1909-1933|~|Cuba -- Social life and customs|~|Cuba -- Periodicals,"Zapata, Felipe",https://iiif.library.ucla.edu/ark%3A%2F21198%2Fz15b2ppw/manifest
Work,1921-09-22 (vol. 03 | no. 02),ark:/21198/z11p0nbf,ark:/21198/z10s29nt,,open,,https://iiif.library.ucla.edu/iiif/2/ark%3A%2F21198%2Fz1r812hd,,22 de septiembre de 1921|~|1921-09-22,1921-09-22,4 pages,newspapers,spa,ihc_progreso_19210922,Havana (Cuba),Instituto de Historia de Cuba,text,unknown,"http://www.ihc.cu/, webmaster@ihc.cu",paged,Cuba -- Politics and government -- 1909-1933|~|Cuba -- Social life and customs|~|Cuba -- Periodicals,"Zapata, Felipe",https://iiif.library.ucla.edu/ark%3A%2F21198%2Fz11p0nbf/manifest
Work,1921-10-05 (vol. 03 | no. 03),ark:/21198/z1wx04x1,ark:/21198/z10s29nt,,open,,https://iiif.library.ucla.edu/iiif/2/ark%3A%2F21198%2Fz17682km,,5 de octubre de 1921|~|1921-10-05,1921-10-05,4 pages,newspapers,spa,ihc_progreso_19211005,Havana (Cuba),Instituto de Historia de Cuba,text,unknown,"http://www.ihc.cu/, webmaster@ihc.cu",paged,Cuba -- Politics and government -- 1909-1933|~|Cuba -- Social life and customs|~|Cuba -- Periodicals,"Zapata, Felipe",https://iiif.library.ucla.edu/ark%3A%2F21198%2Fz1wx04x1/manifest
Work,1921-10-20 (vol. 03 | no. 06),ark:/21198/z1s49d7x,ark:/21198/z10s29nt,,open,,https://iiif.library.ucla.edu/iiif/2/ark%3A%2F21198%2Fz1q841c1,,20 de octubre de 1921|~|1921-10-20,1921-10-20,4 pages,newspapers,spa,ihc_progreso_19211020,Havana (Cuba),Instituto de Historia de Cuba,text,unknown,"http://www.ihc.cu/, webmaster@ihc.cu",paged,Cuba -- Politics and government -- 1909-1933|~|Cuba -- Social life and customs|~|Cuba -- Periodicals,"Zapata, Felipe",https://iiif.library.ucla.edu/ark%3A%2F21198%2Fz1s49d7x/manifest
Work,1921-11-23 (vol. 02 | no. 11),ark:/21198/z1nc8ngr,ark:/21198/z10s29nt,,open,,https://iiif.library.ucla.edu/iiif/2/ark%3A%2F21198%2Fz1699qtq,,23 de noviembre de 1921|~|1921-11-23,1921-11-23,4 pages,newspapers,spa,ihc_progreso_19211123,Havana (Cuba),Instituto de Historia de Cuba,text,unknown,"http://www.ihc.cu/, webmaster@ihc.cu",paged,Cuba -- Politics and government -- 1909-1933|~|Cuba -- Social life and customs|~|Cuba -- Periodicals,"Zapata, Felipe",https://iiif.library.ucla.edu/ark%3A%2F21198%2Fz1nc8ngr/manifest
Work,1921-12-22 (vol. 02 | no. 14),ark:/21198/z1hm7wp4,ark:/21198/z10s29nt,,open,,https://iiif.library.ucla.edu/iiif/2/ark%3A%2F21198%2Fz1p87066,,22 de diciembre de 1921|~|1921-12-22,1921-12-22,4 pages,newspapers,spa,ihc_progreso_19211222,Havana (Cuba),Instituto de Historia de Cuba,text,unknown,"http://www.ihc.cu/, webmaster@ihc.cu",paged,Cuba -- Politics and government -- 1909-1933|~|Cuba -- Social life and customs|~|Cuba -- Periodicals,"Zapata, Felipe",https://iiif.library.ucla.edu/ark%3A%2F21198%2Fz1hm7wp4/manifest
Work,1923-05-31 (vol. 04 | no. ??),ark:/21198/z1cv74xb,ark:/21198/z10s29nt,,open,,https://iiif.library.ucla.edu/iiif/2/ark%3A%2F21198%2Fz15b2pqb,Issue number not legible.,31 de mayo de 1923|~|1923-05-31,1923-05-31,6 pages,newspapers,spa,ihc_progreso_19230531,Havana (Cuba),Instituto de Historia de Cuba,text,unknown,"http://www.ihc.cu/, webmaster@ihc.cu",paged,Cuba -- Politics and government -- 1909-1933|~|Cuba -- Social life and customs|~|Cuba -- Periodicals,,https://iiif.library.ucla.edu/ark%3A%2F21198%2Fz1cv74xb/manifest
Work,1923-06-15 (vol. 04 | no. 11),ark:/21198/z1836d7s,ark:/21198/z10s29nt,,open,,https://iiif.library.ucla.edu/iiif/2/ark%3A%2F21198%2Fz1cv74zs,,15 de junio de 1923|~|1923-06-15,1923-06-15,8 pages,newspapers,spa,ihc_progreso_19230615,Havana (Cuba),Instituto de Historia de Cuba,text,unknown,"http://www.ihc.cu/, webmaster@ihc.cu",paged,Cuba -- Politics and government -- 1909-1933|~|Cuba -- Social life and customs|~|Cuba -- Periodicals,,https://iiif.library.ucla.edu/ark%3A%2F21198%2Fz1836d7s/manifest
Work,1923-07-31 (vol. 04 | no. 14),ark:/21198/z14f4bxc,ark:/21198/z10s29nt,,open,,https://iiif.library.ucla.edu/iiif/2/ark%3A%2F21198%2Fz1bw03wv,,31 de julio de 1923|~|1923-07-31,1923-07-31,8 pages,newspapers,spa,ihc_progreso_19230731,Havana (Cuba),Instituto de Historia de Cuba,text,unknown,"http://www.ihc.cu/, webmaster@ihc.cu",paged,Cuba -- Politics and government -- 1909-1933|~|Cuba -- Social life and customs|~|Cuba -- Periodicals,,https://iiif.library.ucla.edu/ark%3A%2F21198%2Fz14f4bxc/manifest
Work,1923-08-15 (vol. 04 | no. 15),ark:/21198/z10p3m8z,ark:/21198/z10s29nt,,open,,https://iiif.library.ucla.edu/iiif/2/ark%3A%2F21198%2Fz19w32tc,,15 de agosto de 1923|~|1923-08-15,1923-08-15,10 pages,newspapers,spa,ihc_progreso_19230815,Havana (Cuba),Instituto de Historia de Cuba,text,unknown,"http://www.ihc.cu/, webmaster@ihc.cu",paged,Cuba -- Politics and government -- 1909-1933|~|Cuba -- Social life and customs|~|Cuba -- Periodicals,,https://iiif.library.ucla.edu/ark%3A%2F21198%2Fz10p3m8z/manifest
Work,1923-08-31 (vol. 04 | no. 16),ark:/21198/z1vx33t3,ark:/21198/z10s29nt,,open,,https://iiif.library.ucla.edu/iiif/2/ark%3A%2F21198%2Fz11c4j4x,,31 de agosto de 1923|~|1923-08-31,1923-08-31,8 pages,newspapers,spa,ihc_progreso_19230831,Havana (Cuba),Instituto de Historia de Cuba,text,unknown,"http://www.ihc.cu/, webmaster@ihc.cu",paged,Cuba -- Politics and government -- 1909-1933|~|Cuba -- Social life and customs|~|Cuba -- Periodicals,,https://iiif.library.ucla.edu/ark%3A%2F21198%2Fz1vx33t3/manifest
Work,1923-09-12 (vol. 04 | no. 17),ark:/21198/z1r52c16,ark:/21198/z10s29nt,,open,,https://iiif.library.ucla.edu/iiif/2/ark%3A%2F21198%2Fz10g66f9,,12 de septiembre de 1923|~|1923-09-12,1923-09-12,8 pages,newspapers,spa,ihc_progreso_19230912,Havana (Cuba),Instituto de Historia de Cuba,text,unknown,"http://www.ihc.cu/, webmaster@ihc.cu",paged,Cuba -- Politics and government -- 1909-1933|~|Cuba -- Social life and customs|~|Cuba -- Periodicals,,https://iiif.library.ucla.edu/ark%3A%2F21198%2Fz1r52c16/manifest
Work,1923-09-20 (vol. 04 | no. 18),ark:/21198/z1md1m9g,ark:/21198/z10s29nt,,open,,https://iiif.library.ucla.edu/iiif/2/ark%3A%2F21198%2Fz1zg9dg2,,20 de septiembre de 1923|~|1923-09-20,1923-09-20,8 pages,newspapers,spa,ihc_progreso_19230920,Havana (Cuba),Instituto de Historia de Cuba,text,unknown,"http://www.ihc.cu/, webmaster@ihc.cu",paged,Cuba -- Politics and government -- 1909-1933|~|Cuba -- Social life and customs|~|Cuba -- Periodicals,,https://iiif.library.ucla.edu/ark%3A%2F21198%2Fz1md1m9g/manifest
Work,1923-09-27 (vol. 04 | no. 19),ark:/21198/z1gn0vhv,ark:/21198/z10s29nt,,open,,https://iiif.library.ucla.edu/iiif/2/ark%3A%2F21198%2Fz1xh2cd4,,27 de septiembre de 1923|~|1923-09-27,1923-09-27,8 pages,newspapers,spa,ihc_progreso_19230927,Havana (Cuba),Instituto de Historia de Cuba,text,unknown,"http://www.ihc.cu/, webmaster@ihc.cu",paged,Cuba -- Politics and government -- 1909-1933|~|Cuba -- Social life and customs|~|Cuba -- Periodicals,,https://iiif.library.ucla.edu/ark%3A%2F21198%2Fz1gn0vhv/manifest
Work,1923-10-04 (vol. 04 | no. 20),ark:/21198/z1bw03vd,ark:/21198/z10s29nt,,open,,https://iiif.library.ucla.edu/iiif/2/ark%3A%2F21198%2Fz1wh5b96,,4 de octubre de 1923|~|1923-10-04,1923-10-04,8 pages,newspapers,spa,ihc_progreso_19231004,Havana (Cuba),Instituto de Historia de Cuba,text,unknown,"http://www.ihc.cu/, webmaster@ihc.cu",paged,Cuba -- Politics and government -- 1909-1933|~|Cuba -- Social life and customs|~|Cuba -- Periodicals,,https://iiif.library.ucla.edu/ark%3A%2F21198%2Fz1bw03vd/manifest
Work,1923-10-11 (vol. 04 | no. 21),ark:/21198/z17682j5,ark:/21198/z10s29nt,,open,,https://iiif.library.ucla.edu/iiif/2/ark%3A%2F21198%2Fz1vh894c,,11 de octubre de 1923|~|1923-10-11,1923-10-11,8 pages,newspapers,spa,ihc_progreso_19231011,Havana (Cuba),Instituto de Historia de Cuba,text,unknown,"http://www.ihc.cu/, webmaster@ihc.cu",paged,Cuba -- Politics and government -- 1909-1933|~|Cuba -- Social life and customs|~|Cuba -- Periodicals,,https://iiif.library.ucla.edu/ark%3A%2F21198%2Fz17682j5/manifest
Work,1923-10-18 (vol. 04 | no. 22),ark:/21198/z13f79wb,ark:/21198/z10s29nt,,open,,https://iiif.library.ucla.edu/iiif/2/ark%3A%2F21198%2Fz1tj17zp,,18 de octubre de 1923|~|1923-10-18,1923-10-18,8 pages,newspapers,spa,ihc_progreso_19231018,Havana (Cuba),Instituto de Historia de Cuba,text,unknown,"http://www.ihc.cu/, webmaster@ihc.cu",paged,Cuba -- Politics and government -- 1909-1933|~|Cuba -- Social life and customs|~|Cuba -- Periodicals,,https://iiif.library.ucla.edu/ark%3A%2F21198%2Fz13f79wb/manifest
Work,1923-10-25 (vol. 04 | no. 23),ark:/21198/z1zp6tcm,ark:/21198/z10s29nt,,open,,https://iiif.library.ucla.edu/iiif/2/ark%3A%2F21198%2Fz1sn2x83,,25 de octubre de 1923|~|1923-10-25,1923-10-25,8 pages,newspapers,spa,ihc_progreso_19231025,Havana (Cuba),Instituto de Historia de Cuba,text,unknown,"http://www.ihc.cu/, webmaster@ihc.cu",paged,Cuba -- Politics and government -- 1909-1933|~|Cuba -- Social life and customs|~|Cuba -- Periodicals,,https://iiif.library.ucla.edu/ark%3A%2F21198%2Fz1zp6tcm/manifest
Work,1923-11-01 (vol. 04 | no. 24),ark:/21198/z1tx62n8,ark:/21198/z10s29nt,,open,,https://iiif.library.ucla.edu/iiif/2/ark%3A%2F21198%2Fz1rn5w4q,,1 de noviembre de 1923|~|1923-11-01,1923-11-01,8 pages,newspapers,spa,ihc_progreso_19231101,Havana (Cuba),Instituto de Historia de Cuba,text,unknown,"http://www.ihc.cu/, webmaster@ihc.cu",paged,Cuba -- Politics and government -- 1909-1933|~|Cuba -- Social life and customs|~|Cuba -- Periodicals,,https://iiif.library.ucla.edu/ark%3A%2F21198%2Fz1tx62n8/manifest
Work,1923-11-08 (vol. 04 | no. 25),ark:/21198/z1q559vz,ark:/21198/z10s29nt,,open,,https://iiif.library.ucla.edu/iiif/2/ark%3A%2F21198%2Fz1vd9kr3,,8 de noviembre de 1923|~|1923-11-08,1923-11-08,8 pages,newspapers,spa,ihc_progreso_19231108,Havana (Cuba),Instituto de Historia de Cuba,text,unknown,"http://www.ihc.cu/, webmaster@ihc.cu",paged,Cuba -- Politics and government -- 1909-1933|~|Cuba -- Social life and customs|~|Cuba -- Periodicals,,https://iiif.library.ucla.edu/ark%3A%2F21198%2Fz1q559vz/manifest
Work,1923-11-15 (vol. 04 | no. 26),ark:/21198/z1kd4k4n,ark:/21198/z10s29nt,,open,,https://iiif.library.ucla.edu/iiif/2/ark%3A%2F21198%2Fz1tf2jm8,,15 de noviembre de 1923|~|1923-11-15,1923-11-15,8 pages,newspapers,spa,ihc_progreso_19231115,Havana (Cuba),Instituto de Historia de Cuba,text,unknown,"http://www.ihc.cu/, webmaster@ihc.cu",paged,Cuba -- Politics and government -- 1909-1933|~|Cuba -- Social life and customs|~|Cuba -- Periodicals,,https://iiif.library.ucla.edu/ark%3A%2F21198%2Fz1kd4k4n/manifest
Work,1923-11-22 (vol. 04 | no. 27),ark:/21198/z1fn3tfc,ark:/21198/z10s29nt,,open,,https://iiif.library.ucla.edu/iiif/2/ark%3A%2F21198%2Fz1sf5hgw,,22 de noviembre de 1923|~|1923-11-22,1923-11-22,8 pages,newspapers,spa,ihc_progreso_19231122,Havana (Cuba),Instituto de Historia de Cuba,text,unknown,"http://www.ihc.cu/, webmaster@ihc.cu",paged,Cuba -- Politics and government -- 1909-1933|~|Cuba -- Social life and customs|~|Cuba -- Periodicals,,https://iiif.library.ucla.edu/ark%3A%2F21198%2Fz1fn3tfc/manifest
Work,1923-11-29 (vol. 04 | no. 28),ark:/21198/z1b01s2s,ark:/21198/z10s29nt,,open,,https://iiif.library.ucla.edu/iiif/2/ark%3A%2F21198%2Fz1rf8gbh,,29 de noviembre de 1923|~|1923-11-29,1923-11-29,8 pages,newspapers,spa,ihc_progreso_19231129,Havana (Cuba),Instituto de Historia de Cuba,text,unknown,"http://www.ihc.cu/, webmaster@ihc.cu",paged,Cuba -- Politics and government -- 1909-1933|~|Cuba -- Social life and customs|~|Cuba -- Periodicals,,https://iiif.library.ucla.edu/ark%3A%2F21198%2Fz1b01s2s/manifest
Work,1923-12-06 (vol. 04 | no. 29),ark:/21198/z16711fs,ark:/21198/z10s29nt,,open,,https://iiif.library.ucla.edu/iiif/2/ark%3A%2F21198%2Fz1qg1f57,,6 de diciembre de 1923|~|1923-12-06,1923-12-06,8 pages,newspapers,spa,ihc_progreso_19231206,Havana (Cuba),Instituto de Historia de Cuba,text,unknown,"http://www.ihc.cu/, webmaster@ihc.cu",paged,Cuba -- Politics and government -- 1909-1933|~|Cuba -- Social life and customs|~|Cuba -- Periodicals,,https://iiif.library.ucla.edu/ark%3A%2F21198%2Fz16711fs/manifest
Work,1923-12-18 (vol. 04 | no. 30),ark:/21198/z12g08q2,ark:/21198/z10s29nt,,open,,https://iiif.library.ucla.edu/iiif/2/ark%3A%2F21198%2Fz1pg4czj,,18 de diciembre de 1923|~|1923-12-18,1923-12-18,15 pages,newspapers,spa,ihc_progreso_19231218,Havana (Cuba),Instituto de Historia de Cuba,text,unknown,"http://www.ihc.cu/, webmaster@ihc.cu",paged,Cuba -- Politics and government -- 1909-1933|~|Cuba -- Social life and customs|~|Cuba -- Periodicals,,https://iiif.library.ucla.edu/ark%3A%2F21198%2Fz12g08q2/manifest
Work,1924-01-03 (vol. 05 | no. 01),ark:/21198/z1xp9s6s,ark:/21198/z10s29nt,,open,,https://iiif.library.ucla.edu/iiif/2/ark%3A%2F21198%2Fz1rb9rvw,,3 de enero de 1924|~|1924-01-03,1924-01-03,8 pages,newspapers,spa,ihc_progreso_19240103,Havana (Cuba),Instituto de Historia de Cuba,text,unknown,"http://www.ihc.cu/, webmaster@ihc.cu",paged,Cuba -- Politics and government -- 1909-1933|~|Cuba -- Social life and customs|~|Cuba -- Periodicals,,https://iiif.library.ucla.edu/ark%3A%2F21198%2Fz1xp9s6s/manifest
Work,1924-01-10 (vol. 05 | no. 02),ark:/21198/z1sx91f0,ark:/21198/z10s29nt,,open,,https://iiif.library.ucla.edu/iiif/2/ark%3A%2F21198%2Fz1qc2qsz,,10 de enero de 1924|~|1924-01-10,1924-01-10,6 pages,newspapers,spa,ihc_progreso_19240110,Havana (Cuba),Instituto de Historia de Cuba,text,unknown,"http://www.ihc.cu/, webmaster@ihc.cu",paged,Cuba -- Politics and government -- 1909-1933|~|Cuba -- Social life and customs|~|Cuba -- Periodicals,,https://iiif.library.ucla.edu/ark%3A%2F21198%2Fz1sx91f0/manifest
Work,1924-01-17 (vol. 05 | no. 03),ark:/21198/z1p588qk,ark:/21198/z10s29nt,,open,,https://iiif.library.ucla.edu/iiif/2/ark%3A%2F21198%2Fz1xw763q,,17 de enero de 1924|~|1924-01-17,1924-01-17,4 pages,newspapers,spa,ihc_progreso_19240117,Havana (Cuba),Instituto de Historia de Cuba,text,unknown,"http://www.ihc.cu/, webmaster@ihc.cu",paged,Cuba -- Politics and government -- 1909-1933|~|Cuba -- Social life and customs|~|Cuba -- Periodicals,,https://iiif.library.ucla.edu/ark%3A%2F21198%2Fz1p588qk/manifest
Work,1924-01-24 (vol. 05 | no. 04),ark:/21198/z1jd7j1q,ark:/21198/z10s29nt,,open,,https://iiif.library.ucla.edu/iiif/2/ark%3A%2F21198%2Fz1dv466x,,24 de enero de 1924|~|1924-01-24,1924-01-24,8 pages,newspapers,spa,ihc_progreso_19240124,Havana (Cuba),Instituto de Historia de Cuba,text,unknown,"http://www.ihc.cu/, webmaster@ihc.cu",paged,Cuba -- Politics and government -- 1909-1933|~|Cuba -- Social life and customs|~|Cuba -- Periodicals,,https://iiif.library.ucla.edu/ark%3A%2F21198%2Fz1jd7j1q/manifest
Work,1924-01-31 (vol. 05 | no. 05),ark:/21198/z1dr5gpv,ark:/21198/z10s29nt,,open,,https://iiif.library.ucla.edu/iiif/2/ark%3A%2F21198%2Fz1cv750n,,31 de enero de 1924|~|1924-01-31,1924-01-31,8 pages,newspapers,spa,ihc_progreso_19240131,Havana (Cuba),Instituto de Historia de Cuba,text,unknown,"http://www.ihc.cu/, webmaster@ihc.cu",paged,Cuba -- Politics and government -- 1909-1933|~|Cuba -- Social life and customs|~|Cuba -- Periodicals,,https://iiif.library.ucla.edu/ark%3A%2F21198%2Fz1dr5gpv/manifest
Work,1924-02-07 (vol. 05 | no. 06),ark:/21198/z1904r1r,ark:/21198/z10s29nt,,open,,https://iiif.library.ucla.edu/iiif/2/ark%3A%2F21198%2Fz1bz8tb3,,7 de febrero de 1924|~|1924-02-07,1924-02-07,8 pages,newspapers,spa,ihc_progreso_19240207,Havana (Cuba),Instituto de Historia de Cuba,text,unknown,"http://www.ihc.cu/, webmaster@ihc.cu",paged,Cuba -- Politics and government -- 1909-1933|~|Cuba -- Social life and customs|~|Cuba -- Periodicals,,https://iiif.library.ucla.edu/ark%3A%2F21198%2Fz1904r1r/manifest
Work,1924-02-14 (vol. 05 | no. 07),ark:/21198/z157409d,ark:/21198/z10s29nt,,open,,https://iiif.library.ucla.edu/iiif/2/ark%3A%2F21198%2Fz1b01s4p,,14 de febrero de 1924|~|1924-02-14,1924-02-14,8 pages,newspapers,spa,ihc_progreso_19240214,Havana (Cuba),Instituto de Historia de Cuba,text,unknown,"http://www.ihc.cu/, webmaster@ihc.cu",paged,Cuba -- Politics and government -- 1909-1933|~|Cuba -- Social life and customs|~|Cuba -- Periodicals,,https://iiif.library.ucla.edu/ark%3A%2F21198%2Fz157409d/manifest
Work,1924-02-21 (vol. 05 | no. 08),ark:/21198/z11g37hs,ark:/21198/z10s29nt,,open,,https://iiif.library.ucla.edu/iiif/2/ark%3A%2F21198%2Fz1904r26,,21 de febrero de 1924|~|1924-02-21,1924-02-21,8 pages,newspapers,spa,ihc_progreso_19240221,Havana (Cuba),Instituto de Historia de Cuba,text,unknown,"http://www.ihc.cu/, webmaster@ihc.cu",paged,Cuba -- Politics and government -- 1909-1933|~|Cuba -- Social life and customs|~|Cuba -- Periodicals,,https://iiif.library.ucla.edu/ark%3A%2F21198%2Fz11g37hs/manifest
Work,1924-02-28 (vol. 05 | no. 09),ark:/21198/z1wq2r1h,ark:/21198/z10s29nt,,open,,https://iiif.library.ucla.edu/iiif/2/ark%3A%2F21198%2Fz1807pzv,,28 de febrero de 1924|~|1924-02-28,1924-02-28,8 pages,newspapers,spa,ihc_progreso_19240228,Havana (Cuba),Instituto de Historia de Cuba,text,unknown,"http://www.ihc.cu/, webmaster@ihc.cu",paged,Cuba -- Politics and government -- 1909-1933|~|Cuba -- Social life and customs|~|Cuba -- Periodicals,,https://iiif.library.ucla.edu/ark%3A%2F21198%2Fz1wq2r1h/manifest
Work,1924-03-06 (vol. 05 | no. 10),ark:/21198/z1rz208q,ark:/21198/z10s29nt,,open,,https://iiif.library.ucla.edu/iiif/2/ark%3A%2F21198%2Fz1710nr4,,6 de marzo de 1924|~|1924-03-06,1924-03-06,8 pages,newspapers,spa,ihc_progreso_19240306,Havana (Cuba),Instituto de Historia de Cuba,text,unknown,"http://www.ihc.cu/, webmaster@ihc.cu",paged,Cuba -- Politics and government -- 1909-1933|~|Cuba -- Social life and customs|~|Cuba -- Periodicals,,https://iiif.library.ucla.edu/ark%3A%2F21198%2Fz1rz208q/manifest
Work,1924-03-13 (vol. 05 | no. 11),ark:/21198/z1n89z0j,ark:/21198/z10s29nt,,open,,https://iiif.library.ucla.edu/iiif/2/ark%3A%2F21198%2Fz1613mmr,,13 de marzo de 1924|~|1924-03-13,1924-03-13,8 pages,newspapers,spa,ihc_progreso_19240313,Havana (Cuba),Instituto de Historia de Cuba,text,unknown,"http://www.ihc.cu/, webmaster@ihc.cu",paged,Cuba -- Politics and government -- 1909-1933|~|Cuba -- Social life and customs|~|Cuba -- Periodicals,,https://iiif.library.ucla.edu/ark%3A%2F21198%2Fz1n89z0j/manifest
Work,1924-03-20 (vol. 05 | no. 12),ark:/21198/z1hh9686,ark:/21198/z10s29nt,,open,,https://iiif.library.ucla.edu/iiif/2/ark%3A%2F21198%2Fz15458wp,,20 de marzo de 1924|~|1924-03-20,1924-03-20,10 pages,newspapers,spa,ihc_progreso_19240320,Havana (Cuba),Instituto de Historia de Cuba,text,unknown,"http://www.ihc.cu/, webmaster@ihc.cu",paged,Cuba -- Politics and government -- 1909-1933|~|Cuba -- Social life and customs|~|Cuba -- Periodicals,,https://iiif.library.ucla.edu/ark%3A%2F21198%2Fz1hh9686/manifest
Work,1924-03-27 (vol. 05 | no. 13),ark:/21198/z1cr8fnt,ark:/21198/z10s29nt,,open,,https://iiif.library.ucla.edu/iiif/2/ark%3A%2F21198%2Fz1vm70jp,,27 de marzo de 1924|~|1924-03-27,1924-03-27,8 pages,newspapers,spa,ihc_progreso_19240327,Havana (Cuba),Instituto de Historia de Cuba,text,unknown,"http://www.ihc.cu/, webmaster@ihc.cu",paged,Cuba -- Politics and government -- 1909-1933|~|Cuba -- Social life and customs|~|Cuba -- Periodicals,,https://iiif.library.ucla.edu/ark%3A%2F21198%2Fz1cr8fnt/manifest
Work,1924-04-03 (vol. 05 | no. 14),ark:/21198/z1807pxd,ark:/21198/z10s29nt,,open,,https://iiif.library.ucla.edu/iiif/2/ark%3A%2F21198%2Fz1tm9zfc,,3 de abril de 1924|~|1924-04-03,1924-04-03,8 pages,newspapers,spa,ihc_progreso_19240403,Havana (Cuba),Instituto de Historia de Cuba,text,unknown,"http://www.ihc.cu/, webmaster@ihc.cu",paged,Cuba -- Politics and government -- 1909-1933|~|Cuba -- Social life and customs|~|Cuba -- Periodicals,,https://iiif.library.ucla.edu/ark%3A%2F21198%2Fz1807pxd/manifest
Work,1924-04-10 (vol. 05 | no. 15),ark:/21198/z1476z5n,ark:/21198/z10s29nt,,open,,https://iiif.library.ucla.edu/iiif/2/ark%3A%2F21198%2Fz1sn2x9j,,10 de abril de 1924|~|1924-04-10,1924-04-10,8 pages,newspapers,spa,ihc_progreso_19240410,Havana (Cuba),Instituto de Historia de Cuba,text,unknown,"http://www.ihc.cu/, webmaster@ihc.cu",paged,Cuba -- Politics and government -- 1909-1933|~|Cuba -- Social life and customs|~|Cuba -- Periodicals,,https://iiif.library.ucla.edu/ark%3A%2F21198%2Fz1476z5n/manifest
Work,1924-04-17 (vol. 05 | no. 15),ark:/21198/z10g66dv,ark:/21198/z10s29nt,,open,,https://iiif.library.ucla.edu/iiif/2/ark%3A%2F21198%2Fz1rr4kj1,,17 de abril de 1924|~|1924-04-17,1924-04-17,12 pages,newspapers,spa,ihc_progreso_19240417,Havana (Cuba),Instituto de Historia de Cuba,text,unknown,"http://www.ihc.cu/, webmaster@ihc.cu",paged,Cuba -- Politics and government -- 1909-1933|~|Cuba -- Social life and customs|~|Cuba -- Periodicals,,https://iiif.library.ucla.edu/ark%3A%2F21198%2Fz10g66dv/manifest
Work,1924-05-15 (vol. 05 | no. 19),ark:/21198/z1vq5pwq,ark:/21198/z10s29nt,,open,,https://iiif.library.ucla.edu/iiif/2/ark%3A%2F21198%2Fz16q4jj9,,15 de mayo de 1924|~|1924-05-15,1924-05-15,8 pages,newspapers,spa,ihc_progreso_19240515,Havana (Cuba),Instituto de Historia de Cuba,text,unknown,"http://www.ihc.cu/, webmaster@ihc.cu",paged,Cuba -- Politics and government -- 1909-1933|~|Cuba -- Social life and customs|~|Cuba -- Periodicals,,https://iiif.library.ucla.edu/ark%3A%2F21198%2Fz1vq5pwq/manifest
Work,1924-05-22 (vol. 05 | no. 20),ark:/21198/z1r23nmg,ark:/21198/z10s29nt,,open,,https://iiif.library.ucla.edu/iiif/2/ark%3A%2F21198%2Fz15q7hdx,,22 de mayo de 1924|~|1924-05-22,1924-05-22,8 pages,newspapers,spa,ihc_progreso_19240522,Havana (Cuba),Instituto de Historia de Cuba,text,unknown,"http://www.ihc.cu/, webmaster@ihc.cu",paged,Cuba -- Politics and government -- 1909-1933|~|Cuba -- Social life and customs|~|Cuba -- Periodicals,,https://iiif.library.ucla.edu/ark%3A%2F21198%2Fz1r23nmg/manifest
Work,1924-05-29 (vol. 05 | no. 21),ark:/21198/z1m92wv9,ark:/21198/z10s29nt,,open,,https://iiif.library.ucla.edu/iiif/2/ark%3A%2F21198%2Fz14t95q9,,29 de mayo de 1924|~|1924-05-29,1924-05-29,8 pages,newspapers,spa,ihc_progreso_19240529,Havana (Cuba),Instituto de Historia de Cuba,text,unknown,"http://www.ihc.cu/, webmaster@ihc.cu",paged,Cuba -- Politics and government -- 1909-1933|~|Cuba -- Social life and customs|~|Cuba -- Periodicals,,https://iiif.library.ucla.edu/ark%3A%2F21198%2Fz1m92wv9/manifest
Work,1924-06-05 (vol. 05 | no. 22),ark:/21198/z1gj257q,ark:/21198/z10s29nt,,open,,https://iiif.library.ucla.edu/iiif/2/ark%3A%2F21198%2Fz13v24hk,,5 de junio de 1924|~|1924-06-05,1924-06-05,8 pages,newspapers,spa,ihc_progreso_19240605,Havana (Cuba),Instituto de Historia de Cuba,text,unknown,"http://www.ihc.cu/, webmaster@ihc.cu",paged,Cuba -- Politics and government -- 1909-1933|~|Cuba -- Social life and customs|~|Cuba -- Periodicals,,https://iiif.library.ucla.edu/ark%3A%2F21198%2Fz1gj257q/manifest
Work,1924-06-12 (vol. 05 | no. 23),ark:/21198/z1bs1df3,ark:/21198/z10s29nt,,open,,https://iiif.library.ucla.edu/iiif/2/ark%3A%2F21198%2Fz12v53dn,,12 de junio de 1924|~|1924-06-12,1924-06-12,8 pages,newspapers,spa,ihc_progreso_19240612,Havana (Cuba),Instituto de Historia de Cuba,text,unknown,"http://www.ihc.cu/, webmaster@ihc.cu",paged,Cuba -- Politics and government -- 1909-1933|~|Cuba -- Social life and customs|~|Cuba -- Periodicals,,https://iiif.library.ucla.edu/ark%3A%2F21198%2Fz1bs1df3/manifest
Work,1924-06-21 (vol. 05 | no. 24),ark:/21198/z1710nqp,ark:/21198/z10s29nt,,open,,https://iiif.library.ucla.edu/iiif/2/ark%3A%2F21198%2Fz11v8288,,21 de junio de 1924|~|1924-06-21,1924-06-21,8 pages,newspapers,spa,ihc_progreso_19240621,Havana (Cuba),Instituto de Historia de Cuba,text,unknown,"http://www.ihc.cu/, webmaster@ihc.cu",paged,Cuba -- Politics and government -- 1909-1933|~|Cuba -- Social life and customs|~|Cuba -- Periodicals,,https://iiif.library.ucla.edu/ark%3A%2F21198%2Fz1710nqp/manifest
Work,1924-06-28 (vol. 05 | no. 25),ark:/21198/z1379wxh,ark:/21198/z10s29nt,,open,,https://iiif.library.ucla.edu/iiif/2/ark%3A%2F21198%2Fz10w112j,,28 de junio de 1924|~|1924-06-28,1924-06-28,8 pages,newspapers,spa,ihc_progreso_19240628,Havana (Cuba),Instituto de Historia de Cuba,text,unknown,"http://www.ihc.cu/, webmaster@ihc.cu",paged,Cuba -- Politics and government -- 1909-1933|~|Cuba -- Social life and customs|~|Cuba -- Periodicals,,https://iiif.library.ucla.edu/ark%3A%2F21198%2Fz1379wxh/manifest
Work,1924-07-05 (vol. 05 | no. 26),ark:/21198/z1zg9dfm,ark:/21198/z10s29nt,,open,,https://iiif.library.ucla.edu/iiif/2/ark%3A%2F21198%2Fz1zw478j,,5 de julio de 1924|~|1924-07-05,1924-07-05,8 pages,newspapers,spa,ihc_progreso_19240705,Havana (Cuba),Instituto de Historia de Cuba,text,unknown,"http://www.ihc.cu/, webmaster@ihc.cu",paged,Cuba -- Politics and government -- 1909-1933|~|Cuba -- Social life and customs|~|Cuba -- Periodicals,,https://iiif.library.ucla.edu/ark%3A%2F21198%2Fz1zg9dfm/manifest
Work,1924-07-12 (vol. 05 | no. 27),ark:/21198/z1tt7c52,ark:/21198/z10s29nt,,open,,https://iiif.library.ucla.edu/iiif/2/ark%3A%2F21198%2Fz1z05wf2,,12 de julio de 1924|~|1924-07-12,1924-07-12,8 pages,newspapers,spa,ihc_progreso_19240712,Havana (Cuba),Instituto de Historia de Cuba,text,unknown,"http://www.ihc.cu/, webmaster@ihc.cu",paged,Cuba -- Politics and government -- 1909-1933|~|Cuba -- Social life and customs|~|Cuba -- Periodicals,,https://iiif.library.ucla.edu/ark%3A%2F21198%2Fz1tt7c52/manifest
Work,1924-07-19 (vol. 05 | no. 28),ark:/21198/z1q26mg3,ark:/21198/z10s29nt,,open,,https://iiif.library.ucla.edu/iiif/2/ark%3A%2F21198%2Fz1x08vck,,19 de julio de 1924|~|1924-07-19,1924-07-19,8 pages,newspapers,spa,ihc_progreso_19240719,Havana (Cuba),Instituto de Historia de Cuba,text,unknown,"http://www.ihc.cu/, webmaster@ihc.cu",paged,Cuba -- Politics and government -- 1909-1933|~|Cuba -- Social life and customs|~|Cuba -- Periodicals,,https://iiif.library.ucla.edu/ark%3A%2F21198%2Fz1q26mg3/manifest
Work,1924-07-26 (vol. 05 | no. 29),ark:/21198/z1k95vst,ark:/21198/z10s29nt,,open,,https://iiif.library.ucla.edu/iiif/2/ark%3A%2F21198%2Fz1w11t69,,26 de julio de 1924|~|1924-07-26,1924-07-26,10 pages,newspapers,spa,ihc_progreso_19240726,Havana (Cuba),Instituto de Historia de Cuba,text,unknown,"http://www.ihc.cu/, webmaster@ihc.cu",paged,Cuba -- Politics and government -- 1909-1933|~|Cuba -- Social life and customs|~|Cuba -- Periodicals,,https://iiif.library.ucla.edu/ark%3A%2F21198%2Fz1k95vst/manifest
Work,1924-08-02 (vol. 05 | no. 30),ark:/21198/z1fj542w,ark:/21198/z10s29nt,,open,,https://iiif.library.ucla.edu/iiif/2/ark%3A%2F21198%2Fz1kh38mv,,2 de agosto de 1924|~|1924-08-02,1924-08-02,8 pages,newspapers,spa,ihc_progreso_19240802,Havana (Cuba),Instituto de Historia de Cuba,text,unknown,"http://www.ihc.cu/, webmaster@ihc.cu",paged,Cuba -- Politics and government -- 1909-1933|~|Cuba -- Social life and customs|~|Cuba -- Periodicals,,https://iiif.library.ucla.edu/ark%3A%2F21198%2Fz1fj542w/manifest
Work,1924-08-09 (vol. 05 | no. 31),ark:/21198/z19s4c88,ark:/21198/z10s29nt,,open,,https://iiif.library.ucla.edu/iiif/2/ark%3A%2F21198%2Fz1jh67hx,,9 de agosto de 1924|~|1924-08-09,1924-08-09,8 pages,newspapers,spa,ihc_progreso_19240809,Havana (Cuba),Instituto de Historia de Cuba,text,unknown,"http://www.ihc.cu/, webmaster@ihc.cu",paged,Cuba -- Politics and government -- 1909-1933|~|Cuba -- Social life and customs|~|Cuba -- Periodicals,,https://iiif.library.ucla.edu/ark%3A%2F21198%2Fz19s4c88/manifest
Work,1924-08-16 (vol. 05 | no. 32),ark:/21198/z1613mjv,ark:/21198/z10s29nt,,open,,https://iiif.library.ucla.edu/iiif/2/ark%3A%2F21198%2Fz1hm7wr1,,16 de agosto de 1924|~|1924-08-16,1924-08-16,12 pages,newspapers,spa,ihc_progreso_19240816,Havana (Cuba),Instituto de Historia de Cuba,text,unknown,"http://www.ihc.cu/, webmaster@ihc.cu",paged,Cuba -- Politics and government -- 1909-1933|~|Cuba -- Social life and customs|~|Cuba -- Periodicals,,https://iiif.library.ucla.edu/ark%3A%2F21198%2Fz1613mjv/manifest
Work,1924-08-23 (vol. 05 | no. 33),ark:/21198/z1282vsp,ark:/21198/z10s29nt,,open,,https://iiif.library.ucla.edu/iiif/2/ark%3A%2F21198%2Fz1zk841k,,23 de agosto de 1924|~|1924-08-23,1924-08-23,8 pages,newspapers,spa,ihc_progreso_19240823,Havana (Cuba),Instituto de Historia de Cuba,text,unknown,"http://www.ihc.cu/, webmaster@ihc.cu",paged,Cuba -- Politics and government -- 1909-1933|~|Cuba -- Social life and customs|~|Cuba -- Periodicals,,https://iiif.library.ucla.edu/ark%3A%2F21198%2Fz1282vsp/manifest
Work,1924-08-30 (vol. 05 | no. 34),ark:/21198/z1xm12s0,ark:/21198/z10s29nt,,open,,https://iiif.library.ucla.edu/iiif/2/ark%3A%2F21198%2Fz1xp9s8p,,30 de agosto de 1924|~|1924-08-30,1924-08-30,8 pages,newspapers,spa,ihc_progreso_19240830,Havana (Cuba),Instituto de Historia de Cuba,text,unknown,"http://www.ihc.cu/, webmaster@ihc.cu",paged,Cuba -- Politics and government -- 1909-1933|~|Cuba -- Social life and customs|~|Cuba -- Periodicals,,https://iiif.library.ucla.edu/ark%3A%2F21198%2Fz1xm12s0/manifest
Work,1924-09-06 (vol. 05 | no. 35),ark:/21198/z1sv0b2p,ark:/21198/z10s29nt,,open,,https://iiif.library.ucla.edu/iiif/2/ark%3A%2F21198%2Fz1wq2r4v,,6 de septiembre de 1924|~|1924-09-06,1924-09-06,8 pages,newspapers,spa,ihc_progreso_19240906,Havana (Cuba),Instituto de Historia de Cuba,text,unknown,"http://www.ihc.cu/, webmaster@ihc.cu",paged,Cuba -- Politics and government -- 1909-1933|~|Cuba -- Social life and customs|~|Cuba -- Periodicals,,https://iiif.library.ucla.edu/ark%3A%2F21198%2Fz1sv0b2p/manifest
Work,1924-09-13 (vol. 05 | no. 36),ark:/21198/z1p29kdm,ark:/21198/z10s29nt,,open,,https://iiif.library.ucla.edu/iiif/2/ark%3A%2F21198%2Fz1vq5pzm,,13 de septiembre de 1924|~|1924-09-13,1924-09-13,8 pages,newspapers,spa,ihc_progreso_19240913,Havana (Cuba),Instituto de Historia de Cuba,text,unknown,"http://www.ihc.cu/, webmaster@ihc.cu",paged,Cuba -- Politics and government -- 1909-1933|~|Cuba -- Social life and customs|~|Cuba -- Periodicals,,https://iiif.library.ucla.edu/ark%3A%2F21198%2Fz1p29kdm/manifest
Work,1924-09-20 (vol. 05 | no. 37),ark:/21198/z1j98tpw,ark:/21198/z10s29nt,,open,,https://iiif.library.ucla.edu/iiif/2/ark%3A%2F21198%2Fz1tq8nvp,,20 de septiembre de 1924|~|1924-09-20,1924-09-20,8 pages,newspapers,spa,ihc_progreso_19240920,Havana (Cuba),Instituto de Historia de Cuba,text,unknown,"http://www.ihc.cu/, webmaster@ihc.cu",paged,Cuba -- Politics and government -- 1909-1933|~|Cuba -- Social life and customs|~|Cuba -- Periodicals,,https://iiif.library.ucla.edu/ark%3A%2F21198%2Fz1j98tpw/manifest
Work,1924-09-27 (vol. 05 | no. 38),ark:/21198/z1dj82x3,ark:/21198/z10s29nt,,open,,https://iiif.library.ucla.edu/iiif/2/ark%3A%2F21198%2Fz1sr1mqv,,27 de septiembre de 1924|~|1924-09-27,1924-09-27,8 pages,newspapers,spa,ihc_progreso_19240927,Havana (Cuba),Instituto de Historia de Cuba,text,unknown,"http://www.ihc.cu/, webmaster@ihc.cu",paged,Cuba -- Politics and government -- 1909-1933|~|Cuba -- Social life and customs|~|Cuba -- Periodicals,,https://iiif.library.ucla.edu/ark%3A%2F21198%2Fz1dj82x3/manifest
Work,1924-10-04 (vol. 05 | no. 39),ark:/21198/z18s7b4w,ark:/21198/z10s29nt,,open,,https://iiif.library.ucla.edu/iiif/2/ark%3A%2F21198%2Fz1rr4kkg,,4 de octubre de 1924|~|1924-10-04,1924-10-04,8 pages,newspapers,spa,ihc_progreso_19241004,Havana (Cuba),Instituto de Historia de Cuba,text,unknown,"http://www.ihc.cu/, webmaster@ihc.cu",paged,Cuba -- Politics and government -- 1909-1933|~|Cuba -- Social life and customs|~|Cuba -- Periodicals,,https://iiif.library.ucla.edu/ark%3A%2F21198%2Fz18s7b4w/manifest
Work,1924-10-11 (vol. 05 | no. 40),ark:/21198/z1516kfx,ark:/21198/z10s29nt,,open,,https://iiif.library.ucla.edu/iiif/2/ark%3A%2F21198%2Fz1qr7jgj,,11 de octubre de 1924|~|1924-10-11,1924-10-11,8 pages,newspapers,spa,ihc_progreso_19241011,Havana (Cuba),Instituto de Historia de Cuba,text,unknown,"http://www.ihc.cu/, webmaster@ihc.cu",paged,Cuba -- Politics and government -- 1909-1933|~|Cuba -- Social life and customs|~|Cuba -- Periodicals,,https://iiif.library.ucla.edu/ark%3A%2F21198%2Fz1516kfx/manifest
Work,1924-10-18 (vol. 05 | no. 41),ark:/21198/z11c4j3g,ark:/21198/z10s29nt,,open,,https://iiif.library.ucla.edu/iiif/2/ark%3A%2F21198%2Fz1pv96rg,,18 de octubre de 1924|~|1924-10-18,1924-10-18,4 pages,newspapers,spa,ihc_progreso_19241018,Havana (Cuba),Instituto de Historia de Cuba,text,unknown,"http://www.ihc.cu/, webmaster@ihc.cu",paged,Cuba -- Politics and government -- 1909-1933|~|Cuba -- Social life and customs|~|Cuba -- Periodicals,,https://iiif.library.ucla.edu/ark%3A%2F21198%2Fz11c4j3g/manifest
Work,1924-10-25 (vol. 05 | no. 42),ark:/21198/z1wm41nm,ark:/21198/z10s29nt,,open,,https://iiif.library.ucla.edu/iiif/2/ark%3A%2F21198%2Fz15t66vp,,25 de octubre de 1924|~|1924-10-25,1924-10-25,8 pages,newspapers,spa,ihc_progreso_19241025,Havana (Cuba),Instituto de Historia de Cuba,text,unknown,"http://www.ihc.cu/, webmaster@ihc.cu",paged,Cuba -- Politics and government -- 1909-1933|~|Cuba -- Social life and customs|~|Cuba -- Periodicals,,https://iiif.library.ucla.edu/ark%3A%2F21198%2Fz1wm41nm/manifest
Work,1924-11-01 (vol. 05 | no. 43),ark:/21198/z1rv3906,ark:/21198/z10s29nt,,open,,https://iiif.library.ucla.edu/iiif/2/ark%3A%2F21198%2Fz14t95rr,,1 de noviembre de 1924|~|1924-11-01,1924-11-01,8 pages,newspapers,spa,ihc_progreso_19241101,Havana (Cuba),Instituto de Historia de Cuba,text,unknown,"http://www.ihc.cu/, webmaster@ihc.cu",paged,Cuba -- Politics and government -- 1909-1933|~|Cuba -- Social life and customs|~|Cuba -- Periodicals,,https://iiif.library.ucla.edu/ark%3A%2F21198%2Fz1rv3906/manifest
Work,1924-11-08 (vol. 05 | no. 44),ark:/21198/z1n32j6w,ark:/21198/z10s29nt,,open,,https://iiif.library.ucla.edu/iiif/2/ark%3A%2F21198%2Fz13z0v18,,8 de noviembre de 1924|~|1924-11-08,1924-11-08,12 pages,newspapers,spa,ihc_progreso_19241108,Havana (Cuba),Instituto de Historia de Cuba,text,unknown,"http://www.ihc.cu/, webmaster@ihc.cu",paged,Cuba -- Politics and government -- 1909-1933|~|Cuba -- Social life and customs|~|Cuba -- Periodicals,,https://iiif.library.ucla.edu/ark%3A%2F21198%2Fz1n32j6w/manifest
Work,1924-11-15 (vol. 05 | no. 45),ark:/21198/z1hb1sg5,ark:/21198/z10s29nt,,open,,https://iiif.library.ucla.edu/iiif/2/ark%3A%2F21198%2Fz1jx127h,,15 de noviembre de 1924|~|1924-11-15,1924-11-15,8 pages,newspapers,spa,ihc_progreso_19241115,Havana (Cuba),Instituto de Historia de Cuba,text,unknown,"http://www.ihc.cu/, webmaster@ihc.cu",paged,Cuba -- Politics and government -- 1909-1933|~|Cuba -- Social life and customs|~|Cuba -- Periodicals,,https://iiif.library.ucla.edu/ark%3A%2F21198%2Fz1hb1sg5/manifest
Work,1924-11-22 (vol. 05 | no. 46),ark:/21198/z1ck11px,ark:/21198/z10s29nt,,open,,https://iiif.library.ucla.edu/iiif/2/ark%3A%2F21198%2Fz1hx410s,,22 de noviembre de 1924|~|1924-11-22,1924-11-22,8 pages,newspapers,spa,ihc_progreso_19241122,Havana (Cuba),Instituto de Historia de Cuba,text,unknown,"http://www.ihc.cu/, webmaster@ihc.cu",paged,Cuba -- Politics and government -- 1909-1933|~|Cuba -- Social life and customs|~|Cuba -- Periodicals,,https://iiif.library.ucla.edu/ark%3A%2F21198%2Fz1ck11px/manifest
Work,1924-11-29 (vol. 05 | no. 47),ark:/21198/z17t08z6,ark:/21198/z10s29nt,,open,,https://iiif.library.ucla.edu/iiif/2/ark%3A%2F21198%2Fz1h15pbj,,29 de noviembre de 1924|~|1924-11-29,1924-11-29,8 pages,newspapers,spa,ihc_progreso_19241129,Havana (Cuba),Instituto de Historia de Cuba,text,unknown,"http://www.ihc.cu/, webmaster@ihc.cu",paged,Cuba -- Politics and government -- 1909-1933|~|Cuba -- Social life and customs|~|Cuba -- Periodicals,,https://iiif.library.ucla.edu/ark%3A%2F21198%2Fz17t08z6/manifest
Work,1924-12-06 (vol. 05 | no. 48),ark:/21198/z14487pd,ark:/21198/z10s29nt,,open,,https://iiif.library.ucla.edu/iiif/2/ark%3A%2F21198%2Fz1g18n48,,6 de diciembre de 1924|~|1924-12-06,1924-12-06,8 pages,newspapers,spa,ihc_progreso_19241206,Havana (Cuba),Instituto de Historia de Cuba,text,unknown,"http://www.ihc.cu/, webmaster@ihc.cu",paged,Cuba -- Politics and government -- 1909-1933|~|Cuba -- Social life and customs|~|Cuba -- Periodicals,,https://iiif.library.ucla.edu/ark%3A%2F21198%2Fz14487pd/manifest
Work,1924-12-13 (vol. 05 | no. 49),ark:/21198/z10c7h0j,ark:/21198/z10s29nt,,open,,https://iiif.library.ucla.edu/iiif/2/ark%3A%2F21198%2Fz1f21m0f,,13 de diciembre de 1924|~|1924-12-13,1924-12-13,4 pages,newspapers,spa,ihc_progreso_19241213,Havana (Cuba),Instituto de Historia de Cuba,text,unknown,"http://www.ihc.cu/, webmaster@ihc.cu",paged,Cuba -- Politics and government -- 1909-1933|~|Cuba -- Social life and customs|~|Cuba -- Periodicals,,https://iiif.library.ucla.edu/ark%3A%2F21198%2Fz10c7h0j/manifest
Work,1924-12-20 (vol. 05 | no. 50),ark:/21198/z1vm70h7,ark:/21198/z10s29nt,,open,,https://iiif.library.ucla.edu/iiif/2/ark%3A%2F21198%2Fz1x37jtb,,20 de diciembre de 1924|~|1924-12-20,1924-12-20,12 pages,newspapers,spa,ihc_progreso_19241220,Havana (Cuba),Instituto de Historia de Cuba,text,unknown,"http://www.ihc.cu/, webmaster@ihc.cu",paged,Cuba -- Politics and government -- 1909-1933|~|Cuba -- Social life and customs|~|Cuba -- Periodicals,,https://iiif.library.ucla.edu/ark%3A%2F21198%2Fz1vm70h7/manifest
Work,1924-12-27 (vol. 05 | no. 51),ark:/21198/z1qv67sh,ark:/21198/z10s29nt,,open,,https://iiif.library.ucla.edu/iiif/2/ark%3A%2F21198%2Fz1c27hs5,,27 de diciembre de 1924|~|1924-12-27,1924-12-27,8 pages,newspapers,spa,ihc_progreso_19241227,Havana (Cuba),Instituto de Historia de Cuba,text,unknown,"http://www.ihc.cu/, webmaster@ihc.cu",paged,Cuba -- Politics and government -- 1909-1933|~|Cuba -- Social life and customs|~|Cuba -- Periodicals,,https://iiif.library.ucla.edu/ark%3A%2F21198%2Fz1qv67sh/manifest
Work,1925-01-03 (vol. 06 | no. 01),ark:/21198/z1m35h0m,ark:/21198/z10s29nt,,open,,https://iiif.library.ucla.edu/iiif/2/ark%3A%2F21198%2Fz1b30gps,,3 de enero de 1925|~|1925-01-03,1925-01-03,8 pages,newspapers,spa,ihc_progreso_19250103,Havana (Cuba),Instituto de Historia de Cuba,text,unknown,"http://www.ihc.cu/, webmaster@ihc.cu",paged,Cuba -- Politics and government -- 1909-1933|~|Cuba -- Social life and customs|~|Cuba -- Periodicals,,https://iiif.library.ucla.edu/ark%3A%2F21198%2Fz1m35h0m/manifest
Work,1925-01-10 (vol. 06 | no. 02),ark:/21198/z1gb4r8w,ark:/21198/z10s29nt,,open,,https://iiif.library.ucla.edu/iiif/2/ark%3A%2F21198%2Fz19624wt,,10 de enero de 1925|~|1925-01-10,1925-01-10,4 pages,newspapers,spa,ihc_progreso_19250110,Havana (Cuba),Instituto de Historia de Cuba,text,unknown,"http://www.ihc.cu/, webmaster@ihc.cu",paged,Cuba -- Politics and government -- 1909-1933|~|Cuba -- Social life and customs|~|Cuba -- Periodicals,,https://iiif.library.ucla.edu/ark%3A%2F21198%2Fz1gb4r8w/manifest
Work,1925-01-17 (vol. 06 | no. 03),ark:/21198/z1bk40k0,ark:/21198/z10s29nt,,open,,https://iiif.library.ucla.edu/iiif/2/ark%3A%2F21198%2Fz1s49d9t,,17 de enero de 1925|~|1925-01-17,1925-01-17,8 pages,newspapers,spa,ihc_progreso_19250117,Havana (Cuba),Instituto de Historia de Cuba,text,unknown,"http://www.ihc.cu/, webmaster@ihc.cu",paged,Cuba -- Politics and government -- 1909-1933|~|Cuba -- Social life and customs|~|Cuba -- Periodicals,,https://iiif.library.ucla.edu/ark%3A%2F21198%2Fz1bk40k0/manifest
Work,1925-01-24 (vol. 06 | no. 04),ark:/21198/z16x1z8m,ark:/21198/z10s29nt,,open,,https://iiif.library.ucla.edu/iiif/2/ark%3A%2F21198%2Fz1r52c33,,24 de enero de 1925|~|1925-01-24,1925-01-24,7 pages,newspapers,spa,ihc_progreso_19250124,Havana (Cuba),Instituto de Historia de Cuba,text,unknown,"http://www.ihc.cu/, webmaster@ihc.cu",paged,Cuba -- Politics and government -- 1909-1933|~|Cuba -- Social life and customs|~|Cuba -- Periodicals,,https://iiif.library.ucla.edu/ark%3A%2F21198%2Fz16x1z8m/manifest
Work,1925-01-31 (vol. 06 | no. 05),ark:/21198/z13516mg,ark:/21198/z10s29nt,,open,,https://iiif.library.ucla.edu/iiif/2/ark%3A%2F21198%2Fz1tx62rm,,31 de enero de 1925|~|1925-01-31,1925-01-31,8 pages,newspapers,spa,ihc_progreso_19250131,Havana (Cuba),Instituto de Historia de Cuba,text,unknown,"http://www.ihc.cu/, webmaster@ihc.cu",paged,Cuba -- Politics and government -- 1909-1933|~|Cuba -- Social life and customs|~|Cuba -- Periodicals,,https://iiif.library.ucla.edu/ark%3A%2F21198%2Fz13516mg/manifest
Work,1925-02-07 (vol. 06 | no. 06),ark:/21198/z1zd0q5n,ark:/21198/z10s29nt,,open,,https://iiif.library.ucla.edu/iiif/2/ark%3A%2F21198%2Fz1sx91ks,,7 de febrero de 1925|~|1925-02-07,1925-02-07,8 pages,newspapers,spa,ihc_progreso_19250207,Havana (Cuba),Instituto de Historia de Cuba,text,unknown,"http://www.ihc.cu/, webmaster@ihc.cu",paged,Cuba -- Politics and government -- 1909-1933|~|Cuba -- Social life and customs|~|Cuba -- Periodicals,,https://iiif.library.ucla.edu/ark%3A%2F21198%2Fz1zd0q5n/manifest
Work,1925-02-14 (vol. 06 | no. 07),ark:/21198/z1tm9zdx,ark:/21198/z10s29nt,,open,,https://iiif.library.ucla.edu/iiif/2/ark%3A%2F21198%2Fz1s20pwn,,14 de febrero de 1925|~|1925-02-14,1925-02-14,8 pages,newspapers,spa,ihc_progreso_19250214,Havana (Cuba),Instituto de Historia de Cuba,text,unknown,"http://www.ihc.cu/, webmaster@ihc.cu",paged,Cuba -- Politics and government -- 1909-1933|~|Cuba -- Social life and customs|~|Cuba -- Periodicals,,https://iiif.library.ucla.edu/ark%3A%2F21198%2Fz1tm9zdx/manifest
Work,1925-02-22 (vol. 06 | no. 08),ark:/21198/z1pv96n4,ark:/21198/z10s29nt,,open,,https://iiif.library.ucla.edu/iiif/2/ark%3A%2F21198%2Fz1r23nr8,,22 de febrero de 1925|~|1925-02-22,1925-02-22,8 pages,newspapers,spa,ihc_progreso_19250222,Havana (Cuba),Instituto de Historia de Cuba,text,unknown,"http://www.ihc.cu/, webmaster@ihc.cu",paged,Cuba -- Politics and government -- 1909-1933|~|Cuba -- Social life and customs|~|Cuba -- Periodicals,,https://iiif.library.ucla.edu/ark%3A%2F21198%2Fz1pv96n4/manifest
Work,1925-02-28 (vol. 06 | no. 09),ark:/21198/z1k38fw8,ark:/21198/z10s29nt,,open,,https://iiif.library.ucla.edu/iiif/2/ark%3A%2F21198%2Fz1q26mj0,,28 de febrero de 1925|~|1925-02-28,1925-02-28,8 pages,newspapers,spa,ihc_progreso_19250228,Havana (Cuba),Instituto de Historia de Cuba,text,unknown,"http://www.ihc.cu/, webmaster@ihc.cu",paged,Cuba -- Politics and government -- 1909-1933|~|Cuba -- Social life and customs|~|Cuba -- Periodicals,,https://iiif.library.ucla.edu/ark%3A%2F21198%2Fz1k38fw8/manifest
Work,1925-03-07 (vol. 06 | no. 10),ark:/21198/z1fb7q6d,ark:/21198/z10s29nt,,open,,https://iiif.library.ucla.edu/iiif/2/ark%3A%2F21198%2Fz1p29kgh,,7 de marzo de 1925|~|1925-03-07,1925-03-07,8 pages,newspapers,spa,ihc_progreso_19250307,Havana (Cuba),Instituto de Historia de Cuba,text,unknown,"http://www.ihc.cu/, webmaster@ihc.cu",paged,Cuba -- Politics and government -- 1909-1933|~|Cuba -- Social life and customs|~|Cuba -- Periodicals,,https://iiif.library.ucla.edu/ark%3A%2F21198%2Fz1fb7q6d/manifest
Work,1925-03-14 (vol. 06 | no. 11),ark:/21198/z19p5nvj,ark:/21198/z10s29nt,,open,,https://iiif.library.ucla.edu/iiif/2/ark%3A%2F21198%2Fz1n32j8s,,14 de marzo de 1925|~|1925-03-14,1925-03-14,8 pages,newspapers,spa,ihc_progreso_19250314,Havana (Cuba),Instituto de Historia de Cuba,text,unknown,"http://www.ihc.cu/, webmaster@ihc.cu",paged,Cuba -- Politics and government -- 1909-1933|~|Cuba -- Social life and customs|~|Cuba -- Periodicals,,https://iiif.library.ucla.edu/ark%3A%2F21198%2Fz19p5nvj/manifest
Work,1925-03-21 (vol. 06 | no. 12),ark:/21198/z15x4x5p,ark:/21198/z10s29nt,,open,,https://iiif.library.ucla.edu/iiif/2/ark%3A%2F21198%2Fz1m35h3z,Printed in text as Vol. 04.,21 de marzo de 1925|~|1925-03-21,1925-03-21,8 pages,newspapers,spa,ihc_progreso_19250321,Havana (Cuba),Instituto de Historia de Cuba,text,unknown,"http://www.ihc.cu/, webmaster@ihc.cu",paged,Cuba -- Politics and government -- 1909-1933|~|Cuba -- Social life and customs|~|Cuba -- Periodicals,,https://iiif.library.ucla.edu/ark%3A%2F21198%2Fz15x4x5p/manifest
Work,1925-03-25 (vol. 06 | edición especial),ark:/21198/z12545g3,ark:/21198/z10s29nt,,open,,https://iiif.library.ucla.edu/iiif/2/ark%3A%2F21198%2Fz1k675fs,Special Edition,25 de marzo de 1925|~|1925-03-25,1925-03-25,14 pages,newspapers,spa,ihc_progreso_19250325,Havana (Cuba),Instituto de Historia de Cuba,text,unknown,"http://www.ihc.cu/, webmaster@ihc.cu",paged,Cuba -- Politics and government -- 1909-1933|~|Cuba -- Social life and customs|~|Cuba -- Periodicals,,https://iiif.library.ucla.edu/ark%3A%2F21198%2Fz12545g3/manifest
Work,1925-03-28 (vol. 06 | no. 13),ark:/21198/z1xd3nxh,ark:/21198/z10s29nt,,open,,https://iiif.library.ucla.edu/iiif/2/ark%3A%2F21198%2Fz1rr4kmx,Printed in text as Vol. 04.,28 de marzo de 1925|~|1925-03-28,1925-03-28,8 pages,newspapers,spa,ihc_progreso_19250328,Havana (Cuba),Instituto de Historia de Cuba,text,unknown,"http://www.ihc.cu/, webmaster@ihc.cu",paged,Cuba -- Politics and government -- 1909-1933|~|Cuba -- Social life and customs|~|Cuba -- Periodicals,,https://iiif.library.ucla.edu/ark%3A%2F21198%2Fz1xd3nxh/manifest
Work,1925-07-23 (vol. 06 | no. 30),ark:/21198/z1sn2x7n,ark:/21198/z10s29nt,,open,,https://iiif.library.ucla.edu/iiif/2/ark%3A%2F21198%2Fz1qr7jh0,Printed in text as Vol. 04.,23 de julio de 1925|~|1925-07-23,1925-07-23,4 pages,newspapers,spa,ihc_progreso_19250723,Havana (Cuba),Instituto de Historia de Cuba,text,unknown,"http://www.ihc.cu/, webmaster@ihc.cu",paged,Cuba -- Politics and government -- 1909-1933|~|Cuba -- Social life and customs|~|Cuba -- Periodicals,,https://iiif.library.ucla.edu/ark%3A%2F21198%2Fz1sn2x7n/manifest
Work,1925-07-30 (vol. 06 | no. 31),ark:/21198/z1nw25gv,ark:/21198/z10s29nt,,open,,https://iiif.library.ucla.edu/iiif/2/ark%3A%2F21198%2Fz16q4jm6,Printed in text as Vol. 04.,30 de julio de 1925|~|1925-07-30,1925-07-30,4 pages,newspapers,spa,ihc_progreso_19250730,Havana (Cuba),Instituto de Historia de Cuba,text,unknown,"http://www.ihc.cu/, webmaster@ihc.cu",paged,Cuba -- Politics and government -- 1909-1933|~|Cuba -- Social life and customs|~|Cuba -- Periodicals,,https://iiif.library.ucla.edu/ark%3A%2F21198%2Fz1nw25gv/manifest
Work,1925-08-06 (vol. 06 | no. 32),ark:/21198/z1j41dsw,ark:/21198/z10s29nt,,open,,https://iiif.library.ucla.edu/iiif/2/ark%3A%2F21198%2Fz1ps0h8t,Printed in text as Vol. 04.,6 de agosto de 1925|~|1925-08-06,1925-08-06,4 pages,newspapers,spa,ihc_progreso_19250806,Havana (Cuba),Instituto de Historia de Cuba,text,unknown,"http://www.ihc.cu/, webmaster@ihc.cu",paged,Cuba -- Politics and government -- 1909-1933|~|Cuba -- Social life and customs|~|Cuba -- Periodicals,,https://iiif.library.ucla.edu/ark%3A%2F21198%2Fz1j41dsw/manifest
Work,1925-08-13 (vol. 06 | no. 33),ark:/21198/z1df9cdf,ark:/21198/z10s29nt,,open,,https://iiif.library.ucla.edu/iiif/2/ark%3A%2F21198%2Fz15t66w4,Printed in text as Vol. 04.,13 de agosto de 1925|~|1925-08-13,1925-08-13,4 pages,newspapers,spa,ihc_progreso_19250813,Havana (Cuba),Instituto de Historia de Cuba,text,unknown,"http://www.ihc.cu/, webmaster@ihc.cu",paged,Cuba -- Politics and government -- 1909-1933|~|Cuba -- Social life and customs|~|Cuba -- Periodicals,,https://iiif.library.ucla.edu/ark%3A%2F21198%2Fz1df9cdf/manifest
Work,1925-09-10 (vol. 06 | no. 36),ark:/21198/z18p8ms2,ark:/21198/z10s29nt,,open,,https://iiif.library.ucla.edu/iiif/2/ark%3A%2F21198%2Fz1ns3g87,Printed in text as Vol. 04.,10 de septiembre de 1925|~|1925-09-10,1925-09-10,4 pages,newspapers,spa,ihc_progreso_19250910,Havana (Cuba),Instituto de Historia de Cuba,text,unknown,"http://www.ihc.cu/, webmaster@ihc.cu",paged,Cuba -- Politics and government -- 1909-1933|~|Cuba -- Social life and customs|~|Cuba -- Periodicals,,https://iiif.library.ucla.edu/ark%3A%2F21198%2Fz18p8ms2/manifest
Work,1925-09-24 (vol. 06 | no. 38),ark:/21198/z14x7w2r,ark:/21198/z10s29nt,,open,,https://iiif.library.ucla.edu/iiif/2/ark%3A%2F21198%2Fz14t95s6,Printed in text as Vol. 04.,24 de septiembre de 1925|~|1925-09-24,1925-09-24,4 pages,newspapers,spa,ihc_progreso_19250924,Havana (Cuba),Instituto de Historia de Cuba,text,unknown,"http://www.ihc.cu/, webmaster@ihc.cu",paged,Cuba -- Politics and government -- 1909-1933|~|Cuba -- Social life and customs|~|Cuba -- Periodicals,,https://iiif.library.ucla.edu/ark%3A%2F21198%2Fz14x7w2r/manifest