File Name,Object Type,Title,Item Sequence,Issue Sequence,Parent ARK,Issue ARK,Item ARK,Bucketeer State,Visibility,IIIF Access URL,Range.1
Masters/othermasters/DEPpalabra/images/ihc_palabra_19350120_001.tif,Page,Page 1,1,1,ark:/21198/z1xd3r0n,ark:/21198/z1nw27h4,ark:/21198/z1h15rbc,succeeded,open,https://iiif.library.ucla.edu/iiif/2/ark%3A%2F21198%2Fz1h15rbc,1935-01-20 (año 01 | num. 01)
Masters/othermasters/DEPpalabra/images/ihc_palabra_19350120_002.tif,Page,Page 2,2,2,ark:/21198/z1xd3r0n,ark:/21198/z1nw27h4,ark:/21198/z1c850m1,succeeded,open,https://iiif.library.ucla.edu/iiif/2/ark%3A%2F21198%2Fz1c850m1,1935-01-20 (año 01 | num. 01)
Masters/othermasters/DEPpalabra/images/ihc_palabra_19350120_003.tif,Page,Page 3,3,3,ark:/21198/z1xd3r0n,ark:/21198/z1nw27h4,ark:/21198/z17h47td,succeeded,open,https://iiif.library.ucla.edu/iiif/2/ark%3A%2F21198%2Fz17h47td,1935-01-20 (año 01 | num. 01)
Masters/othermasters/DEPpalabra/images/ihc_palabra_19350120_004.tif,Page,Page 4,4,4,ark:/21198/z1xd3r0n,ark:/21198/z1nw27h4,ark:/21198/z13r3h4j,succeeded,open,https://iiif.library.ucla.edu/iiif/2/ark%3A%2F21198%2Fz13r3h4j,1935-01-20 (año 01 | num. 01)
Masters/othermasters/DEPpalabra/images/ihc_palabra_19350120_005.tif,Page,Page 5,5,5,ark:/21198/z1xd3r0n,ark:/21198/z1nw27h4,ark:/21198/z1002rfk,succeeded,open,https://iiif.library.ucla.edu/iiif/2/ark%3A%2F21198%2Fz1002rfk,1935-01-20 (año 01 | num. 01)
Masters/othermasters/DEPpalabra/images/ihc_palabra_19350120_006.tif,Page,Page 6,6,6,ark:/21198/z1xd3r0n,ark:/21198/z1nw27h4,ark:/21198/z1vb0zcm,succeeded,open,https://iiif.library.ucla.edu/iiif/2/ark%3A%2F21198%2Fz1vb0zcm,1935-01-20 (año 01 | num. 01)
Masters/othermasters/DEPpalabra/images/ihc_palabra_19350120_007.tif,Page,Page 7,7,7,ark:/21198/z1xd3r0n,ark:/21198/z1nw27h4,ark:/21198/z1qk06mt,succeeded,open,https://iiif.library.ucla.edu/iiif/2/ark%3A%2F21198%2Fz1qk06mt,1935-01-20 (año 01 | num. 01)
Masters/othermasters/DEPpalabra/images/ihc_palabra_19350122_001.tif,Page,Page 1,8,1,ark:/21198/z1xd3r0n,ark:/21198/z1j41gsq,ark:/21198/z1ks9fwj,succeeded,open,https://iiif.library.ucla.edu/iiif/2/ark%3A%2F21198%2Fz1ks9fwj,1935-01-22 (año 01 | num. 02)
Masters/othermasters/DEPpalabra/images/ihc_palabra_19350122_002.tif,Page,Page 2,9,2,ark:/21198/z1xd3r0n,ark:/21198/z1j41gsq,ark:/21198/z1g18q43,succeeded,open,https://iiif.library.ucla.edu/iiif/2/ark%3A%2F21198%2Fz1g18q43,1935-01-22 (año 01 | num. 02)
Masters/othermasters/DEPpalabra/images/ihc_palabra_19350122_003.tif,Page,Page 3,10,3,ark:/21198/z1xd3r0n,ark:/21198/z1j41gsq,ark:/21198/z1b87zdc,succeeded,open,https://iiif.library.ucla.edu/iiif/2/ark%3A%2F21198%2Fz1b87zdc,1935-01-22 (año 01 | num. 02)
Masters/othermasters/DEPpalabra/images/ihc_palabra_19350122_004.tif,Page,Page 4,11,4,ark:/21198/z1xd3r0n,ark:/21198/z1j41gsq,ark:/21198/z16h76qg,succeeded,open,https://iiif.library.ucla.edu/iiif/2/ark%3A%2F21198%2Fz16h76qg,1935-01-22 (año 01 | num. 02)
Masters/othermasters/DEPpalabra/images/ihc_palabra_19350122_005.tif,Page,Page 5,12,5,ark:/21198/z1xd3r0n,ark:/21198/z1j41gsq,ark:/21198/z12r6g1m,succeeded,open,https://iiif.library.ucla.edu/iiif/2/ark%3A%2F21198%2Fz12r6g1m,1935-01-22 (año 01 | num. 02)
Masters/othermasters/DEPpalabra/images/ihc_palabra_19350122_006.tif,Page,Page 6,13,6,ark:/21198/z1xd3r0n,ark:/21198/z1j41gsq,ark:/21198/z1z34p0d,succeeded,open,https://iiif.library.ucla.edu/iiif/2/ark%3A%2F21198%2Fz1z34p0d,1935-01-22 (año 01 | num. 02)
Masters/othermasters/DEPpalabra/images/ihc_palabra_19350122_007.tif,Page,Page 7,14,7,ark:/21198/z1xd3r0n,ark:/21198/z1j41gsq,ark:/21198/z1tb3x8p,succeeded,open,https://iiif.library.ucla.edu/iiif/2/ark%3A%2F21198%2Fz1tb3x8p,1935-01-22 (año 01 | num. 02)
Masters/othermasters/DEPpalabra/images/ihc_palabra_19350122_008.tif,Page,Page 8,15,8,ark:/21198/z1xd3r0n,ark:/21198/z1j41gsq,ark:/21198/z1pk35hw,succeeded,open,https://iiif.library.ucla.edu/iiif/2/ark%3A%2F21198%2Fz1pk35hw,1935-01-22 (año 01 | num. 02)
Masters/othermasters/DEPpalabra/images/ihc_palabra_19350123_001.tif,Page,Page 1,16,1,ark:/21198/z1xd3r0n,ark:/21198/z1dc0r49,ark:/21198/z1jt2dq8,succeeded,open,https://iiif.library.ucla.edu/iiif/2/ark%3A%2F21198%2Fz1jt2dq8,1935-01-23 (año 01 | num. 03)
Masters/othermasters/DEPpalabra/images/ihc_palabra_19350123_002.tif,Page,Page 2,17,2,ark:/21198/z1xd3r0n,ark:/21198/z1dc0r49,ark:/21198/z1f21nzd,succeeded,open,https://iiif.library.ucla.edu/iiif/2/ark%3A%2F21198%2Fz1f21nzd,1935-01-23 (año 01 | num. 03)
Masters/othermasters/DEPpalabra/images/ihc_palabra_19350123_003.tif,Page,Page 3,18,3,ark:/21198/z1xd3r0n,ark:/21198/z1dc0r49,ark:/21198/z1990x90,succeeded,open,https://iiif.library.ucla.edu/iiif/2/ark%3A%2F21198%2Fz1990x90,1935-01-23 (año 01 | num. 03)
Masters/othermasters/DEPpalabra/images/ihc_palabra_19350123_004.tif,Page,Page 4,19,4,ark:/21198/z1xd3r0n,ark:/21198/z1dc0r49,ark:/21198/z15j05kn,succeeded,open,https://iiif.library.ucla.edu/iiif/2/ark%3A%2F21198%2Fz15j05kn,1935-01-23 (año 01 | num. 03)
Masters/othermasters/DEPpalabra/images/ihc_palabra_19350123_005.tif,Page,Page 5,20,5,ark:/21198/z1xd3r0n,ark:/21198/z1dc0r49,ark:/21198/z11v8483,succeeded,open,https://iiif.library.ucla.edu/iiif/2/ark%3A%2F21198%2Fz11v8483,1935-01-23 (año 01 | num. 03)
Masters/othermasters/DEPpalabra/images/ihc_palabra_19350123_006.tif,Page,Page 6,21,6,ark:/21198/z1xd3r0n,ark:/21198/z1dc0r49,ark:/21198/z1x37mt5,succeeded,open,https://iiif.library.ucla.edu/iiif/2/ark%3A%2F21198%2Fz1x37mt5,1935-01-23 (año 01 | num. 03)
Masters/othermasters/DEPpalabra/images/ihc_palabra_19350123_007.tif,Page,Page 7,22,7,ark:/21198/z1xd3r0n,ark:/21198/z1dc0r49,ark:/21198/z1sb6w2d,succeeded,open,https://iiif.library.ucla.edu/iiif/2/ark%3A%2F21198%2Fz1sb6w2d,1935-01-23 (año 01 | num. 03)
Masters/othermasters/DEPpalabra/images/ihc_palabra_19350123_008.tif,Page,Page 8,23,8,ark:/21198/z1xd3r0n,ark:/21198/z1dc0r49,ark:/21198/z1nk64b2,succeeded,open,https://iiif.library.ucla.edu/iiif/2/ark%3A%2F21198%2Fz1nk64b2,1935-01-23 (año 01 | num. 03)
Masters/othermasters/DEPpalabra/images/ihc_palabra_19350124_001.tif,Page,Page 1,24,1,ark:/21198/z1xd3r0n,ark:/21198/z18m00ch,ark:/21198/z1ht5ckw,succeeded,open,https://iiif.library.ucla.edu/iiif/2/ark%3A%2F21198%2Fz1ht5ckw,1935-01-24 (año 01 | num. 04)
Masters/othermasters/DEPpalabra/images/ihc_palabra_19350124_002.tif,Page,Page 2,25,2,ark:/21198/z1xd3r0n,ark:/21198/z18m00ch,ark:/21198/z1d24mwx,succeeded,open,https://iiif.library.ucla.edu/iiif/2/ark%3A%2F21198%2Fz1d24mwx,1935-01-24 (año 01 | num. 04)
Masters/othermasters/DEPpalabra/images/ihc_palabra_19350124_003.tif,Page,Page 3,26,3,ark:/21198/z1xd3r0n,ark:/21198/z18m00ch,ark:/21198/z1893w62,succeeded,open,https://iiif.library.ucla.edu/iiif/2/ark%3A%2F21198%2Fz1893w62,1935-01-24 (año 01 | num. 04)
Masters/othermasters/DEPpalabra/images/ihc_palabra_19350124_004.tif,Page,Page 4,27,4,ark:/21198/z1xd3r0n,ark:/21198/z18m00ch,ark:/21198/z14n1twn,succeeded,open,https://iiif.library.ucla.edu/iiif/2/ark%3A%2F21198%2Fz14n1twn,1935-01-24 (año 01 | num. 04)
Masters/othermasters/DEPpalabra/images/ihc_palabra_19350124_005.tif,Page,Page 5,28,5,ark:/21198/z1xd3r0n,ark:/21198/z18m00ch,ark:/21198/z10w1348,succeeded,open,https://iiif.library.ucla.edu/iiif/2/ark%3A%2F21198%2Fz10w1348,1935-01-24 (año 01 | num. 04)
Masters/othermasters/DEPpalabra/images/ihc_palabra_19350124_006.tif,Page,Page 6,29,6,ark:/21198/z1xd3r0n,ark:/21198/z18m00ch,ark:/21198/z1w40kpb,succeeded,open,https://iiif.library.ucla.edu/iiif/2/ark%3A%2F21198%2Fz1w40kpb,1935-01-24 (año 01 | num. 04)
Masters/othermasters/DEPpalabra/images/ihc_palabra_19350124_007.tif,Page,Page 7,30,7,ark:/21198/z1xd3r0n,ark:/21198/z18m00ch,ark:/21198/z1rb9tw5,succeeded,open,https://iiif.library.ucla.edu/iiif/2/ark%3A%2F21198%2Fz1rb9tw5,1935-01-24 (año 01 | num. 04)
Masters/othermasters/DEPpalabra/images/ihc_palabra_19350124_008.tif,Page,Page 8,31,8,ark:/21198/z1xd3r0n,ark:/21198/z18m00ch,ark:/21198/z1mk9357,succeeded,open,https://iiif.library.ucla.edu/iiif/2/ark%3A%2F21198%2Fz1mk9357,1935-01-24 (año 01 | num. 04)
Masters/othermasters/DEPpalabra/images/ihc_palabra_19350125_001.tif,Page,Page 1,32,1,ark:/21198/z1xd3r0n,ark:/21198/z14x7z31,ark:/21198/z1gt8bgz,succeeded,open,https://iiif.library.ucla.edu/iiif/2/ark%3A%2F21198%2Fz1gt8bgz,1935-01-25 (año 01 | num. 05)
Masters/othermasters/DEPpalabra/images/ihc_palabra_19350125_002.tif,Page,Page 2,33,2,ark:/21198/z1xd3r0n,ark:/21198/z14x7z31,ark:/21198/z1c27ks0,succeeded,open,https://iiif.library.ucla.edu/iiif/2/ark%3A%2F21198%2Fz1c27ks0,1935-01-25 (año 01 | num. 05)
Masters/othermasters/DEPpalabra/images/ihc_palabra_19350125_003.tif,Page,Page 3,34,3,ark:/21198/z1xd3r0n,ark:/21198/z14x7z31,ark:/21198/z17d5jg0,succeeded,open,https://iiif.library.ucla.edu/iiif/2/ark%3A%2F21198%2Fz17d5jg0,1935-01-25 (año 01 | num. 05)
Masters/othermasters/DEPpalabra/images/ihc_palabra_19350125_004.tif,Page,Page 4,35,4,ark:/21198/z1xd3r0n,ark:/21198/z14x7z31,ark:/21198/z13n4sr8,succeeded,open,https://iiif.library.ucla.edu/iiif/2/ark%3A%2F21198%2Fz13n4sr8,1935-01-25 (año 01 | num. 05)
Masters/othermasters/DEPpalabra/images/ihc_palabra_19350125_005.tif,Page,Page 5,36,5,ark:/21198/z1xd3r0n,ark:/21198/z14x7z31,ark:/21198/z1zw498c,succeeded,open,https://iiif.library.ucla.edu/iiif/2/ark%3A%2F21198%2Fz1zw498c,1935-01-25 (año 01 | num. 05)
Masters/othermasters/DEPpalabra/images/ihc_palabra_19350125_006.tif,Page,Page 6,37,6,ark:/21198/z1xd3r0n,ark:/21198/z14x7z31,ark:/21198/z1v43jg2,succeeded,open,https://iiif.library.ucla.edu/iiif/2/ark%3A%2F21198%2Fz1v43jg2,1935-01-25 (año 01 | num. 05)
Masters/othermasters/DEPpalabra/images/ihc_palabra_19350125_007.tif,Page,Page 7,38,7,ark:/21198/z1xd3r0n,ark:/21198/z14x7z31,ark:/21198/z1qc2srb,succeeded,open,https://iiif.library.ucla.edu/iiif/2/ark%3A%2F21198%2Fz1qc2srb,1935-01-25 (año 01 | num. 05)
Masters/othermasters/DEPpalabra/images/ihc_palabra_19350125_008.tif,Page,Page 8,39,8,ark:/21198/z1xd3r0n,ark:/21198/z14x7z31,ark:/21198/z1km224r,succeeded,open,https://iiif.library.ucla.edu/iiif/2/ark%3A%2F21198%2Fz1km224r,1935-01-25 (año 01 | num. 05)
Masters/othermasters/DEPpalabra/images/ihc_palabra_19350126_001.tif,Page,Page 1,40,1,ark:/21198/z1xd3r0n,ark:/21198/z11576df,ark:/21198/z1fv19ck,succeeded,open,https://iiif.library.ucla.edu/iiif/2/ark%3A%2F21198%2Fz1fv19ck,1935-01-26 (año 01 | num. 06)
Masters/othermasters/DEPpalabra/images/ihc_palabra_19350126_002.tif,Page,Page 2,41,2,ark:/21198/z1xd3r0n,ark:/21198/z11576df,ark:/21198/z1b5981w,succeeded,open,https://iiif.library.ucla.edu/iiif/2/ark%3A%2F21198%2Fz1b5981w,1935-01-26 (año 01 | num. 06)
Masters/othermasters/DEPpalabra/images/ihc_palabra_19350126_003.tif,Page,Page 3,42,3,ark:/21198/z1xd3r0n,ark:/21198/z11576df,ark:/21198/z16d8hbm,succeeded,open,https://iiif.library.ucla.edu/iiif/2/ark%3A%2F21198%2Fz16d8hbm,1935-01-26 (año 01 | num. 06)
Masters/othermasters/DEPpalabra/images/ihc_palabra_19350126_004.tif,Page,Page 4,43,4,ark:/21198/z1xd3r0n,ark:/21198/z11576df,ark:/21198/z12n7rkf,succeeded,open,https://iiif.library.ucla.edu/iiif/2/ark%3A%2F21198%2Fz12n7rkf,1935-01-26 (año 01 | num. 06)
Masters/othermasters/DEPpalabra/images/ihc_palabra_19350126_005.tif,Page,Page 5,44,5,ark:/21198/z1xd3r0n,ark:/21198/z11576df,ark:/21198/z1xw7823,succeeded,open,https://iiif.library.ucla.edu/iiif/2/ark%3A%2F21198%2Fz1xw7823,1935-01-26 (año 01 | num. 06)
Masters/othermasters/DEPpalabra/images/ihc_palabra_19350126_006.tif,Page,Page 6,45,6,ark:/21198/z1xd3r0n,ark:/21198/z11576df,ark:/21198/z1t46hbp,succeeded,open,https://iiif.library.ucla.edu/iiif/2/ark%3A%2F21198%2Fz1t46hbp,1935-01-26 (año 01 | num. 06)
Masters/othermasters/DEPpalabra/images/ihc_palabra_19350126_007.tif,Page,Page 7,46,7,ark:/21198/z1xd3r0n,ark:/21198/z11576df,ark:/21198/z1pc5rpv,succeeded,open,https://iiif.library.ucla.edu/iiif/2/ark%3A%2F21198%2Fz1pc5rpv,1935-01-26 (año 01 | num. 06)
Masters/othermasters/DEPpalabra/images/ihc_palabra_19350127_001.tif,Page,Page 1,47,1,ark:/21198/z1xd3r0n,ark:/21198/z1wd6pw9,ark:/21198/z1jm510c,succeeded,open,https://iiif.library.ucla.edu/iiif/2/ark%3A%2F21198%2Fz1jm510c,1935-01-27 (año 01 | num. 07)
Masters/othermasters/DEPpalabra/images/ihc_palabra_19350127_002.tif,Page,Page 2,48,2,ark:/21198/z1xd3r0n,ark:/21198/z1wd6pw9,ark:/21198/z1dz2zn4,succeeded,open,https://iiif.library.ucla.edu/iiif/2/ark%3A%2F21198%2Fz1dz2zn4,1935-01-27 (año 01 | num. 07)
Masters/othermasters/DEPpalabra/images/ihc_palabra_19350127_003.tif,Page,Page 3,49,3,ark:/21198/z1xd3r0n,ark:/21198/z1wd6pw9,ark:/21198/z19626wn,succeeded,open,https://iiif.library.ucla.edu/iiif/2/ark%3A%2F21198%2Fz19626wn,1935-01-27 (año 01 | num. 07)
Masters/othermasters/DEPpalabra/images/ihc_palabra_19350127_004.tif,Page,Page 4,50,4,ark:/21198/z1xd3r0n,ark:/21198/z1wd6pw9,ark:/21198/z15f1g6s,succeeded,open,https://iiif.library.ucla.edu/iiif/2/ark%3A%2F21198%2Fz15f1g6s,1935-01-27 (año 01 | num. 07)
Masters/othermasters/DEPpalabra/images/ihc_palabra_19350127_005.tif,Page,Page 5,51,5,ark:/21198/z1xd3r0n,ark:/21198/z1wd6pw9,ark:/21198/z11p0qd5,succeeded,open,https://iiif.library.ucla.edu/iiif/2/ark%3A%2F21198%2Fz11p0qd5,1935-01-27 (año 01 | num. 07)
Masters/othermasters/DEPpalabra/images/ihc_palabra_19350127_006.tif,Page,Page 6,52,6,ark:/21198/z1xd3r0n,ark:/21198/z1wd6pw9,ark:/21198/z1wx06z9,succeeded,open,https://iiif.library.ucla.edu/iiif/2/ark%3A%2F21198%2Fz1wx06z9,1935-01-27 (año 01 | num. 07)
Masters/othermasters/DEPpalabra/images/ihc_palabra_19350127_007.tif,Page,Page 7,53,7,ark:/21198/z1xd3r0n,ark:/21198/z1wd6pw9,ark:/21198/z1s49g9n,succeeded,open,https://iiif.library.ucla.edu/iiif/2/ark%3A%2F21198%2Fz1s49g9n,1935-01-27 (año 01 | num. 07)
Masters/othermasters/DEPpalabra/images/ihc_palabra_19350127_008.tif,Page,Page 8,54,8,ark:/21198/z1xd3r0n,ark:/21198/z1wd6pw9,ark:/21198/z1ng7dxb,succeeded,open,https://iiif.library.ucla.edu/iiif/2/ark%3A%2F21198%2Fz1ng7dxb,1935-01-27 (año 01 | num. 07)
Masters/othermasters/DEPpalabra/images/ihc_palabra_19350127_009.tif,Page,Page 9,55,9,ark:/21198/z1xd3r0n,ark:/21198/z1wd6pw9,ark:/21198/z1hq6p8x,succeeded,open,https://iiif.library.ucla.edu/iiif/2/ark%3A%2F21198%2Fz1hq6p8x,1935-01-27 (año 01 | num. 07)
Masters/othermasters/DEPpalabra/images/ihc_palabra_19350127_010.tif,Page,Page 10,56,10,ark:/21198/z1xd3r0n,ark:/21198/z1wd6pw9,ark:/21198/z1cz5xj6,succeeded,open,https://iiif.library.ucla.edu/iiif/2/ark%3A%2F21198%2Fz1cz5xj6,1935-01-27 (año 01 | num. 07)
Masters/othermasters/DEPpalabra/images/ihc_palabra_19350127_011.tif,Page,Page 11,57,11,ark:/21198/z1xd3r0n,ark:/21198/z1wd6pw9,ark:/21198/z18655sq,succeeded,open,https://iiif.library.ucla.edu/iiif/2/ark%3A%2F21198%2Fz18655sq,1935-01-27 (año 01 | num. 07)
Masters/othermasters/DEPpalabra/images/ihc_palabra_19350127_012.tif,Page,Page 12,58,12,ark:/21198/z1xd3r0n,ark:/21198/z1wd6pw9,ark:/21198/z14f4f0h,succeeded,open,https://iiif.library.ucla.edu/iiif/2/ark%3A%2F21198%2Fz14f4f0h,1935-01-27 (año 01 | num. 07)
Masters/othermasters/DEPpalabra/images/ihc_palabra_19350129_001.tif,Page,Page 1,59,1,ark:/21198/z1xd3r0n,ark:/21198/z1rn5z4j,ark:/21198/z10p3p97,succeeded,open,https://iiif.library.ucla.edu/iiif/2/ark%3A%2F21198%2Fz10p3p97,1935-01-29 (año 01 | num. 08)
Masters/othermasters/DEPpalabra/images/ihc_palabra_19350129_002.tif,Page,Page 2,60,2,ark:/21198/z1xd3r0n,ark:/21198/z1rn5z4j,ark:/21198/z1vx35wt,succeeded,open,https://iiif.library.ucla.edu/iiif/2/ark%3A%2F21198%2Fz1vx35wt,1935-01-29 (año 01 | num. 08)
Masters/othermasters/DEPpalabra/images/ihc_palabra_19350129_003.tif,Page,Page 3,61,3,ark:/21198/z1xd3r0n,ark:/21198/z1rn5z4j,ark:/21198/z1r814h7,succeeded,open,https://iiif.library.ucla.edu/iiif/2/ark%3A%2F21198%2Fz1r814h7,1935-01-29 (año 01 | num. 08)
Masters/othermasters/DEPpalabra/images/ihc_palabra_19350129_004.tif,Page,Page 4,62,4,ark:/21198/z1xd3r0n,ark:/21198/z1rn5z4j,ark:/21198/z1mh0ctz,succeeded,open,https://iiif.library.ucla.edu/iiif/2/ark%3A%2F21198%2Fz1mh0ctz,1935-01-29 (año 01 | num. 08)
Masters/othermasters/DEPpalabra/images/ihc_palabra_19350129_005.tif,Page,Page 5,63,5,ark:/21198/z1xd3r0n,ark:/21198/z1rn5z4j,ark:/21198/z1gq9n4j,succeeded,open,https://iiif.library.ucla.edu/iiif/2/ark%3A%2F21198%2Fz1gq9n4j,1935-01-29 (año 01 | num. 08)
Masters/othermasters/DEPpalabra/images/ihc_palabra_19350129_006.tif,Page,Page 6,64,6,ark:/21198/z1xd3r0n,ark:/21198/z1rn5z4j,ark:/21198/z1bz8wcc,succeeded,open,https://iiif.library.ucla.edu/iiif/2/ark%3A%2F21198%2Fz1bz8wcc,1935-01-29 (año 01 | num. 08)
Masters/othermasters/DEPpalabra/images/ihc_palabra_19350129_007.tif,Page,Page 7,65,7,ark:/21198/z1xd3r0n,ark:/21198/z1rn5z4j,ark:/21198/z17684mw,succeeded,open,https://iiif.library.ucla.edu/iiif/2/ark%3A%2F21198%2Fz17684mw,1935-01-29 (año 01 | num. 08)
Masters/othermasters/DEPpalabra/images/ihc_palabra_19350129_008.tif,Page,Page 8,66,8,ark:/21198/z1xd3r0n,ark:/21198/z1rn5z4j,ark:/21198/z13f7cxm,succeeded,open,https://iiif.library.ucla.edu/iiif/2/ark%3A%2F21198%2Fz13f7cxm,1935-01-29 (año 01 | num. 08)
Masters/othermasters/DEPpalabra/images/ihc_palabra_19350130_001.tif,Page,Page 1,67,1,ark:/21198/z1xd3r0n,ark:/21198/z1mw56d6,ark:/21198/z1zp6wfb,succeeded,open,https://iiif.library.ucla.edu/iiif/2/ark%3A%2F21198%2Fz1zp6wfb,1935-01-30 (año 01 | num. 09)
Masters/othermasters/DEPpalabra/images/ihc_palabra_19350130_002.tif,Page,Page 2,68,2,ark:/21198/z1xd3r0n,ark:/21198/z1mw56d6,ark:/21198/z1v14v36,succeeded,open,https://iiif.library.ucla.edu/iiif/2/ark%3A%2F21198%2Fz1v14v36,1935-01-30 (año 01 | num. 09)
Masters/othermasters/DEPpalabra/images/ihc_palabra_19350130_003.tif,Page,Page 3,69,3,ark:/21198/z1xd3r0n,ark:/21198/z1mw56d6,ark:/21198/z1q843fr,succeeded,open,https://iiif.library.ucla.edu/iiif/2/ark%3A%2F21198%2Fz1q843fr,1935-01-30 (año 01 | num. 09)
Masters/othermasters/DEPpalabra/images/ihc_palabra_19350130_004.tif,Page,Page 4,70,4,ark:/21198/z1xd3r0n,ark:/21198/z1mw56d6,ark:/21198/z1kh3bn4,succeeded,open,https://iiif.library.ucla.edu/iiif/2/ark%3A%2F21198%2Fz1kh3bn4,1935-01-30 (año 01 | num. 09)
Masters/othermasters/DEPpalabra/images/ihc_palabra_19350130_005.tif,Page,Page 5,71,5,ark:/21198/z1xd3r0n,ark:/21198/z1mw56d6,ark:/21198/z1fr2kxd,succeeded,open,https://iiif.library.ucla.edu/iiif/2/ark%3A%2F21198%2Fz1fr2kxd,1935-01-30 (año 01 | num. 09)
Masters/othermasters/DEPpalabra/images/ihc_palabra_19350130_006.tif,Page,Page 6,72,6,ark:/21198/z1xd3r0n,ark:/21198/z1mw56d6,ark:/21198/z1b01v4h,succeeded,open,https://iiif.library.ucla.edu/iiif/2/ark%3A%2F21198%2Fz1b01v4h,1935-01-30 (año 01 | num. 09)
Masters/othermasters/DEPpalabra/images/ihc_palabra_19350130_007.tif,Page,Page 7,73,7,ark:/21198/z1xd3r0n,ark:/21198/z1mw56d6,ark:/21198/z16713g2,succeeded,open,https://iiif.library.ucla.edu/iiif/2/ark%3A%2F21198%2Fz16713g2,1935-01-30 (año 01 | num. 09)
Masters/othermasters/DEPpalabra/images/ihc_palabra_19350130_008.tif,Page,Page 8,74,8,ark:/21198/z1xd3r0n,ark:/21198/z1mw56d6,ark:/21198/z12g0bss,succeeded,open,https://iiif.library.ucla.edu/iiif/2/ark%3A%2F21198%2Fz12g0bss,1935-01-30 (año 01 | num. 09)
Masters/othermasters/DEPpalabra/images/ihc_palabra_19350131_001.tif,Page,Page 1,75,1,ark:/21198/z1xd3r0n,ark:/21198/z1h44frp,ark:/21198/z1xs8jq8,succeeded,open,https://iiif.library.ucla.edu/iiif/2/ark%3A%2F21198%2Fz1xs8jq8,1935-01-31 (año 01 | num. 10)
Masters/othermasters/DEPpalabra/images/ihc_palabra_19350131_002.tif,Page,Page 2,76,2,ark:/21198/z1xd3r0n,ark:/21198/z1h44frp,ark:/21198/z1t17t1q,succeeded,open,https://iiif.library.ucla.edu/iiif/2/ark%3A%2F21198%2Fz1t17t1q,1935-01-31 (año 01 | num. 10)
Masters/othermasters/DEPpalabra/images/ihc_palabra_19350131_003.tif,Page,Page 3,77,3,ark:/21198/z1xd3r0n,ark:/21198/z1h44frp,ark:/21198/z1p8728x,succeeded,open,https://iiif.library.ucla.edu/iiif/2/ark%3A%2F21198%2Fz1p8728x,1935-01-31 (año 01 | num. 10)
Masters/othermasters/DEPpalabra/images/ihc_palabra_19350131_004.tif,Page,Page 4,78,4,ark:/21198/z1xd3r0n,ark:/21198/z1h44frp,ark:/21198/z1jh69hr,succeeded,open,https://iiif.library.ucla.edu/iiif/2/ark%3A%2F21198%2Fz1jh69hr,1935-01-31 (año 01 | num. 10)
Masters/othermasters/DEPpalabra/images/ihc_palabra_19350131_005.tif,Page,Page 5,79,5,ark:/21198/z1xd3r0n,ark:/21198/z1h44frp,ark:/21198/z1dr5jrk,succeeded,open,https://iiif.library.ucla.edu/iiif/2/ark%3A%2F21198%2Fz1dr5jrk,1935-01-31 (año 01 | num. 10)
Masters/othermasters/DEPpalabra/images/ihc_palabra_19350131_006.tif,Page,Page 6,80,6,ark:/21198/z1xd3r0n,ark:/21198/z1h44frp,ark:/21198/z1904t21,succeeded,open,https://iiif.library.ucla.edu/iiif/2/ark%3A%2F21198%2Fz1904t21,1935-01-31 (año 01 | num. 10)
Masters/othermasters/DEPpalabra/images/ihc_palabra_19350131_007.tif,Page,Page 7,81,7,ark:/21198/z1xd3r0n,ark:/21198/z1h44frp,ark:/21198/z15742c4,succeeded,open,https://iiif.library.ucla.edu/iiif/2/ark%3A%2F21198%2Fz15742c4,1935-01-31 (año 01 | num. 10)
Masters/othermasters/DEPpalabra/images/ihc_palabra_19350131_008.tif,Page,Page 8,82,8,ark:/21198/z1xd3r0n,ark:/21198/z1h44frp,ark:/21198/z11k213k,succeeded,open,https://iiif.library.ucla.edu/iiif/2/ark%3A%2F21198%2Fz11k213k,1935-01-31 (año 01 | num. 10)
Masters/othermasters/DEPpalabra/images/ihc_palabra_19350201_001.tif,Page,Page 1,83,1,ark:/21198/z1xd3r0n,ark:/21198/z1cc3q1c,ark:/21198/z1wt1hkf,succeeded,open,https://iiif.library.ucla.edu/iiif/2/ark%3A%2F21198%2Fz1wt1hkf,1935-02-01 (año 01 | num. 11)
Masters/othermasters/DEPpalabra/images/ihc_palabra_19350201_002.tif,Page,Page 2,84,2,ark:/21198/z1xd3r0n,ark:/21198/z1cc3q1c,ark:/21198/z1s20rv1,succeeded,open,https://iiif.library.ucla.edu/iiif/2/ark%3A%2F21198%2Fz1s20rv1,1935-02-01 (año 01 | num. 11)
Masters/othermasters/DEPpalabra/images/ihc_palabra_19350201_003.tif,Page,Page 3,85,3,ark:/21198/z1xd3r0n,ark:/21198/z1cc3q1c,ark:/21198/z1n90126,succeeded,open,https://iiif.library.ucla.edu/iiif/2/ark%3A%2F21198%2Fz1n90126,1935-02-01 (año 01 | num. 11)
Masters/othermasters/DEPpalabra/images/ihc_palabra_19350201_004.tif,Page,Page 4,86,4,ark:/21198/z1xd3r0n,ark:/21198/z1cc3q1c,ark:/21198/z1hh989g,succeeded,open,https://iiif.library.ucla.edu/iiif/2/ark%3A%2F21198%2Fz1hh989g,1935-02-01 (año 01 | num. 11)
Masters/othermasters/DEPpalabra/images/ihc_palabra_19350201_005.tif,Page,Page 5,87,5,ark:/21198/z1xd3r0n,ark:/21198/z1cc3q1c,ark:/21198/z1cr8hnn,succeeded,open,https://iiif.library.ucla.edu/iiif/2/ark%3A%2F21198%2Fz1cr8hnn,1935-02-01 (año 01 | num. 11)
Masters/othermasters/DEPpalabra/images/ihc_palabra_19350201_006.tif,Page,Page 6,88,6,ark:/21198/z1xd3r0n,ark:/21198/z1cc3q1c,ark:/21198/z1807rzp,succeeded,open,https://iiif.library.ucla.edu/iiif/2/ark%3A%2F21198%2Fz1807rzp,1935-02-01 (año 01 | num. 11)
Masters/othermasters/DEPpalabra/images/ihc_palabra_19350201_007.tif,Page,Page 7,89,7,ark:/21198/z1xd3r0n,ark:/21198/z1cc3q1c,ark:/21198/z14b5qm7,succeeded,open,https://iiif.library.ucla.edu/iiif/2/ark%3A%2F21198%2Fz14b5qm7,1935-02-01 (año 01 | num. 11)
Masters/othermasters/DEPpalabra/images/ihc_palabra_19350201_008.tif,Page,Page 8,90,8,ark:/21198/z1xd3r0n,ark:/21198/z1cc3q1c,ark:/21198/z10k4zxz,succeeded,open,https://iiif.library.ucla.edu/iiif/2/ark%3A%2F21198%2Fz10k4zxz,1935-02-01 (año 01 | num. 11)
Masters/othermasters/DEPpalabra/images/ihc_palabra_19350202_001.tif,Page,Page 1,91,1,ark:/21198/z1xd3r0n,ark:/21198/z17q1nqz,ark:/21198/z1vt4gf2,succeeded,open,https://iiif.library.ucla.edu/iiif/2/ark%3A%2F21198%2Fz1vt4gf2,1935-02-02 (año 01 | num. 12)
Masters/othermasters/DEPpalabra/images/ihc_palabra_19350202_002.tif,Page,Page 2,92,2,ark:/21198/z1xd3r0n,ark:/21198/z17q1nqz,ark:/21198/z1r23qp6,succeeded,open,https://iiif.library.ucla.edu/iiif/2/ark%3A%2F21198%2Fz1r23qp6,1935-02-02 (año 01 | num. 12)
Masters/othermasters/DEPpalabra/images/ihc_palabra_19350202_003.tif,Page,Page 3,93,3,ark:/21198/z1xd3r0n,ark:/21198/z17q1nqz,ark:/21198/z1m92zwk,succeeded,open,https://iiif.library.ucla.edu/iiif/2/ark%3A%2F21198%2Fz1m92zwk,1935-02-02 (año 01 | num. 12)
Masters/othermasters/DEPpalabra/images/ihc_palabra_19350202_004.tif,Page,Page 4,94,4,ark:/21198/z1xd3r0n,ark:/21198/z17q1nqz,ark:/21198/z1gj277j,succeeded,open,https://iiif.library.ucla.edu/iiif/2/ark%3A%2F21198%2Fz1gj277j,1935-02-02 (año 01 | num. 12)
Masters/othermasters/DEPpalabra/images/ihc_palabra_19350202_005.tif,Page,Page 5,95,5,ark:/21198/z1xd3r0n,ark:/21198/z17q1nqz,ark:/21198/z1bs1ggc,succeeded,open,https://iiif.library.ucla.edu/iiif/2/ark%3A%2F21198%2Fz1bs1ggc,1935-02-02 (año 01 | num. 12)
Masters/othermasters/DEPpalabra/images/ihc_palabra_19350202_006.tif,Page,Page 6,96,6,ark:/21198/z1xd3r0n,ark:/21198/z17q1nqz,ark:/21198/z1739f71,succeeded,open,https://iiif.library.ucla.edu/iiif/2/ark%3A%2F21198%2Fz1739f71,1935-02-02 (año 01 | num. 12)
Masters/othermasters/DEPpalabra/images/ihc_palabra_19350202_007.tif,Page,Page 7,97,7,ark:/21198/z1xd3r0n,ark:/21198/z17q1nqz,ark:/21198/z13b8ph9,succeeded,open,https://iiif.library.ucla.edu/iiif/2/ark%3A%2F21198%2Fz13b8ph9,1935-02-02 (año 01 | num. 12)
Masters/othermasters/DEPpalabra/images/ihc_palabra_19350202_008.tif,Page,Page 8,98,8,ark:/21198/z1xd3r0n,ark:/21198/z17q1nqz,ark:/21198/z1zk861d,succeeded,open,https://iiif.library.ucla.edu/iiif/2/ark%3A%2F21198%2Fz1zk861d,1935-02-02 (año 01 | num. 12)
Masters/othermasters/DEPpalabra/images/ihc_palabra_19350203_001.tif,Page,Page 1,99,1,ark:/21198/z1xd3r0n,ark:/21198/z13z0x0n,ark:/21198/z1tt7f7s,succeeded,open,https://iiif.library.ucla.edu/iiif/2/ark%3A%2F21198%2Fz1tt7f7s,1935-02-03 (año 01 | num. 13)
Masters/othermasters/DEPpalabra/images/ihc_palabra_19350203_002.tif,Page,Page 2,100,2,ark:/21198/z1xd3r0n,ark:/21198/z13z0x0n,ark:/21198/z1q26phc,succeeded,open,https://iiif.library.ucla.edu/iiif/2/ark%3A%2F21198%2Fz1q26phc,1935-02-03 (año 01 | num. 13)
Masters/othermasters/DEPpalabra/images/ihc_palabra_19350203_003.tif,Page,Page 3,101,3,ark:/21198/z1xd3r0n,ark:/21198/z13z0x0n,ark:/21198/z1k95xvj,succeeded,open,https://iiif.library.ucla.edu/iiif/2/ark%3A%2F21198%2Fz1k95xvj,1935-02-03 (año 01 | num. 13)
Masters/othermasters/DEPpalabra/images/ihc_palabra_19350203_004.tif,Page,Page 4,102,4,ark:/21198/z1xd3r0n,ark:/21198/z13z0x0n,ark:/21198/z1fj5652,succeeded,open,https://iiif.library.ucla.edu/iiif/2/ark%3A%2F21198%2Fz1fj5652,1935-02-03 (año 01 | num. 13)
Masters/othermasters/DEPpalabra/images/ihc_palabra_19350203_005.tif,Page,Page 5,103,5,ark:/21198/z1xd3r0n,ark:/21198/z13z0x0n,ark:/21198/z19w34t6,succeeded,open,https://iiif.library.ucla.edu/iiif/2/ark%3A%2F21198%2Fz19w34t6,1935-02-03 (año 01 | num. 13)
Masters/othermasters/DEPpalabra/images/ihc_palabra_19350203_006.tif,Page,Page 6,104,6,ark:/21198/z1xd3r0n,ark:/21198/z13z0x0n,ark:/21198/z1642d2r,succeeded,open,https://iiif.library.ucla.edu/iiif/2/ark%3A%2F21198%2Fz1642d2r,1935-02-03 (año 01 | num. 13)
Masters/othermasters/DEPpalabra/images/ihc_palabra_19350203_007.tif,Page,Page 7,105,7,ark:/21198/z1xd3r0n,ark:/21198/z13z0x0n,ark:/21198/z12c1ncg,succeeded,open,https://iiif.library.ucla.edu/iiif/2/ark%3A%2F21198%2Fz12c1ncg,1935-02-03 (año 01 | num. 13)
Masters/othermasters/DEPpalabra/images/ihc_palabra_19350203_008.tif,Page,Page 8,106,8,ark:/21198/z1xd3r0n,ark:/21198/z13z0x0n,ark:/21198/z1xm14t8,succeeded,open,https://iiif.library.ucla.edu/iiif/2/ark%3A%2F21198%2Fz1xm14t8,1935-02-03 (año 01 | num. 13)
Masters/othermasters/DEPpalabra/images/ihc_palabra_19350203_009.tif,Page,Page 9,107,9,ark:/21198/z1xd3r0n,ark:/21198/z13z0x0n,ark:/21198/z1sv0d2h,succeeded,open,https://iiif.library.ucla.edu/iiif/2/ark%3A%2F21198%2Fz1sv0d2h,1935-02-03 (año 01 | num. 13)
Masters/othermasters/DEPpalabra/images/ihc_palabra_19350203_010.tif,Page,Page 10,108,10,ark:/21198/z1xd3r0n,ark:/21198/z13z0x0n,ark:/21198/z1p29nfw,succeeded,open,https://iiif.library.ucla.edu/iiif/2/ark%3A%2F21198%2Fz1p29nfw,1935-02-03 (año 01 | num. 13)
Masters/othermasters/DEPpalabra/images/ihc_palabra_19350203_011.tif,Page,Page 11,109,11,ark:/21198/z1xd3r0n,ark:/21198/z13z0x0n,ark:/21198/z1j98wrm,succeeded,open,https://iiif.library.ucla.edu/iiif/2/ark%3A%2F21198%2Fz1j98wrm,1935-02-03 (año 01 | num. 13)
Masters/othermasters/DEPpalabra/images/ihc_palabra_19350203_012.tif,Page,Page 12,110,12,ark:/21198/z1xd3r0n,ark:/21198/z13z0x0n,ark:/21198/z1dn6vb8,succeeded,open,https://iiif.library.ucla.edu/iiif/2/ark%3A%2F21198%2Fz1dn6vb8,1935-02-03 (año 01 | num. 13)
Masters/othermasters/DEPpalabra/images/ihc_palabra_19350205_001.tif,Page,Page 1,111,1,ark:/21198/z1xd3r0n,ark:/21198/z106058m,ark:/21198/z18w63nc,succeeded,open,https://iiif.library.ucla.edu/iiif/2/ark%3A%2F21198%2Fz18w63nc,1935-02-05 (año 01 | num. 14)
Masters/othermasters/DEPpalabra/images/ihc_palabra_19350205_002.tif,Page,Page 2,112,2,ark:/21198/z1xd3r0n,ark:/21198/z106058m,ark:/21198/z1545bxz,succeeded,open,https://iiif.library.ucla.edu/iiif/2/ark%3A%2F21198%2Fz1545bxz,1935-02-05 (año 01 | num. 14)
Masters/othermasters/DEPpalabra/images/ihc_palabra_19350205_003.tif,Page,Page 3,113,3,ark:/21198/z1xd3r0n,ark:/21198/z106058m,ark:/21198/z11c4m56,succeeded,open,https://iiif.library.ucla.edu/iiif/2/ark%3A%2F21198%2Fz11c4m56,1935-02-05 (año 01 | num. 14)
Masters/othermasters/DEPpalabra/images/ihc_palabra_19350205_004.tif,Page,Page 4,114,4,ark:/21198/z1xd3r0n,ark:/21198/z106058m,ark:/21198/z1wm43pw,succeeded,open,https://iiif.library.ucla.edu/iiif/2/ark%3A%2F21198%2Fz1wm43pw,1935-02-05 (año 01 | num. 14)
Masters/othermasters/DEPpalabra/images/ihc_palabra_19350205_005.tif,Page,Page 5,115,5,ark:/21198/z1xd3r0n,ark:/21198/z106058m,ark:/21198/z1rv3c2x,succeeded,open,https://iiif.library.ucla.edu/iiif/2/ark%3A%2F21198%2Fz1rv3c2x,1935-02-05 (año 01 | num. 14)
Masters/othermasters/DEPpalabra/images/ihc_palabra_19350205_006.tif,Page,Page 6,116,6,ark:/21198/z1xd3r0n,ark:/21198/z106058m,ark:/21198/z1n619px,succeeded,open,https://iiif.library.ucla.edu/iiif/2/ark%3A%2F21198%2Fz1n619px,1935-02-05 (año 01 | num. 14)
Masters/othermasters/DEPpalabra/images/ihc_palabra_19350205_007.tif,Page,Page 7,117,7,ark:/21198/z1xd3r0n,ark:/21198/z106058m,ark:/21198/z1hf0k1h,succeeded,open,https://iiif.library.ucla.edu/iiif/2/ark%3A%2F21198%2Fz1hf0k1h,1935-02-05 (año 01 | num. 14)
Masters/othermasters/DEPpalabra/images/ihc_palabra_19350205_008.tif,Page,Page 8,118,8,ark:/21198/z1xd3r0n,ark:/21198/z106058m,ark:/21198/z1cn9t97,succeeded,open,https://iiif.library.ucla.edu/iiif/2/ark%3A%2F21198%2Fz1cn9t97,1935-02-05 (año 01 | num. 14)
Masters/othermasters/DEPpalabra/images/ihc_palabra_19350206_001.tif,Page,Page 1,119,1,ark:/21198/z1xd3r0n,ark:/21198/z1vd9nqg,ark:/21198/z17w92jf,succeeded,open,https://iiif.library.ucla.edu/iiif/2/ark%3A%2F21198%2Fz17w92jf,1935-02-06 (año 01 | num. 15)
Masters/othermasters/DEPpalabra/images/ihc_palabra_19350206_002.tif,Page,Page 2,120,2,ark:/21198/z1xd3r0n,ark:/21198/z1vd9nqg,ark:/21198/z14489sk,succeeded,open,https://iiif.library.ucla.edu/iiif/2/ark%3A%2F21198%2Fz14489sk,1935-02-06 (año 01 | num. 15)
Masters/othermasters/DEPpalabra/images/ihc_palabra_19350206_003.tif,Page,Page 3,121,3,ark:/21198/z1xd3r0n,ark:/21198/z1vd9nqg,ark:/21198/z10c7k28,succeeded,open,https://iiif.library.ucla.edu/iiif/2/ark%3A%2F21198%2Fz10c7k28,1935-02-06 (año 01 | num. 15)
Masters/othermasters/DEPpalabra/images/ihc_palabra_19350206_004.tif,Page,Page 4,122,4,ark:/21198/z1xd3r0n,ark:/21198/z1vd9nqg,ark:/21198/z1vm72md,succeeded,open,https://iiif.library.ucla.edu/iiif/2/ark%3A%2F21198%2Fz1vm72md,1935-02-06 (año 01 | num. 15)
Masters/othermasters/DEPpalabra/images/ihc_palabra_19350206_005.tif,Page,Page 5,123,5,ark:/21198/z1xd3r0n,ark:/21198/z1vd9nqg,ark:/21198/z1qz517h,succeeded,open,https://iiif.library.ucla.edu/iiif/2/ark%3A%2F21198%2Fz1qz517h,1935-02-06 (año 01 | num. 15)
Masters/othermasters/DEPpalabra/images/ihc_palabra_19350206_006.tif,Page,Page 6,124,6,ark:/21198/z1xd3r0n,ark:/21198/z1vd9nqg,ark:/21198/z1m648mf,succeeded,open,https://iiif.library.ucla.edu/iiif/2/ark%3A%2F21198%2Fz1m648mf,1935-02-06 (año 01 | num. 15)
Masters/othermasters/DEPpalabra/images/ihc_palabra_19350206_007.tif,Page,Page 7,125,7,ark:/21198/z1xd3r0n,ark:/21198/z1vd9nqg,ark:/21198/z1gf3hv8,succeeded,open,https://iiif.library.ucla.edu/iiif/2/ark%3A%2F21198%2Fz1gf3hv8,1935-02-06 (año 01 | num. 15)
Masters/othermasters/DEPpalabra/images/ihc_palabra_19350206_008.tif,Page,Page 8,126,8,ark:/21198/z1xd3r0n,ark:/21198/z1vd9nqg,ark:/21198/z1bp2s5d,succeeded,open,https://iiif.library.ucla.edu/iiif/2/ark%3A%2F21198%2Fz1bp2s5d,1935-02-06 (año 01 | num. 15)
Masters/othermasters/DEPpalabra/images/ihc_palabra_19350207_001.tif,Page,Page 1,127,1,ark:/21198/z1xd3r0n,ark:/21198/z1qn8x1m,ark:/21198/z16x21c5,succeeded,open,https://iiif.library.ucla.edu/iiif/2/ark%3A%2F21198%2Fz16x21c5,1935-02-07 (año 01 | num. 16)
Masters/othermasters/DEPpalabra/images/ihc_palabra_19350207_002.tif,Page,Page 2,128,2,ark:/21198/z1xd3r0n,ark:/21198/z1qn8x1m,ark:/21198/z13518nr,succeeded,open,https://iiif.library.ucla.edu/iiif/2/ark%3A%2F21198%2Fz13518nr,1935-02-07 (año 01 | num. 16)
Masters/othermasters/DEPpalabra/images/ihc_palabra_19350207_003.tif,Page,Page 3,129,3,ark:/21198/z1xd3r0n,ark:/21198/z1qn8x1m,ark:/21198/z1zd0s7c,succeeded,open,https://iiif.library.ucla.edu/iiif/2/ark%3A%2F21198%2Fz1zd0s7c,1935-02-07 (año 01 | num. 16)
Masters/othermasters/DEPpalabra/images/ihc_palabra_19350207_004.tif,Page,Page 4,130,4,ark:/21198/z1xd3r0n,ark:/21198/z1qn8x1m,ark:/21198/z1tq8qvh,succeeded,open,https://iiif.library.ucla.edu/iiif/2/ark%3A%2F21198%2Fz1tq8qvh,1935-02-07 (año 01 | num. 16)
Masters/othermasters/DEPpalabra/images/ihc_palabra_19350207_005.tif,Page,Page 5,131,5,ark:/21198/z1xd3r0n,ark:/21198/z1qn8x1m,ark:/21198/z1pz8051,succeeded,open,https://iiif.library.ucla.edu/iiif/2/ark%3A%2F21198%2Fz1pz8051,1935-02-07 (año 01 | num. 16)
Masters/othermasters/DEPpalabra/images/ihc_palabra_19350207_006.tif,Page,Page 6,132,6,ark:/21198/z1xd3r0n,ark:/21198/z1qn8x1m,ark:/21198/z1k677fm,succeeded,open,https://iiif.library.ucla.edu/iiif/2/ark%3A%2F21198%2Fz1k677fm,1935-02-07 (año 01 | num. 16)
Masters/othermasters/DEPpalabra/images/ihc_palabra_19350207_007.tif,Page,Page 7,133,7,ark:/21198/z1xd3r0n,ark:/21198/z1qn8x1m,ark:/21198/z1ff6gpf,succeeded,open,https://iiif.library.ucla.edu/iiif/2/ark%3A%2F21198%2Fz1ff6gpf,1935-02-07 (año 01 | num. 16)
Masters/othermasters/DEPpalabra/images/ihc_palabra_19350207_008.tif,Page,Page 8,134,8,ark:/21198/z1xd3r0n,ark:/21198/z1qn8x1m,ark:/21198/z19p5qx8,succeeded,open,https://iiif.library.ucla.edu/iiif/2/ark%3A%2F21198%2Fz19p5qx8,1935-02-07 (año 01 | num. 16)
Masters/othermasters/DEPpalabra/images/ihc_palabra_19350208_001.tif,Page,Page 1,135,1,ark:/21198/z1xd3r0n,ark:/21198/z1kw85bq,ark:/21198/z15x506b,succeeded,open,https://iiif.library.ucla.edu/iiif/2/ark%3A%2F21198%2Fz15x506b,1935-02-08 (año 01 | num. 17)
Masters/othermasters/DEPpalabra/images/ihc_palabra_19350208_002.tif,Page,Page 2,136,2,ark:/21198/z1xd3r0n,ark:/21198/z1kw85bq,ark:/21198/z12547jt,succeeded,open,https://iiif.library.ucla.edu/iiif/2/ark%3A%2F21198%2Fz12547jt,1935-02-08 (año 01 | num. 17)
Masters/othermasters/DEPpalabra/images/ihc_palabra_19350208_003.tif,Page,Page 3,137,3,ark:/21198/z1xd3r0n,ark:/21198/z1kw85bq,ark:/21198/z1xh2fgv,succeeded,open,https://iiif.library.ucla.edu/iiif/2/ark%3A%2F21198%2Fz1xh2fgv,1935-02-08 (año 01 | num. 17)
Masters/othermasters/DEPpalabra/images/ihc_palabra_19350208_004.tif,Page,Page 4,138,4,ark:/21198/z1xd3r0n,ark:/21198/z1kw85bq,ark:/21198/z1sr1psk,succeeded,open,https://iiif.library.ucla.edu/iiif/2/ark%3A%2F21198%2Fz1sr1psk,1935-02-08 (año 01 | num. 17)
Masters/othermasters/DEPpalabra/images/ihc_palabra_19350208_005.tif,Page,Page 5,139,5,ark:/21198/z1xd3r0n,ark:/21198/z1kw85bq,ark:/21198/z1p00z14,succeeded,open,https://iiif.library.ucla.edu/iiif/2/ark%3A%2F21198%2Fz1p00z14,1935-02-08 (año 01 | num. 17)
Masters/othermasters/DEPpalabra/images/ihc_palabra_19350208_006.tif,Page,Page 6,140,6,ark:/21198/z1xd3r0n,ark:/21198/z1kw85bq,ark:/21198/z1j7068b,succeeded,open,https://iiif.library.ucla.edu/iiif/2/ark%3A%2F21198%2Fz1j7068b,1935-02-08 (año 01 | num. 17)
Masters/othermasters/DEPpalabra/images/ihc_palabra_19350208_007.tif,Page,Page 7,141,7,ark:/21198/z1xd3r0n,ark:/21198/z1kw85bq,ark:/21198/z1df9fhm,succeeded,open,https://iiif.library.ucla.edu/iiif/2/ark%3A%2F21198%2Fz1df9fhm,1935-02-08 (año 01 | num. 17)
Masters/othermasters/DEPpalabra/images/ihc_palabra_19350208_008.tif,Page,Page 8,142,8,ark:/21198/z1xd3r0n,ark:/21198/z1kw85bq,ark:/21198/z18p8ptb,succeeded,open,https://iiif.library.ucla.edu/iiif/2/ark%3A%2F21198%2Fz18p8ptb,1935-02-08 (año 01 | num. 17)
Masters/othermasters/DEPpalabra/images/ihc_palabra_19350209_001.tif,Page,Page 1,143,1,ark:/21198/z1xd3r0n,ark:/21198/z1g47dnr,ark:/21198/z14x7z4g,succeeded,open,https://iiif.library.ucla.edu/iiif/2/ark%3A%2F21198%2Fz14x7z4g,1935-02-09 (año 01 | num. 18)
Masters/othermasters/DEPpalabra/images/ihc_palabra_19350209_002.tif,Page,Page 2,144,2,ark:/21198/z1xd3r0n,ark:/21198/z1g47dnr,ark:/21198/z1185wtc,succeeded,open,https://iiif.library.ucla.edu/iiif/2/ark%3A%2F21198%2Fz1185wtc,1935-02-09 (año 01 | num. 18)
Masters/othermasters/DEPpalabra/images/ihc_palabra_19350209_003.tif,Page,Page 3,145,3,ark:/21198/z1xd3r0n,ark:/21198/z1g47dnr,ark:/21198/z1wh5dcx,succeeded,open,https://iiif.library.ucla.edu/iiif/2/ark%3A%2F21198%2Fz1wh5dcx,1935-02-09 (año 01 | num. 18)
Masters/othermasters/DEPpalabra/images/ihc_palabra_19350209_004.tif,Page,Page 4,146,4,ark:/21198/z1xd3r0n,ark:/21198/z1g47dnr,ark:/21198/z1rr4nk9,succeeded,open,https://iiif.library.ucla.edu/iiif/2/ark%3A%2F21198%2Fz1rr4nk9,1935-02-09 (año 01 | num. 18)
Masters/othermasters/DEPpalabra/images/ihc_palabra_19350209_005.tif,Page,Page 5,147,5,ark:/21198/z1xd3r0n,ark:/21198/z1g47dnr,ark:/21198/z1n03wvw,succeeded,open,https://iiif.library.ucla.edu/iiif/2/ark%3A%2F21198%2Fz1n03wvw,1935-02-09 (año 01 | num. 18)
Masters/othermasters/DEPpalabra/images/ihc_palabra_19350209_006.tif,Page,Page 6,148,6,ark:/21198/z1xd3r0n,ark:/21198/z1g47dnr,ark:/21198/z1h73522,succeeded,open,https://iiif.library.ucla.edu/iiif/2/ark%3A%2F21198%2Fz1h73522,1935-02-09 (año 01 | num. 18)
Masters/othermasters/DEPpalabra/images/ihc_palabra_19350209_007.tif,Page,Page 7,149,7,ark:/21198/z1xd3r0n,ark:/21198/z1g47dnr,ark:/21198/z1cg2dcs,succeeded,open,https://iiif.library.ucla.edu/iiif/2/ark%3A%2F21198%2Fz1cg2dcs,1935-02-09 (año 01 | num. 18)
Masters/othermasters/DEPpalabra/images/ihc_palabra_19350209_008.tif,Page,Page 8,150,8,ark:/21198/z1xd3r0n,ark:/21198/z1g47dnr,ark:/21198/z17q1nrd,succeeded,open,https://iiif.library.ucla.edu/iiif/2/ark%3A%2F21198%2Fz17q1nrd,1935-02-09 (año 01 | num. 18)
Masters/othermasters/DEPpalabra/images/ihc_palabra_19350210_001.tif,Page,Page 1,151,1,ark:/21198/z1xd3r0n,ark:/21198/z1bg5c99,ark:/21198/z1419mc8,succeeded,open,https://iiif.library.ucla.edu/iiif/2/ark%3A%2F21198%2Fz1419mc8,1935-02-10 (año 01 | num. 19)
Masters/othermasters/DEPpalabra/images/ihc_palabra_19350210_002.tif,Page,Page 2,152,2,ark:/21198/z1xd3r0n,ark:/21198/z1bg5c99,ark:/21198/z1088vnj,succeeded,open,https://iiif.library.ucla.edu/iiif/2/ark%3A%2F21198%2Fz1088vnj,1935-02-10 (año 01 | num. 19)
Masters/othermasters/DEPpalabra/images/ihc_palabra_19350210_003.tif,Page,Page 3,153,3,ark:/21198/z1xd3r0n,ark:/21198/z1bg5c99,ark:/21198/z1vh8c63,succeeded,open,https://iiif.library.ucla.edu/iiif/2/ark%3A%2F21198%2Fz1vh8c63,1935-02-10 (año 01 | num. 19)
Masters/othermasters/DEPpalabra/images/ihc_palabra_19350210_004.tif,Page,Page 4,154,4,ark:/21198/z1xd3r0n,ark:/21198/z1bg5c99,ark:/21198/z1qr7mfx,succeeded,open,https://iiif.library.ucla.edu/iiif/2/ark%3A%2F21198%2Fz1qr7mfx,1935-02-10 (año 01 | num. 19)
Masters/othermasters/DEPpalabra/images/ihc_palabra_19350210_005.tif,Page,Page 5,155,5,ark:/21198/z1xd3r0n,ark:/21198/z1bg5c99,ark:/21198/z1m06vqh,succeeded,open,https://iiif.library.ucla.edu/iiif/2/ark%3A%2F21198%2Fz1m06vqh,1935-02-10 (año 01 | num. 19)
Masters/othermasters/DEPpalabra/images/ihc_palabra_19350210_006.tif,Page,Page 6,156,6,ark:/21198/z1xd3r0n,ark:/21198/z1bg5c99,ark:/21198/z1g7640k,succeeded,open,https://iiif.library.ucla.edu/iiif/2/ark%3A%2F21198%2Fz1g7640k,1935-02-10 (año 01 | num. 19)
Masters/othermasters/DEPpalabra/images/ihc_palabra_19350210_007.tif,Page,Page 7,157,7,ark:/21198/z1xd3r0n,ark:/21198/z1bg5c99,ark:/21198/z1bg5cbr,succeeded,open,https://iiif.library.ucla.edu/iiif/2/ark%3A%2F21198%2Fz1bg5cbr,1935-02-10 (año 01 | num. 19)
Masters/othermasters/DEPpalabra/images/ihc_palabra_19350210_008.tif,Page,Page 8,158,8,ark:/21198/z1xd3r0n,ark:/21198/z1bg5c99,ark:/21198/z16t3b09,succeeded,open,https://iiif.library.ucla.edu/iiif/2/ark%3A%2F21198%2Fz16t3b09,1935-02-10 (año 01 | num. 19)
Masters/othermasters/DEPpalabra/images/ihc_palabra_19350210_009.tif,Page,Page 9,159,9,ark:/21198/z1xd3r0n,ark:/21198/z1bg5c99,ark:/21198/z1322k8w,succeeded,open,https://iiif.library.ucla.edu/iiif/2/ark%3A%2F21198%2Fz1322k8w,1935-02-10 (año 01 | num. 19)
Masters/othermasters/DEPpalabra/images/ihc_palabra_19350210_010.tif,Page,Page 10,160,10,ark:/21198/z1xd3r0n,ark:/21198/z1bg5c99,ark:/21198/z1z922sk,succeeded,open,https://iiif.library.ucla.edu/iiif/2/ark%3A%2F21198%2Fz1z922sk,1935-02-10 (año 01 | num. 19)
Masters/othermasters/DEPpalabra/images/ihc_palabra_19350210_011.tif,Page,Page 11,161,11,ark:/21198/z1xd3r0n,ark:/21198/z1bg5c99,ark:/21198/z1tj1b0c,succeeded,open,https://iiif.library.ucla.edu/iiif/2/ark%3A%2F21198%2Fz1tj1b0c,1935-02-10 (año 01 | num. 19)
Masters/othermasters/DEPpalabra/images/ihc_palabra_19350210_012.tif,Page,Page 12,162,12,ark:/21198/z1xd3r0n,ark:/21198/z1bg5c99,ark:/21198/z1ps0k76,succeeded,open,https://iiif.library.ucla.edu/iiif/2/ark%3A%2F21198%2Fz1ps0k76,1935-02-10 (año 01 | num. 19)
Masters/othermasters/DEPpalabra/images/ihc_palabra_19350212_001.tif,Page,Page 1,163,1,ark:/21198/z1xd3r0n,ark:/21198/z16q4mj4,ark:/21198/z1k09tk4,succeeded,open,https://iiif.library.ucla.edu/iiif/2/ark%3A%2F21198%2Fz1k09tk4,1935-02-12 (año 01 | num. 20)
Masters/othermasters/DEPpalabra/images/ihc_palabra_19350212_002.tif,Page,Page 2,164,2,ark:/21198/z1xd3r0n,ark:/21198/z16q4mj4,ark:/21198/z1f792w7,succeeded,open,https://iiif.library.ucla.edu/iiif/2/ark%3A%2F21198%2Fz1f792w7,1935-02-12 (año 01 | num. 20)
Masters/othermasters/DEPpalabra/images/ihc_palabra_19350212_003.tif,Page,Page 3,165,3,ark:/21198/z1xd3r0n,ark:/21198/z16q4mj4,ark:/21198/z19k71js,succeeded,open,https://iiif.library.ucla.edu/iiif/2/ark%3A%2F21198%2Fz19k71js,1935-02-12 (año 01 | num. 20)
Masters/othermasters/DEPpalabra/images/ihc_palabra_19350212_004.tif,Page,Page 4,166,4,ark:/21198/z1xd3r0n,ark:/21198/z16q4mj4,ark:/21198/z15t68vh,succeeded,open,https://iiif.library.ucla.edu/iiif/2/ark%3A%2F21198%2Fz15t68vh,1935-02-12 (año 01 | num. 20)
Masters/othermasters/DEPpalabra/images/ihc_palabra_19350212_005.tif,Page,Page 5,167,5,ark:/21198/z1xd3r0n,ark:/21198/z16q4mj4,ark:/21198/z1225j32,succeeded,open,https://iiif.library.ucla.edu/iiif/2/ark%3A%2F21198%2Fz1225j32,1935-02-12 (año 01 | num. 20)
Masters/othermasters/DEPpalabra/images/ihc_palabra_19350212_006.tif,Page,Page 6,168,6,ark:/21198/z1xd3r0n,ark:/21198/z16q4mj4,ark:/21198/z1x951mr,succeeded,open,https://iiif.library.ucla.edu/iiif/2/ark%3A%2F21198%2Fz1x951mr,1935-02-12 (año 01 | num. 20)
Masters/othermasters/DEPpalabra/images/ihc_palabra_19350212_007.tif,Page,Page 7,169,7,ark:/21198/z1xd3r0n,ark:/21198/z16q4mj4,ark:/21198/z1sj48vk,succeeded,open,https://iiif.library.ucla.edu/iiif/2/ark%3A%2F21198%2Fz1sj48vk,1935-02-12 (año 01 | num. 20)
Masters/othermasters/DEPpalabra/images/ihc_palabra_19350212_008.tif,Page,Page 8,170,8,ark:/21198/z1xd3r0n,ark:/21198/z16q4mj4,ark:/21198/z1ns3j7m,succeeded,open,https://iiif.library.ucla.edu/iiif/2/ark%3A%2F21198%2Fz1ns3j7m,1935-02-12 (año 01 | num. 20)
Masters/othermasters/DEPpalabra/images/ihc_palabra_19350213_001.tif,Page,Page 1,171,1,ark:/21198/z1xd3r0n,ark:/21198/z12z3vtd,ark:/21198/z1j12sjn,succeeded,open,https://iiif.library.ucla.edu/iiif/2/ark%3A%2F21198%2Fz1j12sjn,1935-02-13 (año 01 | num. 21)
Masters/othermasters/DEPpalabra/images/ihc_palabra_19350213_002.tif,Page,Page 2,172,2,ark:/21198/z1xd3r0n,ark:/21198/z12z3vtd,ark:/21198/z1dc0r5r,succeeded,open,https://iiif.library.ucla.edu/iiif/2/ark%3A%2F21198%2Fz1dc0r5r,1935-02-13 (año 01 | num. 21)
Masters/othermasters/DEPpalabra/images/ihc_palabra_19350213_003.tif,Page,Page 3,173,3,ark:/21198/z1xd3r0n,ark:/21198/z12z3vtd,ark:/21198/z18m00dz,succeeded,open,https://iiif.library.ucla.edu/iiif/2/ark%3A%2F21198%2Fz18m00dz,1935-02-13 (año 01 | num. 21)
Masters/othermasters/DEPpalabra/images/ihc_palabra_19350213_004.tif,Page,Page 4,174,4,ark:/21198/z1xd3r0n,ark:/21198/z12z3vtd,ark:/21198/z14t97q4,succeeded,open,https://iiif.library.ucla.edu/iiif/2/ark%3A%2F21198%2Fz14t97q4,1935-02-13 (año 01 | num. 21)
Masters/othermasters/DEPpalabra/images/ihc_palabra_19350213_005.tif,Page,Page 5,175,5,ark:/21198/z1xd3r0n,ark:/21198/z12z3vtd,ark:/21198/z1128gxt,succeeded,open,https://iiif.library.ucla.edu/iiif/2/ark%3A%2F21198%2Fz1128gxt,1935-02-13 (año 01 | num. 21)
Masters/othermasters/DEPpalabra/images/ihc_palabra_19350213_006.tif,Page,Page 6,176,6,ark:/21198/z1xd3r0n,ark:/21198/z12z3vtd,ark:/21198/z1w980fx,succeeded,open,https://iiif.library.ucla.edu/iiif/2/ark%3A%2F21198%2Fz1w980fx,1935-02-13 (año 01 | num. 21)
Masters/othermasters/DEPpalabra/images/ihc_palabra_19350213_007.tif,Page,Page 7,177,7,ark:/21198/z1xd3r0n,ark:/21198/z12z3vtd,ark:/21198/z1rj77s3,succeeded,open,https://iiif.library.ucla.edu/iiif/2/ark%3A%2F21198%2Fz1rj77s3,1935-02-13 (año 01 | num. 21)
Masters/othermasters/DEPpalabra/images/ihc_palabra_19350213_008.tif,Page,Page 8,178,8,ark:/21198/z1xd3r0n,ark:/21198/z12z3vtd,ark:/21198/z1ms6h4p,succeeded,open,https://iiif.library.ucla.edu/iiif/2/ark%3A%2F21198%2Fz1ms6h4p,1935-02-13 (año 01 | num. 21)
Masters/othermasters/DEPpalabra/images/ihc_palabra_19350214_001.tif,Page,Page 1,179,1,ark:/21198/z1xd3r0n,ark:/21198/z1z63c8x,ark:/21198/z1h44fs4,succeeded,open,https://iiif.library.ucla.edu/iiif/2/ark%3A%2F21198%2Fz1h44fs4,1935-02-14 (año 01 | num. 22)
Masters/othermasters/DEPpalabra/images/ihc_palabra_19350214_002.tif,Page,Page 2,180,2,ark:/21198/z1xd3r0n,ark:/21198/z1z63c8x,ark:/21198/z1cc3q2t,succeeded,open,https://iiif.library.ucla.edu/iiif/2/ark%3A%2F21198%2Fz1cc3q2t,1935-02-14 (año 01 | num. 22)
Masters/othermasters/DEPpalabra/images/ihc_palabra_19350214_003.tif,Page,Page 3,181,3,ark:/21198/z1xd3r0n,ark:/21198/z1z63c8x,ark:/21198/z17m2z9n,succeeded,open,https://iiif.library.ucla.edu/iiif/2/ark%3A%2F21198%2Fz17m2z9n,1935-02-14 (año 01 | num. 22)
Masters/othermasters/DEPpalabra/images/ihc_palabra_19350214_004.tif,Page,Page 4,182,4,ark:/21198/z1xd3r0n,ark:/21198/z1z63c8x,ark:/21198/z13v26hd,succeeded,open,https://iiif.library.ucla.edu/iiif/2/ark%3A%2F21198%2Fz13v26hd,1935-02-14 (año 01 | num. 22)
Masters/othermasters/DEPpalabra/images/ihc_palabra_19350214_005.tif,Page,Page 5,183,5,ark:/21198/z1xd3r0n,ark:/21198/z1z63c8x,ark:/21198/z1031fs0,succeeded,open,https://iiif.library.ucla.edu/iiif/2/ark%3A%2F21198%2Fz1031fs0,1935-02-14 (año 01 | num. 22)
Masters/othermasters/DEPpalabra/images/ihc_palabra_19350214_006.tif,Page,Page 6,184,6,ark:/21198/z1xd3r0n,ark:/21198/z1z63c8x,ark:/21198/z1vb0zd2,succeeded,open,https://iiif.library.ucla.edu/iiif/2/ark%3A%2F21198%2Fz1vb0zd2,1935-02-14 (año 01 | num. 22)
Masters/othermasters/DEPpalabra/images/ihc_palabra_19350214_007.tif,Page,Page 7,185,7,ark:/21198/z1xd3r0n,ark:/21198/z1z63c8x,ark:/21198/z1qn8x22,succeeded,open,https://iiif.library.ucla.edu/iiif/2/ark%3A%2F21198%2Fz1qn8x22,1935-02-14 (año 01 | num. 22)
Masters/othermasters/DEPpalabra/images/ihc_palabra_19350214_008.tif,Page,Page 8,186,8,ark:/21198/z1xd3r0n,ark:/21198/z1z63c8x,ark:/21198/z1kw85c5,succeeded,open,https://iiif.library.ucla.edu/iiif/2/ark%3A%2F21198%2Fz1kw85c5,1935-02-14 (año 01 | num. 22)
Masters/othermasters/DEPpalabra/images/ihc_palabra_19350215_001.tif,Page,Page 1,187,1,ark:/21198/z1xd3r0n,ark:/21198/z1tf2mkn,ark:/21198/z1g47dp6,succeeded,open,https://iiif.library.ucla.edu/iiif/2/ark%3A%2F21198%2Fz1g47dp6,1935-02-15 (año 01 | num. 23)
Masters/othermasters/DEPpalabra/images/ihc_palabra_19350215_002.tif,Page,Page 2,188,2,ark:/21198/z1xd3r0n,ark:/21198/z1tf2mkn,ark:/21198/z1bc6nwk,succeeded,open,https://iiif.library.ucla.edu/iiif/2/ark%3A%2F21198%2Fz1bc6nwk,1935-02-15 (año 01 | num. 23)
Masters/othermasters/DEPpalabra/images/ihc_palabra_19350215_003.tif,Page,Page 3,189,3,ark:/21198/z1xd3r0n,ark:/21198/z1tf2mkn,ark:/21198/z16m5x4t,succeeded,open,https://iiif.library.ucla.edu/iiif/2/ark%3A%2F21198%2Fz16m5x4t,1935-02-15 (año 01 | num. 23)
Masters/othermasters/DEPpalabra/images/ihc_palabra_19350215_004.tif,Page,Page 4,190,4,ark:/21198/z1xd3r0n,ark:/21198/z1tf2mkn,ark:/21198/z12v55dg,succeeded,open,https://iiif.library.ucla.edu/iiif/2/ark%3A%2F21198%2Fz12v55dg,1935-02-15 (año 01 | num. 23)
Masters/othermasters/DEPpalabra/images/ihc_palabra_19350215_005.tif,Page,Page 5,191,5,ark:/21198/z1xd3r0n,ark:/21198/z1tf2mkn,ark:/21198/z1z34p1v,succeeded,open,https://iiif.library.ucla.edu/iiif/2/ark%3A%2F21198%2Fz1z34p1v,1935-02-15 (año 01 | num. 23)
Masters/othermasters/DEPpalabra/images/ihc_palabra_19350215_006.tif,Page,Page 6,192,6,ark:/21198/z1xd3r0n,ark:/21198/z1tf2mkn,ark:/21198/z1tf2mm3,succeeded,open,https://iiif.library.ucla.edu/iiif/2/ark%3A%2F21198%2Fz1tf2mm3,1935-02-15 (año 01 | num. 23)
Masters/othermasters/DEPpalabra/images/ihc_palabra_19350215_007.tif,Page,Page 7,193,7,ark:/21198/z1xd3r0n,ark:/21198/z1tf2mkn,ark:/21198/z1pp1w04,succeeded,open,https://iiif.library.ucla.edu/iiif/2/ark%3A%2F21198%2Fz1pp1w04,1935-02-15 (año 01 | num. 23)
Masters/othermasters/DEPpalabra/images/ihc_palabra_19350215_008.tif,Page,Page 8,194,8,ark:/21198/z1xd3r0n,ark:/21198/z1tf2mkn,ark:/21198/z1jx148s,succeeded,open,https://iiif.library.ucla.edu/iiif/2/ark%3A%2F21198%2Fz1jx148s,1935-02-15 (año 01 | num. 23)
Masters/othermasters/DEPpalabra/images/ihc_palabra_19350216_001.tif,Page,Page 1,195,1,ark:/21198/z1xd3r0n,ark:/21198/z1pp1vz8,ark:/21198/z1f50chx,succeeded,open,https://iiif.library.ucla.edu/iiif/2/ark%3A%2F21198%2Fz1f50chx,1935-02-16 (año 01 | num. 24)
Masters/othermasters/DEPpalabra/images/ihc_palabra_19350216_002.tif,Page,Page 2,196,2,ark:/21198/z1xd3r0n,ark:/21198/z1pp1vz8,ark:/21198/z19c9mqr,succeeded,open,https://iiif.library.ucla.edu/iiif/2/ark%3A%2F21198%2Fz19c9mqr,1935-02-16 (año 01 | num. 24)
Masters/othermasters/DEPpalabra/images/ihc_palabra_19350216_003.tif,Page,Page 3,197,3,ark:/21198/z1xd3r0n,ark:/21198/z1pp1vz8,ark:/21198/z15m8w0f,succeeded,open,https://iiif.library.ucla.edu/iiif/2/ark%3A%2F21198%2Fz15m8w0f,1935-02-16 (año 01 | num. 24)
Masters/othermasters/DEPpalabra/images/ihc_palabra_19350216_004.tif,Page,Page 4,198,4,ark:/21198/z1xd3r0n,ark:/21198/z1pp1vz8,ark:/21198/z11v849j,succeeded,open,https://iiif.library.ucla.edu/iiif/2/ark%3A%2F21198%2Fz11v849j,1935-02-16 (año 01 | num. 24)
Masters/othermasters/DEPpalabra/images/ihc_palabra_19350216_005.tif,Page,Page 5,199,5,ark:/21198/z1xd3r0n,ark:/21198/z1pp1vz8,ark:/21198/z1x66b7w,succeeded,open,https://iiif.library.ucla.edu/iiif/2/ark%3A%2F21198%2Fz1x66b7w,1935-02-16 (año 01 | num. 24)
Masters/othermasters/DEPpalabra/images/ihc_palabra_19350216_006.tif,Page,Page 6,200,6,ark:/21198/z1xd3r0n,ark:/21198/z1pp1vz8,ark:/21198/z1sf5kjm,succeeded,open,https://iiif.library.ucla.edu/iiif/2/ark%3A%2F21198%2Fz1sf5kjm,1935-02-16 (año 01 | num. 24)
Masters/othermasters/DEPpalabra/images/ihc_palabra_19350216_007.tif,Page,Page 7,201,7,ark:/21198/z1xd3r0n,ark:/21198/z1pp1vz8,ark:/21198/z1np4tr0,succeeded,open,https://iiif.library.ucla.edu/iiif/2/ark%3A%2F21198%2Fz1np4tr0,1935-02-16 (año 01 | num. 24)
Masters/othermasters/DEPpalabra/images/ihc_palabra_19350216_008.tif,Page,Page 8,202,8,ark:/21198/z1xd3r0n,ark:/21198/z1pp1vz8,ark:/21198/z1hx4312,succeeded,open,https://iiif.library.ucla.edu/iiif/2/ark%3A%2F21198%2Fz1hx4312,1935-02-16 (año 01 | num. 24)
Masters/othermasters/DEPpalabra/images/ihc_palabra_19350217_001.tif,Page,Page 1,203,1,ark:/21198/z1xd3r0n,ark:/21198/z1jx147b,ark:/21198/z1d53b7r,succeeded,open,https://iiif.library.ucla.edu/iiif/2/ark%3A%2F21198%2Fz1d53b7r,1935-02-17 (año 01 | num. 25)
Masters/othermasters/DEPpalabra/images/ihc_palabra_19350217_002.tif,Page,Page 2,204,2,ark:/21198/z1xd3r0n,ark:/21198/z1jx147b,ark:/21198/z18d2kjg,succeeded,open,https://iiif.library.ucla.edu/iiif/2/ark%3A%2F21198%2Fz18d2kjg,1935-02-17 (año 01 | num. 25)
Masters/othermasters/DEPpalabra/images/ihc_palabra_19350217_003.tif,Page,Page 3,205,3,ark:/21198/z1xd3r0n,ark:/21198/z1jx147b,ark:/21198/z14n1tx3,succeeded,open,https://iiif.library.ucla.edu/iiif/2/ark%3A%2F21198%2Fz14n1tx3,1935-02-17 (año 01 | num. 25)
Masters/othermasters/DEPpalabra/images/ihc_palabra_19350217_004.tif,Page,Page 4,206,4,ark:/21198/z1xd3r0n,ark:/21198/z1jx147b,ark:/21198/z10z9smj,succeeded,open,https://iiif.library.ucla.edu/iiif/2/ark%3A%2F21198%2Fz10z9smj,1935-02-17 (año 01 | num. 25)
Masters/othermasters/DEPpalabra/images/ihc_palabra_19350217_005.tif,Page,Page 5,207,5,ark:/21198/z1xd3r0n,ark:/21198/z1jx147b,ark:/21198/z1w6994z,succeeded,open,https://iiif.library.ucla.edu/iiif/2/ark%3A%2F21198%2Fz1w6994z,1935-02-17 (año 01 | num. 25)
Masters/othermasters/DEPpalabra/images/ihc_palabra_19350217_006.tif,Page,Page 6,208,6,ark:/21198/z1xd3r0n,ark:/21198/z1jx147b,ark:/21198/z1rf8jd7,succeeded,open,https://iiif.library.ucla.edu/iiif/2/ark%3A%2F21198%2Fz1rf8jd7,1935-02-17 (año 01 | num. 25)
Masters/othermasters/DEPpalabra/images/ihc_palabra_19350217_007.tif,Page,Page 7,209,7,ark:/21198/z1xd3r0n,ark:/21198/z1jx147b,ark:/21198/z1mp7smm,succeeded,open,https://iiif.library.ucla.edu/iiif/2/ark%3A%2F21198%2Fz1mp7smm,1935-02-17 (año 01 | num. 25)
Masters/othermasters/DEPpalabra/images/ihc_palabra_19350217_008.tif,Page,Page 8,210,8,ark:/21198/z1xd3r0n,ark:/21198/z1jx147b,ark:/21198/z1gx71vt,succeeded,open,https://iiif.library.ucla.edu/iiif/2/ark%3A%2F21198%2Fz1gx71vt,1935-02-17 (año 01 | num. 25)
Masters/othermasters/DEPpalabra/images/ihc_palabra_19350217_009.tif,Page,Page 9,211,9,ark:/21198/z1xd3r0n,ark:/21198/z1jx147b,ark:/21198/z1c5694t,succeeded,open,https://iiif.library.ucla.edu/iiif/2/ark%3A%2F21198%2Fz1c5694t,1935-02-17 (año 01 | num. 25)
Masters/othermasters/DEPpalabra/images/ihc_palabra_19350217_010.tif,Page,Page 10,212,10,ark:/21198/z1xd3r0n,ark:/21198/z1jx147b,ark:/21198/z17d5jhf,succeeded,open,https://iiif.library.ucla.edu/iiif/2/ark%3A%2F21198%2Fz17d5jhf,1935-02-17 (año 01 | num. 25)
Masters/othermasters/DEPpalabra/images/ihc_palabra_19350217_011.tif,Page,Page 11,213,11,ark:/21198/z1xd3r0n,ark:/21198/z1jx147b,ark:/21198/z13r3h50,succeeded,open,https://iiif.library.ucla.edu/iiif/2/ark%3A%2F21198%2Fz13r3h50,1935-02-17 (año 01 | num. 25)
Masters/othermasters/DEPpalabra/images/ihc_palabra_19350217_012.tif,Page,Page 12,214,12,ark:/21198/z1xd3r0n,ark:/21198/z1jx147b,ark:/21198/z1002rg1,succeeded,open,https://iiif.library.ucla.edu/iiif/2/ark%3A%2F21198%2Fz1002rg1,1935-02-17 (año 01 | num. 25)
Masters/othermasters/DEPpalabra/images/ihc_palabra_19350218_001.tif,Page,Page 1,215,1,ark:/21198/z1xd3r0n,ark:/21198/z1f792vs,ark:/21198/z1v727z8,succeeded,open,https://iiif.library.ucla.edu/iiif/2/ark%3A%2F21198%2Fz1v727z8,1935-02-18 (año 01 | num. 26)
Masters/othermasters/DEPpalabra/images/ihc_palabra_19350218_002.tif,Page,Page 2,216,2,ark:/21198/z1xd3r0n,ark:/21198/z1f792vs,ark:/21198/z1qg1h7z,succeeded,open,https://iiif.library.ucla.edu/iiif/2/ark%3A%2F21198%2Fz1qg1h7z,1935-02-18 (año 01 | num. 26)
Masters/othermasters/DEPpalabra/images/ihc_palabra_19350218_003.tif,Page,Page 3,217,3,ark:/21198/z1xd3r0n,ark:/21198/z1f792vs,ark:/21198/z1kq0rfb,succeeded,open,https://iiif.library.ucla.edu/iiif/2/ark%3A%2F21198%2Fz1kq0rfb,1935-02-18 (año 01 | num. 26)
Masters/othermasters/DEPpalabra/images/ihc_palabra_19350218_004.tif,Page,Page 4,218,4,ark:/21198/z1xd3r0n,ark:/21198/z1f792vs,ark:/21198/z1fz00rf,succeeded,open,https://iiif.library.ucla.edu/iiif/2/ark%3A%2F21198%2Fz1fz00rf,1935-02-18 (año 01 | num. 26)
Masters/othermasters/DEPpalabra/images/ihc_palabra_19350218_005.tif,Page,Page 5,219,5,ark:/21198/z1xd3r0n,ark:/21198/z1f792vs,ark:/21198/z1b5982b,succeeded,open,https://iiif.library.ucla.edu/iiif/2/ark%3A%2F21198%2Fz1b5982b,1935-02-18 (año 01 | num. 26)
Masters/othermasters/DEPpalabra/images/ihc_palabra_19350218_006.tif,Page,Page 6,220,6,ark:/21198/z1xd3r0n,ark:/21198/z1f792vs,ark:/21198/z16h76rx,succeeded,open,https://iiif.library.ucla.edu/iiif/2/ark%3A%2F21198%2Fz16h76rx,1935-02-18 (año 01 | num. 26)
Masters/othermasters/DEPpalabra/images/ihc_palabra_19350218_007.tif,Page,Page 7,221,7,ark:/21198/z1xd3r0n,ark:/21198/z1f792vs,ark:/21198/z12r6g22,succeeded,open,https://iiif.library.ucla.edu/iiif/2/ark%3A%2F21198%2Fz12r6g22,1935-02-18 (año 01 | num. 26)
Masters/othermasters/DEPpalabra/images/ihc_palabra_19350218_008.tif,Page,Page 8,222,8,ark:/21198/z1xd3r0n,ark:/21198/z1f792vs,ark:/21198/z1z05zhs,succeeded,open,https://iiif.library.ucla.edu/iiif/2/ark%3A%2F21198%2Fz1z05zhs,1935-02-18 (año 01 | num. 26)
Masters/othermasters/DEPpalabra/images/ihc_palabra_19350221_001.tif,Page,Page 1,223,1,ark:/21198/z1xd3r0n,ark:/21198/z19g8b5x,ark:/21198/z1t756sf,succeeded,open,https://iiif.library.ucla.edu/iiif/2/ark%3A%2F21198%2Fz1t756sf,1935-02-21 (año 01 | num. 28)
Masters/othermasters/DEPpalabra/images/ihc_palabra_19350221_002.tif,Page,Page 2,224,2,ark:/21198/z1xd3r0n,ark:/21198/z19g8b5x,ark:/21198/z1pg4g07,succeeded,open,https://iiif.library.ucla.edu/iiif/2/ark%3A%2F21198%2Fz1pg4g07,1935-02-21 (año 01 | num. 28)
Masters/othermasters/DEPpalabra/images/ihc_palabra_19350221_003.tif,Page,Page 3,225,3,ark:/21198/z1xd3r0n,ark:/21198/z19g8b5x,ark:/21198/z1jq3q9z,succeeded,open,https://iiif.library.ucla.edu/iiif/2/ark%3A%2F21198%2Fz1jq3q9z,1935-02-21 (año 01 | num. 28)
Masters/othermasters/DEPpalabra/images/ihc_palabra_19350221_004.tif,Page,Page 4,226,4,ark:/21198/z1xd3r0n,ark:/21198/z19g8b5x,ark:/21198/z1dz2zpk,succeeded,open,https://iiif.library.ucla.edu/iiif/2/ark%3A%2F21198%2Fz1dz2zpk,1935-02-21 (año 01 | num. 28)
Masters/othermasters/DEPpalabra/images/ihc_palabra_19350221_005.tif,Page,Page 5,227,5,ark:/21198/z1xd3r0n,ark:/21198/z19g8b5x,ark:/21198/z1990xbf,succeeded,open,https://iiif.library.ucla.edu/iiif/2/ark%3A%2F21198%2Fz1990xbf,1935-02-21 (año 01 | num. 28)
Masters/othermasters/DEPpalabra/images/ihc_palabra_19350221_006.tif,Page,Page 6,228,6,ark:/21198/z1xd3r0n,ark:/21198/z19g8b5x,ark:/21198/z15j05m3,succeeded,open,https://iiif.library.ucla.edu/iiif/2/ark%3A%2F21198%2Fz15j05m3,1935-02-21 (año 01 | num. 28)
Masters/othermasters/DEPpalabra/images/ihc_palabra_19350221_007.tif,Page,Page 7,229,7,ark:/21198/z1xd3r0n,ark:/21198/z19g8b5x,ark:/21198/z11r9dwt,succeeded,open,https://iiif.library.ucla.edu/iiif/2/ark%3A%2F21198%2Fz11r9dwt,1935-02-21 (año 01 | num. 28)
Masters/othermasters/DEPpalabra/images/ihc_palabra_19350221_008.tif,Page,Page 8,230,8,ark:/21198/z1xd3r0n,ark:/21198/z19g8b5x,ark:/21198/z1x08xcd,succeeded,open,https://iiif.library.ucla.edu/iiif/2/ark%3A%2F21198%2Fz1x08xcd,1935-02-21 (año 01 | num. 28)
Masters/othermasters/DEPpalabra/images/ihc_palabra_19350222_001.tif,Page,Page 1,231,1,ark:/21198/z1xd3r0n,ark:/21198/z15q7kdr,ark:/21198/z1s785mm,succeeded,open,https://iiif.library.ucla.edu/iiif/2/ark%3A%2F21198%2Fz1s785mm,1935-02-22 (año 01 | num. 29)
Masters/othermasters/DEPpalabra/images/ihc_palabra_19350222_002.tif,Page,Page 2,232,2,ark:/21198/z1xd3r0n,ark:/21198/z15q7kdr,ark:/21198/z1ng7dzs,succeeded,open,https://iiif.library.ucla.edu/iiif/2/ark%3A%2F21198%2Fz1ng7dzs,1935-02-22 (año 01 | num. 29)
Masters/othermasters/DEPpalabra/images/ihc_palabra_19350222_003.tif,Page,Page 3,233,3,ark:/21198/z1xd3r0n,ark:/21198/z15q7kdr,ark:/21198/z1hq6p9c,succeeded,open,https://iiif.library.ucla.edu/iiif/2/ark%3A%2F21198%2Fz1hq6p9c,1935-02-22 (año 01 | num. 29)
Masters/othermasters/DEPpalabra/images/ihc_palabra_19350222_004.tif,Page,Page 4,234,4,ark:/21198/z1xd3r0n,ark:/21198/z15q7kdr,ark:/21198/z1d24mxc,succeeded,open,https://iiif.library.ucla.edu/iiif/2/ark%3A%2F21198%2Fz1d24mxc,1935-02-22 (año 01 | num. 29)
Masters/othermasters/DEPpalabra/images/ihc_palabra_19350222_005.tif,Page,Page 5,235,5,ark:/21198/z1xd3r0n,ark:/21198/z15q7kdr,ark:/21198/z1893w7h,succeeded,open,https://iiif.library.ucla.edu/iiif/2/ark%3A%2F21198%2Fz1893w7h,1935-02-22 (año 01 | num. 29)
Masters/othermasters/DEPpalabra/images/ihc_palabra_19350222_006.tif,Page,Page 6,236,6,ark:/21198/z1xd3r0n,ark:/21198/z15q7kdr,ark:/21198/z14j34gq,succeeded,open,https://iiif.library.ucla.edu/iiif/2/ark%3A%2F21198%2Fz14j34gq,1935-02-22 (año 01 | num. 29)
Masters/othermasters/DEPpalabra/images/ihc_palabra_19350222_007.tif,Page,Page 7,237,7,ark:/21198/z1xd3r0n,ark:/21198/z15q7kdr,ark:/21198/z10s2cqj,succeeded,open,https://iiif.library.ucla.edu/iiif/2/ark%3A%2F21198%2Fz10s2cqj,1935-02-22 (año 01 | num. 29)
Masters/othermasters/DEPpalabra/images/ihc_palabra_19350222_008.tif,Page,Page 8,238,8,ark:/21198/z1xd3r0n,ark:/21198/z15q7kdr,ark:/21198/z1w11w5p,succeeded,open,https://iiif.library.ucla.edu/iiif/2/ark%3A%2F21198%2Fz1w11w5p,1935-02-22 (año 01 | num. 29)
Masters/othermasters/DEPpalabra/images/ihc_palabra_19350223_001.tif,Page,Page 1,239,1,ark:/21198/z1xd3r0n,ark:/21198/z11z6tp1,ark:/21198/z1r814jp,succeeded,open,https://iiif.library.ucla.edu/iiif/2/ark%3A%2F21198%2Fz1r814jp,1935-02-23 (año 01 | num. 30)
Masters/othermasters/DEPpalabra/images/ihc_palabra_19350223_002.tif,Page,Page 2,240,2,ark:/21198/z1xd3r0n,ark:/21198/z11z6tp1,ark:/21198/z1mh0cvd,succeeded,open,https://iiif.library.ucla.edu/iiif/2/ark%3A%2F21198%2Fz1mh0cvd,1935-02-23 (año 01 | num. 30)
Masters/othermasters/DEPpalabra/images/ihc_palabra_19350223_003.tif,Page,Page 3,241,3,ark:/21198/z1xd3r0n,ark:/21198/z11z6tp1,ark:/21198/z1gt8bhd,succeeded,open,https://iiif.library.ucla.edu/iiif/2/ark%3A%2F21198%2Fz1gt8bhd,1935-02-23 (año 01 | num. 30)
Masters/othermasters/DEPpalabra/images/ihc_palabra_19350223_004.tif,Page,Page 4,242,4,ark:/21198/z1xd3r0n,ark:/21198/z11z6tp1,ark:/21198/z1c27ktf,succeeded,open,https://iiif.library.ucla.edu/iiif/2/ark%3A%2F21198%2Fz1c27ktf,1935-02-23 (año 01 | num. 30)
Masters/othermasters/DEPpalabra/images/ihc_palabra_19350223_005.tif,Page,Page 5,243,5,ark:/21198/z1xd3r0n,ark:/21198/z11z6tp1,ark:/21198/z1796v17,succeeded,open,https://iiif.library.ucla.edu/iiif/2/ark%3A%2F21198%2Fz1796v17,1935-02-23 (año 01 | num. 30)
Masters/othermasters/DEPpalabra/images/ihc_palabra_19350223_006.tif,Page,Page 6,244,6,ark:/21198/z1xd3r0n,ark:/21198/z11z6tp1,ark:/21198/z13j639w,succeeded,open,https://iiif.library.ucla.edu/iiif/2/ark%3A%2F21198%2Fz13j639w,1935-02-23 (año 01 | num. 30)
Masters/othermasters/DEPpalabra/images/ihc_palabra_19350223_007.tif,Page,Page 7,245,7,ark:/21198/z1xd3r0n,ark:/21198/z11z6tp1,ark:/21198/z1zs5ksr,succeeded,open,https://iiif.library.ucla.edu/iiif/2/ark%3A%2F21198%2Fz1zs5ksr,1935-02-23 (año 01 | num. 30)
Masters/othermasters/DEPpalabra/images/ihc_palabra_19350223_008.tif,Page,Page 8,246,8,ark:/21198/z1xd3r0n,ark:/21198/z11z6tp1,ark:/21198/z1v14v4n,succeeded,open,https://iiif.library.ucla.edu/iiif/2/ark%3A%2F21198%2Fz1v14v4n,1935-02-23 (año 01 | num. 30)
Masters/othermasters/DEPpalabra/images/ihc_palabra_19350224_001.tif,Page,Page 1,247,1,ark:/21198/z1xd3r0n,ark:/21198/z1x66b6f,ark:/21198/z1qc2sss,succeeded,open,https://iiif.library.ucla.edu/iiif/2/ark%3A%2F21198%2Fz1qc2sss,1935-02-24 (año 01 | num. 31)
Masters/othermasters/DEPpalabra/images/ihc_palabra_19350224_002.tif,Page,Page 2,248,2,ark:/21198/z1xd3r0n,ark:/21198/z1x66b6f,ark:/21198/z1km2256,succeeded,open,https://iiif.library.ucla.edu/iiif/2/ark%3A%2F21198%2Fz1km2256,1935-02-24 (año 01 | num. 31)
Masters/othermasters/DEPpalabra/images/ihc_palabra_19350224_003.tif,Page,Page 3,249,3,ark:/21198/z1xd3r0n,ark:/21198/z1x66b6f,ark:/21198/z1fv19d1,succeeded,open,https://iiif.library.ucla.edu/iiif/2/ark%3A%2F21198%2Fz1fv19d1,1935-02-24 (año 01 | num. 31)
Masters/othermasters/DEPpalabra/images/ihc_palabra_19350224_004.tif,Page,Page 4,250,4,ark:/21198/z1xd3r0n,ark:/21198/z1x66b6f,ark:/21198/z1b30jpm,succeeded,open,https://iiif.library.ucla.edu/iiif/2/ark%3A%2F21198%2Fz1b30jpm,1935-02-24 (año 01 | num. 31)
Masters/othermasters/DEPpalabra/images/ihc_palabra_19350224_005.tif,Page,Page 5,251,5,ark:/21198/z1xd3r0n,ark:/21198/z1x66b6f,ark:/21198/z1699swf,succeeded,open,https://iiif.library.ucla.edu/iiif/2/ark%3A%2F21198%2Fz1699swf,1935-02-24 (año 01 | num. 31)
Masters/othermasters/DEPpalabra/images/ihc_palabra_19350224_006.tif,Page,Page 6,252,6,ark:/21198/z1xd3r0n,ark:/21198/z1x66b6f,ark:/21198/z12j9242,succeeded,open,https://iiif.library.ucla.edu/iiif/2/ark%3A%2F21198%2Fz12j9242,1935-02-24 (año 01 | num. 31)
Masters/othermasters/DEPpalabra/images/ihc_palabra_19350224_007.tif,Page,Page 7,253,7,ark:/21198/z1xd3r0n,ark:/21198/z1x66b6f,ark:/21198/z1xs8jrq,succeeded,open,https://iiif.library.ucla.edu/iiif/2/ark%3A%2F21198%2Fz1xs8jrq,1935-02-24 (año 01 | num. 31)
Masters/othermasters/DEPpalabra/images/ihc_palabra_19350224_008.tif,Page,Page 8,254,8,ark:/21198/z1xd3r0n,ark:/21198/z1x66b6f,ark:/21198/z1t46hc4,succeeded,open,https://iiif.library.ucla.edu/iiif/2/ark%3A%2F21198%2Fz1t46hc4,1935-02-24 (año 01 | num. 31)
Masters/othermasters/DEPpalabra/images/ihc_palabra_19350224_009.tif,Page,Page 9,255,9,ark:/21198/z1xd3r0n,ark:/21198/z1x66b6f,ark:/21198/z1pc5rq9,succeeded,open,https://iiif.library.ucla.edu/iiif/2/ark%3A%2F21198%2Fz1pc5rq9,1935-02-24 (año 01 | num. 31)
Masters/othermasters/DEPpalabra/images/ihc_palabra_19350224_010.tif,Page,Page 10,256,10,ark:/21198/z1xd3r0n,ark:/21198/z1x66b6f,ark:/21198/z1jm511t,succeeded,open,https://iiif.library.ucla.edu/iiif/2/ark%3A%2F21198%2Fz1jm511t,1935-02-24 (año 01 | num. 31)
Masters/othermasters/DEPpalabra/images/ihc_palabra_19350224_011.tif,Page,Page 11,257,11,ark:/21198/z1xd3r0n,ark:/21198/z1x66b6f,ark:/21198/z1dv488n,succeeded,open,https://iiif.library.ucla.edu/iiif/2/ark%3A%2F21198%2Fz1dv488n,1935-02-24 (año 01 | num. 31)
Masters/othermasters/DEPpalabra/images/ihc_palabra_19350224_012.tif,Page,Page 12,258,12,ark:/21198/z1xd3r0n,ark:/21198/z1x66b6f,ark:/21198/z1933hhs,succeeded,open,https://iiif.library.ucla.edu/iiif/2/ark%3A%2F21198%2Fz1933hhs,1935-02-24 (año 01 | num. 31)
Masters/othermasters/DEPpalabra/images/ihc_palabra_19350226_001.tif,Page,Page 1,259,1,ark:/21198/z1xd3r0n,ark:/21198/z1sf5kh5,ark:/21198/z15b2rrm,succeeded,open,https://iiif.library.ucla.edu/iiif/2/ark%3A%2F21198%2Fz15b2rrm,1935-02-26 (año 01 | num. 32)
Masters/othermasters/DEPpalabra/images/ihc_palabra_19350226_002.tif,Page,Page 2,260,2,ark:/21198/z1xd3r0n,ark:/21198/z1sf5kh5,ark:/21198/z11k2141,succeeded,open,https://iiif.library.ucla.edu/iiif/2/ark%3A%2F21198%2Fz11k2141,1935-02-26 (año 01 | num. 32)
Masters/othermasters/DEPpalabra/images/ihc_palabra_19350226_003.tif,Page,Page 3,261,3,ark:/21198/z1xd3r0n,ark:/21198/z1sf5kh5,ark:/21198/z1wx0705,succeeded,open,https://iiif.library.ucla.edu/iiif/2/ark%3A%2F21198%2Fz1wx0705,1935-02-26 (año 01 | num. 32)
Masters/othermasters/DEPpalabra/images/ihc_palabra_19350226_004.tif,Page,Page 4,262,4,ark:/21198/z1xd3r0n,ark:/21198/z1sf5kh5,ark:/21198/z1s49gb3,succeeded,open,https://iiif.library.ucla.edu/iiif/2/ark%3A%2F21198%2Fz1s49gb3,1935-02-26 (año 01 | num. 32)
Masters/othermasters/DEPpalabra/images/ihc_palabra_19350226_005.tif,Page,Page 5,263,5,ark:/21198/z1xd3r0n,ark:/21198/z1sf5kh5,ark:/21198/z1nc8qkx,succeeded,open,https://iiif.library.ucla.edu/iiif/2/ark%3A%2F21198%2Fz1nc8qkx,1935-02-26 (año 01 | num. 32)
Masters/othermasters/DEPpalabra/images/ihc_palabra_19350226_006.tif,Page,Page 6,264,6,ark:/21198/z1xd3r0n,ark:/21198/z1sf5kh5,ark:/21198/z1hm7zs9,succeeded,open,https://iiif.library.ucla.edu/iiif/2/ark%3A%2F21198%2Fz1hm7zs9,1935-02-26 (año 01 | num. 32)
Masters/othermasters/DEPpalabra/images/ihc_palabra_19350226_007.tif,Page,Page 7,265,7,ark:/21198/z1xd3r0n,ark:/21198/z1sf5kh5,ark:/21198/z1cv771x,succeeded,open,https://iiif.library.ucla.edu/iiif/2/ark%3A%2F21198%2Fz1cv771x,1935-02-26 (año 01 | num. 32)
Masters/othermasters/DEPpalabra/images/ihc_palabra_19350226_008.tif,Page,Page 8,266,8,ark:/21198/z1xd3r0n,ark:/21198/z1sf5kh5,ark:/21198/z1836g9h,succeeded,open,https://iiif.library.ucla.edu/iiif/2/ark%3A%2F21198%2Fz1836g9h,1935-02-26 (año 01 | num. 32)
Masters/othermasters/DEPpalabra/images/ihc_palabra_19350227_001.tif,Page,Page 1,267,1,ark:/21198/z1xd3r0n,ark:/21198/z1ns3j65,ark:/21198/z14b5qnp,succeeded,open,https://iiif.library.ucla.edu/iiif/2/ark%3A%2F21198%2Fz14b5qnp,1935-02-27 (año 01 | num. 33)
Masters/othermasters/DEPpalabra/images/ihc_palabra_19350227_002.tif,Page,Page 2,268,2,ark:/21198/z1xd3r0n,ark:/21198/z1ns3j65,ark:/21198/z10p3pbp,succeeded,open,https://iiif.library.ucla.edu/iiif/2/ark%3A%2F21198%2Fz10p3pbp,1935-02-27 (año 01 | num. 33)
Masters/othermasters/DEPpalabra/images/ihc_palabra_19350227_003.tif,Page,Page 3,269,3,ark:/21198/z1xd3r0n,ark:/21198/z1ns3j65,ark:/21198/z1vx35x8,succeeded,open,https://iiif.library.ucla.edu/iiif/2/ark%3A%2F21198%2Fz1vx35x8,1935-02-27 (año 01 | num. 33)
Masters/othermasters/DEPpalabra/images/ihc_palabra_19350227_004.tif,Page,Page 4,270,4,ark:/21198/z1xd3r0n,ark:/21198/z1ns3j65,ark:/21198/z1r52f4c,succeeded,open,https://iiif.library.ucla.edu/iiif/2/ark%3A%2F21198%2Fz1r52f4c,1935-02-27 (año 01 | num. 33)
Masters/othermasters/DEPpalabra/images/ihc_palabra_19350227_005.tif,Page,Page 5,271,5,ark:/21198/z1xd3r0n,ark:/21198/z1ns3j65,ark:/21198/z1md1pdn,succeeded,open,https://iiif.library.ucla.edu/iiif/2/ark%3A%2F21198%2Fz1md1pdn,1935-02-27 (año 01 | num. 33)
Masters/othermasters/DEPpalabra/images/ihc_palabra_19350227_006.tif,Page,Page 6,272,6,ark:/21198/z1xd3r0n,ark:/21198/z1ns3j65,ark:/21198/z1gn0xm1,succeeded,open,https://iiif.library.ucla.edu/iiif/2/ark%3A%2F21198%2Fz1gn0xm1,1935-02-27 (año 01 | num. 33)
Masters/othermasters/DEPpalabra/images/ihc_palabra_19350227_007.tif,Page,Page 7,273,7,ark:/21198/z1xd3r0n,ark:/21198/z1ns3j65,ark:/21198/z1bw05x4,succeeded,open,https://iiif.library.ucla.edu/iiif/2/ark%3A%2F21198%2Fz1bw05x4,1935-02-27 (año 01 | num. 33)
Masters/othermasters/DEPpalabra/images/ihc_palabra_19350227_008.tif,Page,Page 8,274,8,ark:/21198/z1xd3r0n,ark:/21198/z1ns3j65,ark:/21198/z1739f8g,succeeded,open,https://iiif.library.ucla.edu/iiif/2/ark%3A%2F21198%2Fz1739f8g,1935-02-27 (año 01 | num. 33)
Masters/othermasters/DEPpalabra/images/ihc_palabra_19350228_001.tif,Page,Page 1,275,1,ark:/21198/z1xd3r0n,ark:/21198/z1j12sh6,ark:/21198/z13f7cz2,succeeded,open,https://iiif.library.ucla.edu/iiif/2/ark%3A%2F21198%2Fz13f7cz2,1935-02-28 (año 01 | num. 34)
Masters/othermasters/DEPpalabra/images/ihc_palabra_19350228_002.tif,Page,Page 2,276,2,ark:/21198/z1xd3r0n,ark:/21198/z1j12sh6,ark:/21198/z1zp6wgs,succeeded,open,https://iiif.library.ucla.edu/iiif/2/ark%3A%2F21198%2Fz1zp6wgs,1935-02-28 (año 01 | num. 34)
Masters/othermasters/DEPpalabra/images/ihc_palabra_19350228_003.tif,Page,Page 3,277,3,ark:/21198/z1xd3r0n,ark:/21198/z1j12sh6,ark:/21198/z1tx64rf,succeeded,open,https://iiif.library.ucla.edu/iiif/2/ark%3A%2F21198%2Fz1tx64rf,1935-02-28 (año 01 | num. 34)
Masters/othermasters/DEPpalabra/images/ihc_palabra_19350228_004.tif,Page,Page 4,278,4,ark:/21198/z1xd3r0n,ark:/21198/z1j12sh6,ark:/21198/z1q55cz4,succeeded,open,https://iiif.library.ucla.edu/iiif/2/ark%3A%2F21198%2Fz1q55cz4,1935-02-28 (año 01 | num. 34)
Masters/othermasters/DEPpalabra/images/ihc_palabra_19350228_005.tif,Page,Page 5,279,5,ark:/21198/z1xd3r0n,ark:/21198/z1j12sh6,ark:/21198/z1kd4n6c,succeeded,open,https://iiif.library.ucla.edu/iiif/2/ark%3A%2F21198%2Fz1kd4n6c,1935-02-28 (año 01 | num. 34)
Masters/othermasters/DEPpalabra/images/ihc_palabra_19350228_006.tif,Page,Page 6,280,6,ark:/21198/z1xd3r0n,ark:/21198/z1j12sh6,ark:/21198/z1fn3wgn,succeeded,open,https://iiif.library.ucla.edu/iiif/2/ark%3A%2F21198%2Fz1fn3wgn,1935-02-28 (año 01 | num. 34)
Masters/othermasters/DEPpalabra/images/ihc_palabra_19350228_007.tif,Page,Page 7,281,7,ark:/21198/z1xd3r0n,ark:/21198/z1j12sh6,ark:/21198/z19w34vn,succeeded,open,https://iiif.library.ucla.edu/iiif/2/ark%3A%2F21198%2Fz19w34vn,1935-02-28 (año 01 | num. 34)
Masters/othermasters/DEPpalabra/images/ihc_palabra_19350228_008.tif,Page,Page 8,282,8,ark:/21198/z1xd3r0n,ark:/21198/z1j12sh6,ark:/21198/z16713hh,succeeded,open,https://iiif.library.ucla.edu/iiif/2/ark%3A%2F21198%2Fz16713hh,1935-02-28 (año 01 | num. 34)
Masters/othermasters/DEPpalabra/images/ihc_palabra_19350301_001.tif,Page,Page 1,283,1,ark:/21198/z1xd3r0n,ark:/21198/z1d821sv,ark:/21198/z12g0bt7,succeeded,open,https://iiif.library.ucla.edu/iiif/2/ark%3A%2F21198%2Fz12g0bt7,1935-03-01 (año 01 | num. 35)
Masters/othermasters/DEPpalabra/images/ihc_palabra_19350301_002.tif,Page,Page 2,284,2,ark:/21198/z1xd3r0n,ark:/21198/z1d821sv,ark:/21198/z1xp9v9z,succeeded,open,https://iiif.library.ucla.edu/iiif/2/ark%3A%2F21198%2Fz1xp9v9z,1935-03-01 (año 01 | num. 35)
Masters/othermasters/DEPpalabra/images/ihc_palabra_19350301_003.tif,Page,Page 3,285,3,ark:/21198/z1xd3r0n,ark:/21198/z1d821sv,ark:/21198/z1sx93j5,succeeded,open,https://iiif.library.ucla.edu/iiif/2/ark%3A%2F21198%2Fz1sx93j5,1935-03-01 (año 01 | num. 35)
Masters/othermasters/DEPpalabra/images/ihc_palabra_19350301_004.tif,Page,Page 4,286,4,ark:/21198/z1xd3r0n,ark:/21198/z1d821sv,ark:/21198/z1p58bs9,succeeded,open,https://iiif.library.ucla.edu/iiif/2/ark%3A%2F21198%2Fz1p58bs9,1935-03-01 (año 01 | num. 35)
Masters/othermasters/DEPpalabra/images/ihc_palabra_19350301_005.tif,Page,Page 5,287,5,ark:/21198/z1xd3r0n,ark:/21198/z1d821sv,ark:/21198/z1jd7m20,succeeded,open,https://iiif.library.ucla.edu/iiif/2/ark%3A%2F21198%2Fz1jd7m20,1935-03-01 (año 01 | num. 35)
Masters/othermasters/DEPpalabra/images/ihc_palabra_19350301_006.tif,Page,Page 6,288,6,ark:/21198/z1xd3r0n,ark:/21198/z1d821sv,ark:/21198/z1dn6vcq,succeeded,open,https://iiif.library.ucla.edu/iiif/2/ark%3A%2F21198%2Fz1dn6vcq,1935-03-01 (año 01 | num. 35)
Masters/othermasters/DEPpalabra/images/ihc_palabra_19350301_007.tif,Page,Page 7,289,7,ark:/21198/z1xd3r0n,ark:/21198/z1d821sv,ark:/21198/z1904t3g,succeeded,open,https://iiif.library.ucla.edu/iiif/2/ark%3A%2F21198%2Fz1904t3g,1935-03-01 (año 01 | num. 35)
Masters/othermasters/DEPpalabra/images/ihc_palabra_19350301_008.tif,Page,Page 8,290,8,ark:/21198/z1xd3r0n,ark:/21198/z1d821sv,ark:/21198/z15742dk,succeeded,open,https://iiif.library.ucla.edu/iiif/2/ark%3A%2F21198%2Fz15742dk,1935-03-01 (año 01 | num. 35)
Masters/othermasters/DEPpalabra/images/ihc_palabra_19350302_001.tif,Page,Page 1,291,1,ark:/21198/z1xd3r0n,ark:/21198/z18h1913,ark:/21198/z11g39mz,succeeded,open,https://iiif.library.ucla.edu/iiif/2/ark%3A%2F21198%2Fz11g39mz,1935-03-02 (año 01 | num. 36)
Masters/othermasters/DEPpalabra/images/ihc_palabra_19350302_002.tif,Page,Page 2,292,2,ark:/21198/z1xd3r0n,ark:/21198/z18h1913,ark:/21198/z1wq2t4p,succeeded,open,https://iiif.library.ucla.edu/iiif/2/ark%3A%2F21198%2Fz1wq2t4p,1935-03-02 (año 01 | num. 36)
Masters/othermasters/DEPpalabra/images/ihc_palabra_19350302_003.tif,Page,Page 3,293,3,ark:/21198/z1xd3r0n,ark:/21198/z18h1913,ark:/21198/z1rz22bf,succeeded,open,https://iiif.library.ucla.edu/iiif/2/ark%3A%2F21198%2Fz1rz22bf,1935-03-02 (año 01 | num. 36)
Masters/othermasters/DEPpalabra/images/ihc_palabra_19350302_004.tif,Page,Page 4,294,4,ark:/21198/z1xd3r0n,ark:/21198/z18h1913,ark:/21198/z1n619qc,succeeded,open,https://iiif.library.ucla.edu/iiif/2/ark%3A%2F21198%2Fz1n619qc,1935-03-02 (año 01 | num. 36)
Masters/othermasters/DEPpalabra/images/ihc_palabra_19350302_005.tif,Page,Page 5,295,5,ark:/21198/z1xd3r0n,ark:/21198/z18h1913,ark:/21198/z1hf0k2z,succeeded,open,https://iiif.library.ucla.edu/iiif/2/ark%3A%2F21198%2Fz1hf0k2z,1935-03-02 (año 01 | num. 36)
Masters/othermasters/DEPpalabra/images/ihc_palabra_19350302_006.tif,Page,Page 6,296,6,ark:/21198/z1xd3r0n,ark:/21198/z18h1913,ark:/21198/z1cr8hp3,succeeded,open,https://iiif.library.ucla.edu/iiif/2/ark%3A%2F21198%2Fz1cr8hp3,1935-03-02 (año 01 | num. 36)
Masters/othermasters/DEPpalabra/images/ihc_palabra_19350302_007.tif,Page,Page 7,297,7,ark:/21198/z1xd3r0n,ark:/21198/z18h1913,ark:/21198/z1807s0j,succeeded,open,https://iiif.library.ucla.edu/iiif/2/ark%3A%2F21198%2Fz1807s0j,1935-03-02 (año 01 | num. 36)
Masters/othermasters/DEPpalabra/images/ihc_palabra_19350302_008.tif,Page,Page 8,298,8,ark:/21198/z1xd3r0n,ark:/21198/z18h1913,ark:/21198/z147717r,succeeded,open,https://iiif.library.ucla.edu/iiif/2/ark%3A%2F21198%2Fz147717r,1935-03-02 (año 01 | num. 36)
Masters/othermasters/DEPpalabra/images/ihc_palabra_19350303_001.tif,Page,Page 1,299,1,ark:/21198/z1xd3r0n,ark:/21198/z14r0j7g,ark:/21198/z10g68gk,succeeded,open,https://iiif.library.ucla.edu/iiif/2/ark%3A%2F21198%2Fz10g68gk,1935-03-03 (año 01 | num. 37)
Masters/othermasters/DEPpalabra/images/ihc_palabra_19350303_002.tif,Page,Page 2,300,2,ark:/21198/z1xd3r0n,ark:/21198/z14r0j7g,ark:/21198/z1vq5rx0,succeeded,open,https://iiif.library.ucla.edu/iiif/2/ark%3A%2F21198%2Fz1vq5rx0,1935-03-03 (año 01 | num. 37)
Masters/othermasters/DEPpalabra/images/ihc_palabra_19350303_003.tif,Page,Page 3,301,3,ark:/21198/z1xd3r0n,ark:/21198/z14r0j7g,ark:/21198/z1qz518z,succeeded,open,https://iiif.library.ucla.edu/iiif/2/ark%3A%2F21198%2Fz1qz518z,1935-03-03 (año 01 | num. 37)
Masters/othermasters/DEPpalabra/images/ihc_palabra_19350303_004.tif,Page,Page 4,302,4,ark:/21198/z1xd3r0n,ark:/21198/z14r0j7g,ark:/21198/z1m648nw,succeeded,open,https://iiif.library.ucla.edu/iiif/2/ark%3A%2F21198%2Fz1m648nw,1935-03-03 (año 01 | num. 37)
Masters/othermasters/DEPpalabra/images/ihc_palabra_19350303_005.tif,Page,Page 5,303,5,ark:/21198/z1xd3r0n,ark:/21198/z14r0j7g,ark:/21198/z1gj2780,succeeded,open,https://iiif.library.ucla.edu/iiif/2/ark%3A%2F21198%2Fz1gj2780,1935-03-03 (año 01 | num. 37)
Masters/othermasters/DEPpalabra/images/ihc_palabra_19350303_006.tif,Page,Page 6,304,6,ark:/21198/z1xd3r0n,ark:/21198/z14r0j7g,ark:/21198/z1bs1ght,succeeded,open,https://iiif.library.ucla.edu/iiif/2/ark%3A%2F21198%2Fz1bs1ght,1935-03-03 (año 01 | num. 37)
Masters/othermasters/DEPpalabra/images/ihc_palabra_19350303_007.tif,Page,Page 7,305,7,ark:/21198/z1xd3r0n,ark:/21198/z14r0j7g,ark:/21198/z1710qsd,succeeded,open,https://iiif.library.ucla.edu/iiif/2/ark%3A%2F21198%2Fz1710qsd,1935-03-03 (año 01 | num. 37)
Masters/othermasters/DEPpalabra/images/ihc_palabra_19350303_008.tif,Page,Page 8,306,8,ark:/21198/z1xd3r0n,ark:/21198/z14r0j7g,ark:/21198/z1380011,succeeded,open,https://iiif.library.ucla.edu/iiif/2/ark%3A%2F21198%2Fz1380011,1935-03-03 (año 01 | num. 37)
Masters/othermasters/DEPpalabra/images/ihc_palabra_19350303_009.tif,Page,Page 9,307,9,ark:/21198/z1xd3r0n,ark:/21198/z14r0j7g,ark:/21198/z1zg9ghb,succeeded,open,https://iiif.library.ucla.edu/iiif/2/ark%3A%2F21198%2Fz1zg9ghb,1935-03-03 (año 01 | num. 37)
Masters/othermasters/DEPpalabra/images/ihc_palabra_19350303_010.tif,Page,Page 10,308,10,ark:/21198/z1xd3r0n,ark:/21198/z14r0j7g,ark:/21198/z1tq8qwz,succeeded,open,https://iiif.library.ucla.edu/iiif/2/ark%3A%2F21198%2Fz1tq8qwz,1935-03-03 (año 01 | num. 37)
Masters/othermasters/DEPpalabra/images/ihc_palabra_19350303_011.tif,Page,Page 11,309,11,ark:/21198/z1xd3r0n,ark:/21198/z14r0j7g,ark:/21198/z1q26pjt,succeeded,open,https://iiif.library.ucla.edu/iiif/2/ark%3A%2F21198%2Fz1q26pjt,1935-03-03 (año 01 | num. 37)
Masters/othermasters/DEPpalabra/images/ihc_palabra_19350303_012.tif,Page,Page 12,310,12,ark:/21198/z1xd3r0n,ark:/21198/z14r0j7g,ark:/21198/z1k95xw0,succeeded,open,https://iiif.library.ucla.edu/iiif/2/ark%3A%2F21198%2Fz1k95xw0,1935-03-03 (año 01 | num. 37)
Masters/othermasters/DEPpalabra/images/ihc_palabra_19350305_001.tif,Page,Page 1,311,1,ark:/21198/z1xd3r0n,ark:/21198/z10z9sk3,ark:/21198/z1fj566h,succeeded,open,https://iiif.library.ucla.edu/iiif/2/ark%3A%2F21198%2Fz1fj566h,1935-03-05 (año 01 | num. 38)
Masters/othermasters/DEPpalabra/images/ihc_palabra_19350305_002.tif,Page,Page 2,312,2,ark:/21198/z1xd3r0n,ark:/21198/z10z9sk3,ark:/21198/z19s4fdw,succeeded,open,https://iiif.library.ucla.edu/iiif/2/ark%3A%2F21198%2Fz19s4fdw,1935-03-05 (año 01 | num. 38)
Masters/othermasters/DEPpalabra/images/ihc_palabra_19350305_003.tif,Page,Page 3,313,3,ark:/21198/z1xd3r0n,ark:/21198/z10z9sk3,ark:/21198/z1613ppg,succeeded,open,https://iiif.library.ucla.edu/iiif/2/ark%3A%2F21198%2Fz1613ppg,1935-03-05 (año 01 | num. 38)
Masters/othermasters/DEPpalabra/images/ihc_palabra_19350305_004.tif,Page,Page 4,314,4,ark:/21198/z1xd3r0n,ark:/21198/z10z9sk3,ark:/21198/z1282xwv,succeeded,open,https://iiif.library.ucla.edu/iiif/2/ark%3A%2F21198%2Fz1282xwv,1935-03-05 (año 01 | num. 38)
Masters/othermasters/DEPpalabra/images/ihc_palabra_19350305_005.tif,Page,Page 5,315,5,ark:/21198/z1xd3r0n,ark:/21198/z10z9sk3,ark:/21198/z1xh2fh9,succeeded,open,https://iiif.library.ucla.edu/iiif/2/ark%3A%2F21198%2Fz1xh2fh9,1935-03-05 (año 01 | num. 38)
Masters/othermasters/DEPpalabra/images/ihc_palabra_19350305_006.tif,Page,Page 6,316,6,ark:/21198/z1xd3r0n,ark:/21198/z10z9sk3,ark:/21198/z1sv0d3z,succeeded,open,https://iiif.library.ucla.edu/iiif/2/ark%3A%2F21198%2Fz1sv0d3z,1935-03-05 (año 01 | num. 38)
Masters/othermasters/DEPpalabra/images/ihc_palabra_19350305_007.tif,Page,Page 7,317,7,ark:/21198/z1xd3r0n,ark:/21198/z10z9sk3,ark:/21198/z1p29ngb,succeeded,open,https://iiif.library.ucla.edu/iiif/2/ark%3A%2F21198%2Fz1p29ngb,1935-03-05 (año 01 | num. 38)
Masters/othermasters/DEPpalabra/images/ihc_palabra_19350305_008.tif,Page,Page 8,318,8,ark:/21198/z1xd3r0n,ark:/21198/z10z9sk3,ark:/21198/z1j98ws2,succeeded,open,https://iiif.library.ucla.edu/iiif/2/ark%3A%2F21198%2Fz1j98ws2,1935-03-05 (año 01 | num. 38)
Masters/othermasters/DEPpalabra/images/ihc_palabra_19350306_001.tif,Page,Page 1,319,1,ark:/21198/z1xd3r0n,ark:/21198/z1w6993h,ark:/21198/z1dj851p,succeeded,open,https://iiif.library.ucla.edu/iiif/2/ark%3A%2F21198%2Fz1dj851p,1935-03-06 (año 01 | num. 39)
Masters/othermasters/DEPpalabra/images/ihc_palabra_19350306_002.tif,Page,Page 2,320,2,ark:/21198/z1xd3r0n,ark:/21198/z1w6993h,ark:/21198/z18s7d8h,succeeded,open,https://iiif.library.ucla.edu/iiif/2/ark%3A%2F21198%2Fz18s7d8h,1935-03-06 (año 01 | num. 39)
Masters/othermasters/DEPpalabra/images/ihc_palabra_19350306_003.tif,Page,Page 3,321,3,ark:/21198/z1xd3r0n,ark:/21198/z1w6993h,ark:/21198/z1516nhn,succeeded,open,https://iiif.library.ucla.edu/iiif/2/ark%3A%2F21198%2Fz1516nhn,1935-03-06 (año 01 | num. 39)
Masters/othermasters/DEPpalabra/images/ihc_palabra_19350306_004.tif,Page,Page 4,322,4,ark:/21198/z1xd3r0n,ark:/21198/z1w6993h,ark:/21198/z1185wvt,succeeded,open,https://iiif.library.ucla.edu/iiif/2/ark%3A%2F21198%2Fz1185wvt,1935-03-06 (año 01 | num. 39)
Masters/othermasters/DEPpalabra/images/ihc_palabra_19350306_005.tif,Page,Page 5,323,5,ark:/21198/z1xd3r0n,ark:/21198/z1w6993h,ark:/21198/z1wm43qb,succeeded,open,https://iiif.library.ucla.edu/iiif/2/ark%3A%2F21198%2Fz1wm43qb,1935-03-06 (año 01 | num. 39)
Masters/othermasters/DEPpalabra/images/ihc_palabra_19350306_006.tif,Page,Page 6,324,6,ark:/21198/z1xd3r0n,ark:/21198/z1w6993h,ark:/21198/z1rv3c3c,succeeded,open,https://iiif.library.ucla.edu/iiif/2/ark%3A%2F21198%2Fz1rv3c3c,1935-03-06 (año 01 | num. 39)
Masters/othermasters/DEPpalabra/images/ihc_palabra_19350306_007.tif,Page,Page 7,325,7,ark:/21198/z1xd3r0n,ark:/21198/z1w6993h,ark:/21198/z1n32m92,succeeded,open,https://iiif.library.ucla.edu/iiif/2/ark%3A%2F21198%2Fz1n32m92,1935-03-06 (año 01 | num. 39)
Masters/othermasters/DEPpalabra/images/ihc_palabra_19350306_008.tif,Page,Page 8,326,8,ark:/21198/z1xd3r0n,ark:/21198/z1w6993h,ark:/21198/z1hb1vkb,succeeded,open,https://iiif.library.ucla.edu/iiif/2/ark%3A%2F21198%2Fz1hb1vkb,1935-03-06 (año 01 | num. 39)
Masters/othermasters/DEPpalabra/images/ihc_palabra_19350307_001.tif,Page,Page 1,327,1,ark:/21198/z1xd3r0n,ark:/21198/z1rj77rn,ark:/21198/z1ck13s3,succeeded,open,https://iiif.library.ucla.edu/iiif/2/ark%3A%2F21198%2Fz1ck13s3,1935-03-07 (año 01 | num. 40)
Masters/othermasters/DEPpalabra/images/ihc_palabra_19350307_002.tif,Page,Page 2,328,2,ark:/21198/z1xd3r0n,ark:/21198/z1rj77rn,ark:/21198/z17t0c1b,succeeded,open,https://iiif.library.ucla.edu/iiif/2/ark%3A%2F21198%2Fz17t0c1b,1935-03-07 (año 01 | num. 40)
Masters/othermasters/DEPpalabra/images/ihc_palabra_19350307_003.tif,Page,Page 3,329,3,ark:/21198/z1xd3r0n,ark:/21198/z1rj77rn,ark:/21198/z1419mdq,succeeded,open,https://iiif.library.ucla.edu/iiif/2/ark%3A%2F21198%2Fz1419mdq,1935-03-07 (año 01 | num. 40)
Masters/othermasters/DEPpalabra/images/ihc_palabra_19350307_004.tif,Page,Page 4,330,4,ark:/21198/z1xd3r0n,ark:/21198/z1rj77rn,ark:/21198/z10c7k3q,succeeded,open,https://iiif.library.ucla.edu/iiif/2/ark%3A%2F21198%2Fz10c7k3q,1935-03-07 (año 01 | num. 40)
Masters/othermasters/DEPpalabra/images/ihc_palabra_19350307_005.tif,Page,Page 5,331,5,ark:/21198/z1xd3r0n,ark:/21198/z1rj77rn,ark:/21198/z1vm72nv,succeeded,open,https://iiif.library.ucla.edu/iiif/2/ark%3A%2F21198%2Fz1vm72nv,1935-03-07 (año 01 | num. 40)
Masters/othermasters/DEPpalabra/images/ihc_palabra_19350307_006.tif,Page,Page 6,332,6,ark:/21198/z1xd3r0n,ark:/21198/z1rj77rn,ark:/21198/z1qv69x4,succeeded,open,https://iiif.library.ucla.edu/iiif/2/ark%3A%2F21198%2Fz1qv69x4,1935-03-07 (año 01 | num. 40)
Masters/othermasters/DEPpalabra/images/ihc_palabra_19350307_007.tif,Page,Page 7,333,7,ark:/21198/z1xd3r0n,ark:/21198/z1rj77rn,ark:/21198/z1m35k47,succeeded,open,https://iiif.library.ucla.edu/iiif/2/ark%3A%2F21198%2Fz1m35k47,1935-03-07 (año 01 | num. 40)
Masters/othermasters/DEPpalabra/images/ihc_palabra_19350307_008.tif,Page,Page 8,334,8,ark:/21198/z1xd3r0n,ark:/21198/z1rj77rn,ark:/21198/z1gb4tdh,succeeded,open,https://iiif.library.ucla.edu/iiif/2/ark%3A%2F21198%2Fz1gb4tdh,1935-03-07 (año 01 | num. 40)
